"size_code","width_mm","aspect_ratio_pct","rim_in","unloaded_diameter_mm","unloaded_radius_mm","unloaded_circumference_mm","dynamic_factor","expected_rolling_radius_mm","expected_effective_circumference_mm","source","notes"
"125/75R10","125","75","10","441.5","220.75","1387.013","0.97","214.128","1345.403","geometric_estimate","Nominal geometry estimate with explicit dynamic factor; not measured or certified tire data."
"125/75R12","125","75","12","492.3","246.15","1546.606","0.97","238.766","1500.208","geometric_estimate","Nominal geometry estimate with explicit dynamic factor; not measured or certified tire data."
"125/75R13","125","75","13","517.7","258.85","1626.403","0.97","251.085","1577.61","geometric_estimate","Nominal geometry estimate with explicit dynamic factor; not measured or certified tire data."
"125/75R14","125","75","14","543.1","271.55","1706.199","0.97","263.404","1655.013","geometric_estimate","Nominal geometry estimate with explicit dynamic factor; not measured or certified tire data."
"125/75R15","125","75","15","568.5","284.25","1785.995","0.97","275.723","1732.416","geometric_estimate","Nominal geometry estimate with explicit dynamic factor; not measured or certified tire data."
"125/75R16","125","75","16","593.9","296.95","1865.792","0.97","288.042","1809.818","geometric_estimate","Nominal geometry estimate with explicit dynamic factor; not measured or certified tire data."
"125/80R10","125","80","10","454","227","1426.283","0.97","220.19","1383.495","geometric_estimate","Nominal geometry estimate with explicit dynamic factor; not measured or certified tire data."
"125/80R12","125","80","12","504.8","252.4","1585.876","0.97","244.828","1538.3","geometric_estimate","Nominal geometry estimate with explicit dynamic factor; not measured or certified tire data."
"125/80R13","125","80","13","530.2","265.1","1665.672","0.97","257.147","1615.702","geometric_estimate","Nominal geometry estimate with explicit dynamic factor; not measured or certified tire data."
"125/80R14","125","80","14","555.6","277.8","1745.469","0.97","269.466","1693.105","geometric_estimate","Nominal geometry estimate with explicit dynamic factor; not measured or certified tire data."
"125/80R15","125","80","15","581","290.5","1825.265","0.97","281.785","1770.507","geometric_estimate","Nominal geometry estimate with explicit dynamic factor; not measured or certified tire data."
"125/80R16","125","80","16","606.4","303.2","1905.062","0.97","294.104","1847.91","geometric_estimate","Nominal geometry estimate with explicit dynamic factor; not measured or certified tire data."
"135/65R12","135","65","12","480.3","240.15","1508.907","0.97","232.946","1463.64","geometric_estimate","Nominal geometry estimate with explicit dynamic factor; not measured or certified tire data."
"135/65R13","135","65","13","505.7","252.85","1588.703","0.97","245.265","1541.042","geometric_estimate","Nominal geometry estimate with explicit dynamic factor; not measured or certified tire data."
"135/65R14","135","65","14","531.1","265.55","1668.5","0.97","257.584","1618.445","geometric_estimate","Nominal geometry estimate with explicit dynamic factor; not measured or certified tire data."
"135/65R15","135","65","15","556.5","278.25","1748.296","0.97","269.903","1695.847","geometric_estimate","Nominal geometry estimate with explicit dynamic factor; not measured or certified tire data."
"135/65R16","135","65","16","581.9","290.95","1828.093","0.97","282.222","1773.25","geometric_estimate","Nominal geometry estimate with explicit dynamic factor; not measured or certified tire data."
"135/65R17","135","65","17","607.3","303.65","1907.889","0.97","294.541","1850.653","geometric_estimate","Nominal geometry estimate with explicit dynamic factor; not measured or certified tire data."
"135/70R10","135","70","10","443","221.5","1391.726","0.97","214.855","1349.974","geometric_estimate","Nominal geometry estimate with explicit dynamic factor; not measured or certified tire data."
"135/70R12","135","70","12","493.8","246.9","1551.318","0.97","239.493","1504.779","geometric_estimate","Nominal geometry estimate with explicit dynamic factor; not measured or certified tire data."
"135/70R13","135","70","13","519.2","259.6","1631.115","0.97","251.812","1582.181","geometric_estimate","Nominal geometry estimate with explicit dynamic factor; not measured or certified tire data."
"135/70R14","135","70","14","544.6","272.3","1710.911","0.97","264.131","1659.584","geometric_estimate","Nominal geometry estimate with explicit dynamic factor; not measured or certified tire data."
"135/70R15","135","70","15","570","285","1790.708","0.97","276.45","1736.987","geometric_estimate","Nominal geometry estimate with explicit dynamic factor; not measured or certified tire data."
"135/70R16","135","70","16","595.4","297.7","1870.504","0.97","288.769","1814.389","geometric_estimate","Nominal geometry estimate with explicit dynamic factor; not measured or certified tire data."
"135/75R10","135","75","10","456.5","228.25","1434.137","0.97","221.403","1391.113","geometric_estimate","Nominal geometry estimate with explicit dynamic factor; not measured or certified tire data."
"135/75R12","135","75","12","507.3","253.65","1593.73","0.97","246.041","1545.918","geometric_estimate","Nominal geometry estimate with explicit dynamic factor; not measured or certified tire data."
"135/75R13","135","75","13","532.7","266.35","1673.526","0.97","258.36","1623.321","geometric_estimate","Nominal geometry estimate with explicit dynamic factor; not measured or certified tire data."
"135/75R14","135","75","14","558.1","279.05","1753.323","0.97","270.679","1700.723","geometric_estimate","Nominal geometry estimate with explicit dynamic factor; not measured or certified tire data."
"135/75R15","135","75","15","583.5","291.75","1833.119","0.97","282.998","1778.126","geometric_estimate","Nominal geometry estimate with explicit dynamic factor; not measured or certified tire data."
"135/75R16","135","75","16","608.9","304.45","1912.916","0.97","295.317","1855.528","geometric_estimate","Nominal geometry estimate with explicit dynamic factor; not measured or certified tire data."
"135/80R10","135","80","10","470","235","1476.549","0.97","227.95","1432.252","geometric_estimate","Nominal geometry estimate with explicit dynamic factor; not measured or certified tire data."
"135/80R12","135","80","12","520.8","260.4","1636.141","0.97","252.588","1587.057","geometric_estimate","Nominal geometry estimate with explicit dynamic factor; not measured or certified tire data."
"135/80R13","135","80","13","546.2","273.1","1715.938","0.97","264.907","1664.46","geometric_estimate","Nominal geometry estimate with explicit dynamic factor; not measured or certified tire data."
"135/80R14","135","80","14","571.6","285.8","1795.734","0.97","277.226","1741.862","geometric_estimate","Nominal geometry estimate with explicit dynamic factor; not measured or certified tire data."
"135/80R15","135","80","15","597","298.5","1875.531","0.97","289.545","1819.265","geometric_estimate","Nominal geometry estimate with explicit dynamic factor; not measured or certified tire data."
"135/80R16","135","80","16","622.4","311.2","1955.327","0.97","301.864","1896.667","geometric_estimate","Nominal geometry estimate with explicit dynamic factor; not measured or certified tire data."
"145/65R12","145","65","12","493.3","246.65","1549.748","0.97","239.251","1503.255","geometric_estimate","Nominal geometry estimate with explicit dynamic factor; not measured or certified tire data."
"145/65R13","145","65","13","518.7","259.35","1629.544","0.97","251.57","1580.658","geometric_estimate","Nominal geometry estimate with explicit dynamic factor; not measured or certified tire data."
"145/65R14","145","65","14","544.1","272.05","1709.341","0.97","263.889","1658.06","geometric_estimate","Nominal geometry estimate with explicit dynamic factor; not measured or certified tire data."
"145/65R15","145","65","15","569.5","284.75","1789.137","0.97","276.208","1735.463","geometric_estimate","Nominal geometry estimate with explicit dynamic factor; not measured or certified tire data."
"145/65R16","145","65","16","594.9","297.45","1868.933","0.97","288.527","1812.865","geometric_estimate","Nominal geometry estimate with explicit dynamic factor; not measured or certified tire data."
"145/65R17","145","65","17","620.3","310.15","1948.73","0.97","300.846","1890.268","geometric_estimate","Nominal geometry estimate with explicit dynamic factor; not measured or certified tire data."
"145/70R10","145","70","10","457","228.5","1435.708","0.97","221.645","1392.637","geometric_estimate","Nominal geometry estimate with explicit dynamic factor; not measured or certified tire data."
"145/70R12","145","70","12","507.8","253.9","1595.301","0.97","246.283","1547.442","geometric_estimate","Nominal geometry estimate with explicit dynamic factor; not measured or certified tire data."
"145/70R13","145","70","13","533.2","266.6","1675.097","0.97","258.602","1624.844","geometric_estimate","Nominal geometry estimate with explicit dynamic factor; not measured or certified tire data."
"145/70R14","145","70","14","558.6","279.3","1754.894","0.97","270.921","1702.247","geometric_estimate","Nominal geometry estimate with explicit dynamic factor; not measured or certified tire data."
"145/70R15","145","70","15","584","292","1834.69","0.97","283.24","1779.649","geometric_estimate","Nominal geometry estimate with explicit dynamic factor; not measured or certified tire data."
"145/70R16","145","70","16","609.4","304.7","1914.487","0.97","295.559","1857.052","geometric_estimate","Nominal geometry estimate with explicit dynamic factor; not measured or certified tire data."
"145/75R10","145","75","10","471.5","235.75","1481.261","0.97","228.678","1436.823","geometric_estimate","Nominal geometry estimate with explicit dynamic factor; not measured or certified tire data."
"145/75R12","145","75","12","522.3","261.15","1640.854","0.97","253.316","1591.628","geometric_estimate","Nominal geometry estimate with explicit dynamic factor; not measured or certified tire data."
"145/75R13","145","75","13","547.7","273.85","1720.65","0.97","265.635","1669.031","geometric_estimate","Nominal geometry estimate with explicit dynamic factor; not measured or certified tire data."
"145/75R14","145","75","14","573.1","286.55","1800.447","0.97","277.954","1746.433","geometric_estimate","Nominal geometry estimate with explicit dynamic factor; not measured or certified tire data."
"145/75R15","145","75","15","598.5","299.25","1880.243","0.97","290.273","1823.836","geometric_estimate","Nominal geometry estimate with explicit dynamic factor; not measured or certified tire data."
"145/75R16","145","75","16","623.9","311.95","1960.04","0.97","302.592","1901.238","geometric_estimate","Nominal geometry estimate with explicit dynamic factor; not measured or certified tire data."
"145/80R10","145","80","10","486","243","1526.814","0.97","235.71","1481.01","geometric_estimate","Nominal geometry estimate with explicit dynamic factor; not measured or certified tire data."
"145/80R12","145","80","12","536.8","268.4","1686.407","0.97","260.348","1635.815","geometric_estimate","Nominal geometry estimate with explicit dynamic factor; not measured or certified tire data."
"145/80R13","145","80","13","562.2","281.1","1766.203","0.97","272.667","1713.217","geometric_estimate","Nominal geometry estimate with explicit dynamic factor; not measured or certified tire data."
"145/80R14","145","80","14","587.6","293.8","1846","0.97","284.986","1790.62","geometric_estimate","Nominal geometry estimate with explicit dynamic factor; not measured or certified tire data."
"145/80R15","145","80","15","613","306.5","1925.796","0.97","297.305","1868.022","geometric_estimate","Nominal geometry estimate with explicit dynamic factor; not measured or certified tire data."
"145/80R16","145","80","16","638.4","319.2","2005.593","0.97","309.624","1945.425","geometric_estimate","Nominal geometry estimate with explicit dynamic factor; not measured or certified tire data."
"155/60R12","155","60","12","490.8","245.4","1541.894","0.97","238.038","1495.637","geometric_estimate","Nominal geometry estimate with explicit dynamic factor; not measured or certified tire data."
"155/60R13","155","60","13","516.2","258.1","1621.69","0.97","250.357","1573.039","geometric_estimate","Nominal geometry estimate with explicit dynamic factor; not measured or certified tire data."
"155/60R14","155","60","14","541.6","270.8","1701.487","0.97","262.676","1650.442","geometric_estimate","Nominal geometry estimate with explicit dynamic factor; not measured or certified tire data."
"155/60R15","155","60","15","567","283.5","1781.283","0.97","274.995","1727.845","geometric_estimate","Nominal geometry estimate with explicit dynamic factor; not measured or certified tire data."
"155/60R16","155","60","16","592.4","296.2","1861.079","0.97","287.314","1805.247","geometric_estimate","Nominal geometry estimate with explicit dynamic factor; not measured or certified tire data."
"155/60R17","155","60","17","617.8","308.9","1940.876","0.97","299.633","1882.65","geometric_estimate","Nominal geometry estimate with explicit dynamic factor; not measured or certified tire data."
"155/65R12","155","65","12","506.3","253.15","1590.588","0.97","245.556","1542.871","geometric_estimate","Nominal geometry estimate with explicit dynamic factor; not measured or certified tire data."
"155/65R13","155","65","13","531.7","265.85","1670.385","0.97","257.875","1620.273","geometric_estimate","Nominal geometry estimate with explicit dynamic factor; not measured or certified tire data."
"155/65R14","155","65","14","557.1","278.55","1750.181","0.97","270.194","1697.676","geometric_estimate","Nominal geometry estimate with explicit dynamic factor; not measured or certified tire data."
"155/65R15","155","65","15","582.5","291.25","1829.978","0.97","282.513","1775.078","geometric_estimate","Nominal geometry estimate with explicit dynamic factor; not measured or certified tire data."
"155/65R16","155","65","16","607.9","303.95","1909.774","0.97","294.832","1852.481","geometric_estimate","Nominal geometry estimate with explicit dynamic factor; not measured or certified tire data."
"155/65R17","155","65","17","633.3","316.65","1989.571","0.97","307.151","1929.884","geometric_estimate","Nominal geometry estimate with explicit dynamic factor; not measured or certified tire data."
"155/70R10","155","70","10","471","235.5","1479.69","0.97","228.435","1435.299","geometric_estimate","Nominal geometry estimate with explicit dynamic factor; not measured or certified tire data."
"155/70R12","155","70","12","521.8","260.9","1639.283","0.97","253.073","1590.105","geometric_estimate","Nominal geometry estimate with explicit dynamic factor; not measured or certified tire data."
"155/70R13","155","70","13","547.2","273.6","1719.08","0.97","265.392","1667.507","geometric_estimate","Nominal geometry estimate with explicit dynamic factor; not measured or certified tire data."
"155/70R14","155","70","14","572.6","286.3","1798.876","0.97","277.711","1744.91","geometric_estimate","Nominal geometry estimate with explicit dynamic factor; not measured or certified tire data."
"155/70R15","155","70","15","598","299","1878.672","0.97","290.03","1822.312","geometric_estimate","Nominal geometry estimate with explicit dynamic factor; not measured or certified tire data."
"155/70R16","155","70","16","623.4","311.7","1958.469","0.97","302.349","1899.715","geometric_estimate","Nominal geometry estimate with explicit dynamic factor; not measured or certified tire data."
"155/75R10","155","75","10","486.5","243.25","1528.385","0.97","235.953","1482.533","geometric_estimate","Nominal geometry estimate with explicit dynamic factor; not measured or certified tire data."
"155/75R12","155","75","12","537.3","268.65","1687.978","0.97","260.591","1637.338","geometric_estimate","Nominal geometry estimate with explicit dynamic factor; not measured or certified tire data."
"155/75R13","155","75","13","562.7","281.35","1767.774","0.97","272.91","1714.741","geometric_estimate","Nominal geometry estimate with explicit dynamic factor; not measured or certified tire data."
"155/75R14","155","75","14","588.1","294.05","1847.571","0.97","285.229","1792.144","geometric_estimate","Nominal geometry estimate with explicit dynamic factor; not measured or certified tire data."
"155/75R15","155","75","15","613.5","306.75","1927.367","0.97","297.548","1869.546","geometric_estimate","Nominal geometry estimate with explicit dynamic factor; not measured or certified tire data."
"155/75R16","155","75","16","638.9","319.45","2007.164","0.97","309.867","1946.949","geometric_estimate","Nominal geometry estimate with explicit dynamic factor; not measured or certified tire data."
"155/80R10","155","80","10","502","251","1577.08","0.97","243.47","1529.767","geometric_estimate","Nominal geometry estimate with explicit dynamic factor; not measured or certified tire data."
"155/80R12","155","80","12","552.8","276.4","1736.672","0.97","268.108","1684.572","geometric_estimate","Nominal geometry estimate with explicit dynamic factor; not measured or certified tire data."
"155/80R13","155","80","13","578.2","289.1","1816.469","0.97","280.427","1761.975","geometric_estimate","Nominal geometry estimate with explicit dynamic factor; not measured or certified tire data."
"155/80R14","155","80","14","603.6","301.8","1896.265","0.97","292.746","1839.377","geometric_estimate","Nominal geometry estimate with explicit dynamic factor; not measured or certified tire data."
"155/80R15","155","80","15","629","314.5","1976.062","0.97","305.065","1916.78","geometric_estimate","Nominal geometry estimate with explicit dynamic factor; not measured or certified tire data."
"155/80R16","155","80","16","654.4","327.2","2055.858","0.97","317.384","1994.182","geometric_estimate","Nominal geometry estimate with explicit dynamic factor; not measured or certified tire data."
"165/55R14","165","55","14","537.1","268.55","1687.349","0.97","260.494","1636.729","geometric_estimate","Nominal geometry estimate with explicit dynamic factor; not measured or certified tire data."
"165/55R15","165","55","15","562.5","281.25","1767.146","0.97","272.813","1714.131","geometric_estimate","Nominal geometry estimate with explicit dynamic factor; not measured or certified tire data."
"165/55R16","165","55","16","587.9","293.95","1846.942","0.97","285.132","1791.534","geometric_estimate","Nominal geometry estimate with explicit dynamic factor; not measured or certified tire data."
"165/55R17","165","55","17","613.3","306.65","1926.739","0.97","297.451","1868.937","geometric_estimate","Nominal geometry estimate with explicit dynamic factor; not measured or certified tire data."
"165/55R18","165","55","18","638.7","319.35","2006.535","0.97","309.77","1946.339","geometric_estimate","Nominal geometry estimate with explicit dynamic factor; not measured or certified tire data."
"165/55R19","165","55","19","664.1","332.05","2086.332","0.97","322.089","2023.742","geometric_estimate","Nominal geometry estimate with explicit dynamic factor; not measured or certified tire data."
"165/60R12","165","60","12","502.8","251.4","1579.593","0.97","243.858","1532.205","geometric_estimate","Nominal geometry estimate with explicit dynamic factor; not measured or certified tire data."
"165/60R13","165","60","13","528.2","264.1","1659.389","0.97","256.177","1609.608","geometric_estimate","Nominal geometry estimate with explicit dynamic factor; not measured or certified tire data."
"165/60R14","165","60","14","553.6","276.8","1739.186","0.97","268.496","1687.01","geometric_estimate","Nominal geometry estimate with explicit dynamic factor; not measured or certified tire data."
"165/60R15","165","60","15","579","289.5","1818.982","0.97","280.815","1764.413","geometric_estimate","Nominal geometry estimate with explicit dynamic factor; not measured or certified tire data."
"165/60R16","165","60","16","604.4","302.2","1898.779","0.97","293.134","1841.815","geometric_estimate","Nominal geometry estimate with explicit dynamic factor; not measured or certified tire data."
"165/60R17","165","60","17","629.8","314.9","1978.575","0.97","305.453","1919.218","geometric_estimate","Nominal geometry estimate with explicit dynamic factor; not measured or certified tire data."
"165/65R12","165","65","12","519.3","259.65","1631.429","0.97","251.861","1582.486","geometric_estimate","Nominal geometry estimate with explicit dynamic factor; not measured or certified tire data."
"165/65R13","165","65","13","544.7","272.35","1711.226","0.97","264.18","1659.889","geometric_estimate","Nominal geometry estimate with explicit dynamic factor; not measured or certified tire data."
"165/65R14","165","65","14","570.1","285.05","1791.022","0.97","276.499","1737.291","geometric_estimate","Nominal geometry estimate with explicit dynamic factor; not measured or certified tire data."
"165/65R15","165","65","15","595.5","297.75","1870.818","0.97","288.818","1814.694","geometric_estimate","Nominal geometry estimate with explicit dynamic factor; not measured or certified tire data."
"165/65R16","165","65","16","620.9","310.45","1950.615","0.97","301.137","1892.096","geometric_estimate","Nominal geometry estimate with explicit dynamic factor; not measured or certified tire data."
"165/65R17","165","65","17","646.3","323.15","2030.411","0.97","313.456","1969.499","geometric_estimate","Nominal geometry estimate with explicit dynamic factor; not measured or certified tire data."
"165/70R10","165","70","10","485","242.5","1523.672","0.97","235.225","1477.962","geometric_estimate","Nominal geometry estimate with explicit dynamic factor; not measured or certified tire data."
"165/70R12","165","70","12","535.8","267.9","1683.265","0.97","259.863","1632.767","geometric_estimate","Nominal geometry estimate with explicit dynamic factor; not measured or certified tire data."
"165/70R13","165","70","13","561.2","280.6","1763.062","0.97","272.182","1710.17","geometric_estimate","Nominal geometry estimate with explicit dynamic factor; not measured or certified tire data."
"165/70R14","165","70","14","586.6","293.3","1842.858","0.97","284.501","1787.573","geometric_estimate","Nominal geometry estimate with explicit dynamic factor; not measured or certified tire data."
"165/70R15","165","70","15","612","306","1922.655","0.97","296.82","1864.975","geometric_estimate","Nominal geometry estimate with explicit dynamic factor; not measured or certified tire data."
"165/70R16","165","70","16","637.4","318.7","2002.451","0.97","309.139","1942.378","geometric_estimate","Nominal geometry estimate with explicit dynamic factor; not measured or certified tire data."
"165/75R10","165","75","10","501.5","250.75","1575.509","0.97","243.228","1528.243","geometric_estimate","Nominal geometry estimate with explicit dynamic factor; not measured or certified tire data."
"165/75R12","165","75","12","552.3","276.15","1735.102","0.97","267.866","1683.049","geometric_estimate","Nominal geometry estimate with explicit dynamic factor; not measured or certified tire data."
"165/75R13","165","75","13","577.7","288.85","1814.898","0.97","280.185","1760.451","geometric_estimate","Nominal geometry estimate with explicit dynamic factor; not measured or certified tire data."
"165/75R14","165","75","14","603.1","301.55","1894.695","0.97","292.504","1837.854","geometric_estimate","Nominal geometry estimate with explicit dynamic factor; not measured or certified tire data."
"165/75R15","165","75","15","628.5","314.25","1974.491","0.97","304.823","1915.256","geometric_estimate","Nominal geometry estimate with explicit dynamic factor; not measured or certified tire data."
"165/75R16","165","75","16","653.9","326.95","2054.287","0.97","317.142","1992.659","geometric_estimate","Nominal geometry estimate with explicit dynamic factor; not measured or certified tire data."
"165/80R10","165","80","10","518","259","1627.345","0.97","251.23","1578.525","geometric_estimate","Nominal geometry estimate with explicit dynamic factor; not measured or certified tire data."
"165/80R12","165","80","12","568.8","284.4","1786.938","0.97","275.868","1733.33","geometric_estimate","Nominal geometry estimate with explicit dynamic factor; not measured or certified tire data."
"165/80R13","165","80","13","594.2","297.1","1866.734","0.97","288.187","1810.732","geometric_estimate","Nominal geometry estimate with explicit dynamic factor; not measured or certified tire data."
"165/80R14","165","80","14","619.6","309.8","1946.531","0.97","300.506","1888.135","geometric_estimate","Nominal geometry estimate with explicit dynamic factor; not measured or certified tire data."
"165/80R15","165","80","15","645","322.5","2026.327","0.97","312.825","1965.537","geometric_estimate","Nominal geometry estimate with explicit dynamic factor; not measured or certified tire data."
"165/80R16","165","80","16","670.4","335.2","2106.124","0.97","325.144","2042.94","geometric_estimate","Nominal geometry estimate with explicit dynamic factor; not measured or certified tire data."
"175/50R13","175","50","13","505.2","252.6","1587.133","0.97","245.022","1539.519","geometric_estimate","Nominal geometry estimate with explicit dynamic factor; not measured or certified tire data."
"175/50R14","175","50","14","530.6","265.3","1666.929","0.97","257.341","1616.921","geometric_estimate","Nominal geometry estimate with explicit dynamic factor; not measured or certified tire data."
"175/50R15","175","50","15","556","278","1746.726","0.97","269.66","1694.324","geometric_estimate","Nominal geometry estimate with explicit dynamic factor; not measured or certified tire data."
"175/50R16","175","50","16","581.4","290.7","1826.522","0.97","281.979","1771.726","geometric_estimate","Nominal geometry estimate with explicit dynamic factor; not measured or certified tire data."
"175/50R17","175","50","17","606.8","303.4","1906.318","0.97","294.298","1849.129","geometric_estimate","Nominal geometry estimate with explicit dynamic factor; not measured or certified tire data."
"175/50R18","175","50","18","632.2","316.1","1986.115","0.97","306.617","1926.531","geometric_estimate","Nominal geometry estimate with explicit dynamic factor; not measured or certified tire data."
"175/55R14","175","55","14","548.1","274.05","1721.907","0.97","265.829","1670.25","geometric_estimate","Nominal geometry estimate with explicit dynamic factor; not measured or certified tire data."
"175/55R15","175","55","15","573.5","286.75","1801.703","0.97","278.148","1747.652","geometric_estimate","Nominal geometry estimate with explicit dynamic factor; not measured or certified tire data."
"175/55R16","175","55","16","598.9","299.45","1881.5","0.97","290.467","1825.055","geometric_estimate","Nominal geometry estimate with explicit dynamic factor; not measured or certified tire data."
"175/55R17","175","55","17","624.3","312.15","1961.296","0.97","302.786","1902.457","geometric_estimate","Nominal geometry estimate with explicit dynamic factor; not measured or certified tire data."
"175/55R18","175","55","18","649.7","324.85","2041.093","0.97","315.105","1979.86","geometric_estimate","Nominal geometry estimate with explicit dynamic factor; not measured or certified tire data."
"175/55R19","175","55","19","675.1","337.55","2120.889","0.97","327.424","2057.263","geometric_estimate","Nominal geometry estimate with explicit dynamic factor; not measured or certified tire data."
"175/60R12","175","60","12","514.8","257.4","1617.292","0.97","249.678","1568.773","geometric_estimate","Nominal geometry estimate with explicit dynamic factor; not measured or certified tire data."
"175/60R13","175","60","13","540.2","270.1","1697.088","0.97","261.997","1646.176","geometric_estimate","Nominal geometry estimate with explicit dynamic factor; not measured or certified tire data."
"175/60R14","175","60","14","565.6","282.8","1776.885","0.97","274.316","1723.578","geometric_estimate","Nominal geometry estimate with explicit dynamic factor; not measured or certified tire data."
"175/60R15","175","60","15","591","295.5","1856.681","0.97","286.635","1800.981","geometric_estimate","Nominal geometry estimate with explicit dynamic factor; not measured or certified tire data."
"175/60R16","175","60","16","616.4","308.2","1936.478","0.97","298.954","1878.383","geometric_estimate","Nominal geometry estimate with explicit dynamic factor; not measured or certified tire data."
"175/60R17","175","60","17","641.8","320.9","2016.274","0.97","311.273","1955.786","geometric_estimate","Nominal geometry estimate with explicit dynamic factor; not measured or certified tire data."
"175/65R12","175","65","12","532.3","266.15","1672.27","0.97","258.166","1622.102","geometric_estimate","Nominal geometry estimate with explicit dynamic factor; not measured or certified tire data."
"175/65R13","175","65","13","557.7","278.85","1752.066","0.97","270.485","1699.504","geometric_estimate","Nominal geometry estimate with explicit dynamic factor; not measured or certified tire data."
"175/65R14","175","65","14","583.1","291.55","1831.863","0.97","282.804","1776.907","geometric_estimate","Nominal geometry estimate with explicit dynamic factor; not measured or certified tire data."
"175/65R15","175","65","15","608.5","304.25","1911.659","0.97","295.123","1854.309","geometric_estimate","Nominal geometry estimate with explicit dynamic factor; not measured or certified tire data."
"175/65R16","175","65","16","633.9","316.95","1991.456","0.97","307.442","1931.712","geometric_estimate","Nominal geometry estimate with explicit dynamic factor; not measured or certified tire data."
"175/65R17","175","65","17","659.3","329.65","2071.252","0.97","319.761","2009.114","geometric_estimate","Nominal geometry estimate with explicit dynamic factor; not measured or certified tire data."
"175/70R10","175","70","10","499","249.5","1567.655","0.97","242.015","1520.625","geometric_estimate","Nominal geometry estimate with explicit dynamic factor; not measured or certified tire data."
"175/70R12","175","70","12","549.8","274.9","1727.248","0.97","266.653","1675.43","geometric_estimate","Nominal geometry estimate with explicit dynamic factor; not measured or certified tire data."
"175/70R13","175","70","13","575.2","287.6","1807.044","0.97","278.972","1752.833","geometric_estimate","Nominal geometry estimate with explicit dynamic factor; not measured or certified tire data."
"175/70R14","175","70","14","600.6","300.3","1886.841","0.97","291.291","1830.235","geometric_estimate","Nominal geometry estimate with explicit dynamic factor; not measured or certified tire data."
"175/70R15","175","70","15","626","313","1966.637","0.97","303.61","1907.638","geometric_estimate","Nominal geometry estimate with explicit dynamic factor; not measured or certified tire data."
"175/70R16","175","70","16","651.4","325.7","2046.433","0.97","315.929","1985.04","geometric_estimate","Nominal geometry estimate with explicit dynamic factor; not measured or certified tire data."
"175/75R10","175","75","10","516.5","258.25","1622.633","0.97","250.503","1573.954","geometric_estimate","Nominal geometry estimate with explicit dynamic factor; not measured or certified tire data."
"175/75R12","175","75","12","567.3","283.65","1782.226","0.97","275.141","1728.759","geometric_estimate","Nominal geometry estimate with explicit dynamic factor; not measured or certified tire data."
"175/75R13","175","75","13","592.7","296.35","1862.022","0.97","287.46","1806.161","geometric_estimate","Nominal geometry estimate with explicit dynamic factor; not measured or certified tire data."
"175/75R14","175","75","14","618.1","309.05","1941.818","0.97","299.779","1883.564","geometric_estimate","Nominal geometry estimate with explicit dynamic factor; not measured or certified tire data."
"175/75R15","175","75","15","643.5","321.75","2021.615","0.97","312.098","1960.966","geometric_estimate","Nominal geometry estimate with explicit dynamic factor; not measured or certified tire data."
"175/75R16","175","75","16","668.9","334.45","2101.411","0.97","324.417","2038.369","geometric_estimate","Nominal geometry estimate with explicit dynamic factor; not measured or certified tire data."
"175/80R10","175","80","10","534","267","1677.61","0.97","258.99","1627.282","geometric_estimate","Nominal geometry estimate with explicit dynamic factor; not measured or certified tire data."
"175/80R12","175","80","12","584.8","292.4","1837.203","0.97","283.628","1782.087","geometric_estimate","Nominal geometry estimate with explicit dynamic factor; not measured or certified tire data."
"175/80R13","175","80","13","610.2","305.1","1917","0.97","295.947","1859.49","geometric_estimate","Nominal geometry estimate with explicit dynamic factor; not measured or certified tire data."
"175/80R14","175","80","14","635.6","317.8","1996.796","0.97","308.266","1936.892","geometric_estimate","Nominal geometry estimate with explicit dynamic factor; not measured or certified tire data."
"175/80R15","175","80","15","661","330.5","2076.593","0.97","320.585","2014.295","geometric_estimate","Nominal geometry estimate with explicit dynamic factor; not measured or certified tire data."
"175/80R16","175","80","16","686.4","343.2","2156.389","0.97","332.904","2091.698","geometric_estimate","Nominal geometry estimate with explicit dynamic factor; not measured or certified tire data."
"185/50R13","185","50","13","515.2","257.6","1618.549","0.97","249.872","1569.992","geometric_estimate","Nominal geometry estimate with explicit dynamic factor; not measured or certified tire data."
"185/50R14","185","50","14","540.6","270.3","1698.345","0.97","262.191","1647.395","geometric_estimate","Nominal geometry estimate with explicit dynamic factor; not measured or certified tire data."
"185/50R15","185","50","15","566","283","1778.141","0.97","274.51","1724.797","geometric_estimate","Nominal geometry estimate with explicit dynamic factor; not measured or certified tire data."
"185/50R16","185","50","16","591.4","295.7","1857.938","0.97","286.829","1802.2","geometric_estimate","Nominal geometry estimate with explicit dynamic factor; not measured or certified tire data."
"185/50R17","185","50","17","616.8","308.4","1937.734","0.97","299.148","1879.602","geometric_estimate","Nominal geometry estimate with explicit dynamic factor; not measured or certified tire data."
"185/50R18","185","50","18","642.2","321.1","2017.531","0.97","311.467","1957.005","geometric_estimate","Nominal geometry estimate with explicit dynamic factor; not measured or certified tire data."
"185/55R14","185","55","14","559.1","279.55","1756.464","0.97","271.164","1703.771","geometric_estimate","Nominal geometry estimate with explicit dynamic factor; not measured or certified tire data."
"185/55R15","185","55","15","584.5","292.25","1836.261","0.97","283.483","1781.173","geometric_estimate","Nominal geometry estimate with explicit dynamic factor; not measured or certified tire data."
"185/55R16","185","55","16","609.9","304.95","1916.057","0.97","295.802","1858.576","geometric_estimate","Nominal geometry estimate with explicit dynamic factor; not measured or certified tire data."
"185/55R17","185","55","17","635.3","317.65","1995.854","0.97","308.121","1935.978","geometric_estimate","Nominal geometry estimate with explicit dynamic factor; not measured or certified tire data."
"185/55R18","185","55","18","660.7","330.35","2075.65","0.97","320.44","2013.381","geometric_estimate","Nominal geometry estimate with explicit dynamic factor; not measured or certified tire data."
"185/55R19","185","55","19","686.1","343.05","2155.447","0.97","332.759","2090.783","geometric_estimate","Nominal geometry estimate with explicit dynamic factor; not measured or certified tire data."
"185/60R12","185","60","12","526.8","263.4","1654.991","0.97","255.498","1605.341","geometric_estimate","Nominal geometry estimate with explicit dynamic factor; not measured or certified tire data."
"185/60R13","185","60","13","552.2","276.1","1734.787","0.97","267.817","1682.744","geometric_estimate","Nominal geometry estimate with explicit dynamic factor; not measured or certified tire data."
"185/60R14","185","60","14","577.6","288.8","1814.584","0.97","280.136","1760.146","geometric_estimate","Nominal geometry estimate with explicit dynamic factor; not measured or certified tire data."
"185/60R15","185","60","15","603","301.5","1894.38","0.97","292.455","1837.549","geometric_estimate","Nominal geometry estimate with explicit dynamic factor; not measured or certified tire data."
"185/60R16","185","60","16","628.4","314.2","1974.177","0.97","304.774","1914.952","geometric_estimate","Nominal geometry estimate with explicit dynamic factor; not measured or certified tire data."
"185/60R17","185","60","17","653.8","326.9","2053.973","0.97","317.093","1992.354","geometric_estimate","Nominal geometry estimate with explicit dynamic factor; not measured or certified tire data."
"185/65R12","185","65","12","545.3","272.65","1713.11","0.97","264.471","1661.717","geometric_estimate","Nominal geometry estimate with explicit dynamic factor; not measured or certified tire data."
"185/65R13","185","65","13","570.7","285.35","1792.907","0.97","276.79","1739.12","geometric_estimate","Nominal geometry estimate with explicit dynamic factor; not measured or certified tire data."
"185/65R14","185","65","14","596.1","298.05","1872.703","0.97","289.109","1816.522","geometric_estimate","Nominal geometry estimate with explicit dynamic factor; not measured or certified tire data."
"185/65R15","185","65","15","621.5","310.75","1952.5","0.97","301.428","1893.925","geometric_estimate","Nominal geometry estimate with explicit dynamic factor; not measured or certified tire data."
"185/65R16","185","65","16","646.9","323.45","2032.296","0.97","313.747","1971.327","geometric_estimate","Nominal geometry estimate with explicit dynamic factor; not measured or certified tire data."
"185/65R17","185","65","17","672.3","336.15","2112.093","0.97","326.066","2048.73","geometric_estimate","Nominal geometry estimate with explicit dynamic factor; not measured or certified tire data."
"185/70R10","185","70","10","513","256.5","1611.637","0.97","248.805","1563.288","geometric_estimate","Nominal geometry estimate with explicit dynamic factor; not measured or certified tire data."
"185/70R12","185","70","12","563.8","281.9","1771.23","0.97","273.443","1718.093","geometric_estimate","Nominal geometry estimate with explicit dynamic factor; not measured or certified tire data."
"185/70R13","185","70","13","589.2","294.6","1851.026","0.97","285.762","1795.496","geometric_estimate","Nominal geometry estimate with explicit dynamic factor; not measured or certified tire data."
"185/70R14","185","70","14","614.6","307.3","1930.823","0.97","298.081","1872.898","geometric_estimate","Nominal geometry estimate with explicit dynamic factor; not measured or certified tire data."
"185/70R15","185","70","15","640","320","2010.619","0.97","310.4","1950.301","geometric_estimate","Nominal geometry estimate with explicit dynamic factor; not measured or certified tire data."
"185/70R16","185","70","16","665.4","332.7","2090.416","0.97","322.719","2027.703","geometric_estimate","Nominal geometry estimate with explicit dynamic factor; not measured or certified tire data."
"185/75R10","185","75","10","531.5","265.75","1669.756","0.97","257.778","1619.664","geometric_estimate","Nominal geometry estimate with explicit dynamic factor; not measured or certified tire data."
"185/75R12","185","75","12","582.3","291.15","1829.349","0.97","282.416","1774.469","geometric_estimate","Nominal geometry estimate with explicit dynamic factor; not measured or certified tire data."
"185/75R13","185","75","13","607.7","303.85","1909.146","0.97","294.735","1851.871","geometric_estimate","Nominal geometry estimate with explicit dynamic factor; not measured or certified tire data."
"185/75R14","185","75","14","633.1","316.55","1988.942","0.97","307.054","1929.274","geometric_estimate","Nominal geometry estimate with explicit dynamic factor; not measured or certified tire data."
"185/75R15","185","75","15","658.5","329.25","2068.739","0.97","319.373","2006.677","geometric_estimate","Nominal geometry estimate with explicit dynamic factor; not measured or certified tire data."
"185/75R16","185","75","16","683.9","341.95","2148.535","0.97","331.692","2084.079","geometric_estimate","Nominal geometry estimate with explicit dynamic factor; not measured or certified tire data."
"185/80R10","185","80","10","550","275","1727.876","0.97","266.75","1676.04","geometric_estimate","Nominal geometry estimate with explicit dynamic factor; not measured or certified tire data."
"185/80R12","185","80","12","600.8","300.4","1887.469","0.97","291.388","1830.845","geometric_estimate","Nominal geometry estimate with explicit dynamic factor; not measured or certified tire data."
"185/80R13","185","80","13","626.2","313.1","1967.265","0.97","303.707","1908.247","geometric_estimate","Nominal geometry estimate with explicit dynamic factor; not measured or certified tire data."
"185/80R14","185","80","14","651.6","325.8","2047.062","0.97","316.026","1985.65","geometric_estimate","Nominal geometry estimate with explicit dynamic factor; not measured or certified tire data."
"185/80R15","185","80","15","677","338.5","2126.858","0.97","328.345","2063.052","geometric_estimate","Nominal geometry estimate with explicit dynamic factor; not measured or certified tire data."
"185/80R16","185","80","16","702.4","351.2","2206.655","0.97","340.664","2140.455","geometric_estimate","Nominal geometry estimate with explicit dynamic factor; not measured or certified tire data."
"195/45R14","195","45","14","531.1","265.55","1668.5","0.97","257.584","1618.445","geometric_estimate","Nominal geometry estimate with explicit dynamic factor; not measured or certified tire data."
"195/45R15","195","45","15","556.5","278.25","1748.296","0.97","269.903","1695.847","geometric_estimate","Nominal geometry estimate with explicit dynamic factor; not measured or certified tire data."
"195/45R16","195","45","16","581.9","290.95","1828.093","0.97","282.222","1773.25","geometric_estimate","Nominal geometry estimate with explicit dynamic factor; not measured or certified tire data."
"195/45R17","195","45","17","607.3","303.65","1907.889","0.97","294.541","1850.653","geometric_estimate","Nominal geometry estimate with explicit dynamic factor; not measured or certified tire data."
"195/45R18","195","45","18","632.7","316.35","1987.686","0.97","306.86","1928.055","geometric_estimate","Nominal geometry estimate with explicit dynamic factor; not measured or certified tire data."
"195/45R19","195","45","19","658.1","329.05","2067.482","0.97","319.179","2005.458","geometric_estimate","Nominal geometry estimate with explicit dynamic factor; not measured or certified tire data."
"195/50R13","195","50","13","525.2","262.6","1649.964","0.97","254.722","1600.466","geometric_estimate","Nominal geometry estimate with explicit dynamic factor; not measured or certified tire data."
"195/50R14","195","50","14","550.6","275.3","1729.761","0.97","267.041","1677.868","geometric_estimate","Nominal geometry estimate with explicit dynamic factor; not measured or certified tire data."
"195/50R15","195","50","15","576","288","1809.557","0.97","279.36","1755.271","geometric_estimate","Nominal geometry estimate with explicit dynamic factor; not measured or certified tire data."
"195/50R16","195","50","16","601.4","300.7","1889.354","0.97","291.679","1832.673","geometric_estimate","Nominal geometry estimate with explicit dynamic factor; not measured or certified tire data."
"195/50R17","195","50","17","626.8","313.4","1969.15","0.97","303.998","1910.076","geometric_estimate","Nominal geometry estimate with explicit dynamic factor; not measured or certified tire data."
"195/50R18","195","50","18","652.2","326.1","2048.947","0.97","316.317","1987.478","geometric_estimate","Nominal geometry estimate with explicit dynamic factor; not measured or certified tire data."
"195/55R14","195","55","14","570.1","285.05","1791.022","0.97","276.499","1737.291","geometric_estimate","Nominal geometry estimate with explicit dynamic factor; not measured or certified tire data."
"195/55R15","195","55","15","595.5","297.75","1870.818","0.97","288.818","1814.694","geometric_estimate","Nominal geometry estimate with explicit dynamic factor; not measured or certified tire data."
"195/55R16","195","55","16","620.9","310.45","1950.615","0.97","301.137","1892.096","geometric_estimate","Nominal geometry estimate with explicit dynamic factor; not measured or certified tire data."
"195/55R17","195","55","17","646.3","323.15","2030.411","0.97","313.456","1969.499","geometric_estimate","Nominal geometry estimate with explicit dynamic factor; not measured or certified tire data."
"195/55R18","195","55","18","671.7","335.85","2110.208","0.97","325.775","2046.902","geometric_estimate","Nominal geometry estimate with explicit dynamic factor; not measured or certified tire data."
"195/55R19","195","55","19","697.1","348.55","2190.004","0.97","338.094","2124.304","geometric_estimate","Nominal geometry estimate with explicit dynamic factor; not measured or certified tire data."
"195/60R12","195","60","12","538.8","269.4","1692.69","0.97","261.318","1641.909","geometric_estimate","Nominal geometry estimate with explicit dynamic factor; not measured or certified tire data."
"195/60R13","195","60","13","564.2","282.1","1772.487","0.97","273.637","1719.312","geometric_estimate","Nominal geometry estimate with explicit dynamic factor; not measured or certified tire data."
"195/60R14","195","60","14","589.6","294.8","1852.283","0.97","285.956","1796.715","geometric_estimate","Nominal geometry estimate with explicit dynamic factor; not measured or certified tire data."
"195/60R15","195","60","15","615","307.5","1932.079","0.97","298.275","1874.117","geometric_estimate","Nominal geometry estimate with explicit dynamic factor; not measured or certified tire data."
"195/60R16","195","60","16","640.4","320.2","2011.876","0.97","310.594","1951.52","geometric_estimate","Nominal geometry estimate with explicit dynamic factor; not measured or certified tire data."
"195/60R17","195","60","17","665.8","332.9","2091.672","0.97","322.913","2028.922","geometric_estimate","Nominal geometry estimate with explicit dynamic factor; not measured or certified tire data."
"195/65R12","195","65","12","558.3","279.15","1753.951","0.97","270.776","1701.333","geometric_estimate","Nominal geometry estimate with explicit dynamic factor; not measured or certified tire data."
"195/65R13","195","65","13","583.7","291.85","1833.748","0.97","283.095","1778.735","geometric_estimate","Nominal geometry estimate with explicit dynamic factor; not measured or certified tire data."
"195/65R14","195","65","14","609.1","304.55","1913.544","0.97","295.414","1856.138","geometric_estimate","Nominal geometry estimate with explicit dynamic factor; not measured or certified tire data."
"195/65R15","195","65","15","634.5","317.25","1993.341","0.97","307.733","1933.54","geometric_estimate","Nominal geometry estimate with explicit dynamic factor; not measured or certified tire data."
"195/65R16","195","65","16","659.9","329.95","2073.137","0.97","320.052","2010.943","geometric_estimate","Nominal geometry estimate with explicit dynamic factor; not measured or certified tire data."
"195/65R17","195","65","17","685.3","342.65","2152.933","0.97","332.371","2088.345","geometric_estimate","Nominal geometry estimate with explicit dynamic factor; not measured or certified tire data."
"195/70R10","195","70","10","527","263.5","1655.619","0.97","255.595","1605.951","geometric_estimate","Nominal geometry estimate with explicit dynamic factor; not measured or certified tire data."
"195/70R12","195","70","12","577.8","288.9","1815.212","0.97","280.233","1760.756","geometric_estimate","Nominal geometry estimate with explicit dynamic factor; not measured or certified tire data."
"195/70R13","195","70","13","603.2","301.6","1895.009","0.97","292.552","1838.158","geometric_estimate","Nominal geometry estimate with explicit dynamic factor; not measured or certified tire data."
"195/70R14","195","70","14","628.6","314.3","1974.805","0.97","304.871","1915.561","geometric_estimate","Nominal geometry estimate with explicit dynamic factor; not measured or certified tire data."
"195/70R15","195","70","15","654","327","2054.602","0.97","317.19","1992.964","geometric_estimate","Nominal geometry estimate with explicit dynamic factor; not measured or certified tire data."
"195/70R16","195","70","16","679.4","339.7","2134.398","0.97","329.509","2070.366","geometric_estimate","Nominal geometry estimate with explicit dynamic factor; not measured or certified tire data."
"195/75R10","195","75","10","546.5","273.25","1716.88","0.97","265.053","1665.374","geometric_estimate","Nominal geometry estimate with explicit dynamic factor; not measured or certified tire data."
"195/75R12","195","75","12","597.3","298.65","1876.473","0.97","289.691","1820.179","geometric_estimate","Nominal geometry estimate with explicit dynamic factor; not measured or certified tire data."
"195/75R13","195","75","13","622.7","311.35","1956.27","0.97","302.01","1897.582","geometric_estimate","Nominal geometry estimate with explicit dynamic factor; not measured or certified tire data."
"195/75R14","195","75","14","648.1","324.05","2036.066","0.97","314.329","1974.984","geometric_estimate","Nominal geometry estimate with explicit dynamic factor; not measured or certified tire data."
"195/75R15","195","75","15","673.5","336.75","2115.863","0.97","326.648","2052.387","geometric_estimate","Nominal geometry estimate with explicit dynamic factor; not measured or certified tire data."
"195/75R16","195","75","16","698.9","349.45","2195.659","0.97","338.967","2129.789","geometric_estimate","Nominal geometry estimate with explicit dynamic factor; not measured or certified tire data."
"195/80R10","195","80","10","566","283","1778.141","0.97","274.51","1724.797","geometric_estimate","Nominal geometry estimate with explicit dynamic factor; not measured or certified tire data."
"195/80R12","195","80","12","616.8","308.4","1937.734","0.97","299.148","1879.602","geometric_estimate","Nominal geometry estimate with explicit dynamic factor; not measured or certified tire data."
"195/80R13","195","80","13","642.2","321.1","2017.531","0.97","311.467","1957.005","geometric_estimate","Nominal geometry estimate with explicit dynamic factor; not measured or certified tire data."
"195/80R14","195","80","14","667.6","333.8","2097.327","0.97","323.786","2034.407","geometric_estimate","Nominal geometry estimate with explicit dynamic factor; not measured or certified tire data."
"195/80R15","195","80","15","693","346.5","2177.124","0.97","336.105","2111.81","geometric_estimate","Nominal geometry estimate with explicit dynamic factor; not measured or certified tire data."
"195/80R16","195","80","16","718.4","359.2","2256.92","0.97","348.424","2189.213","geometric_estimate","Nominal geometry estimate with explicit dynamic factor; not measured or certified tire data."
"205/40R15","205","40","15","545","272.5","1712.168","0.97","264.325","1660.803","geometric_estimate","Nominal geometry estimate with explicit dynamic factor; not measured or certified tire data."
"205/40R16","205","40","16","570.4","285.2","1791.964","0.97","276.644","1738.206","geometric_estimate","Nominal geometry estimate with explicit dynamic factor; not measured or certified tire data."
"205/40R17","205","40","17","595.8","297.9","1871.761","0.97","288.963","1815.608","geometric_estimate","Nominal geometry estimate with explicit dynamic factor; not measured or certified tire data."
"205/40R18","205","40","18","621.2","310.6","1951.557","0.97","301.282","1893.011","geometric_estimate","Nominal geometry estimate with explicit dynamic factor; not measured or certified tire data."
"205/40R19","205","40","19","646.6","323.3","2031.354","0.97","313.601","1970.413","geometric_estimate","Nominal geometry estimate with explicit dynamic factor; not measured or certified tire data."
"205/40R20","205","40","20","672","336","2111.15","0.97","325.92","2047.816","geometric_estimate","Nominal geometry estimate with explicit dynamic factor; not measured or certified tire data."
"205/45R14","205","45","14","540.1","270.05","1696.774","0.97","261.949","1645.871","geometric_estimate","Nominal geometry estimate with explicit dynamic factor; not measured or certified tire data."
"205/45R15","205","45","15","565.5","282.75","1776.571","0.97","274.268","1723.274","geometric_estimate","Nominal geometry estimate with explicit dynamic factor; not measured or certified tire data."
"205/45R16","205","45","16","590.9","295.45","1856.367","0.97","286.587","1800.676","geometric_estimate","Nominal geometry estimate with explicit dynamic factor; not measured or certified tire data."
"205/45R17","205","45","17","616.3","308.15","1936.164","0.97","298.906","1878.079","geometric_estimate","Nominal geometry estimate with explicit dynamic factor; not measured or certified tire data."
"205/45R18","205","45","18","641.7","320.85","2015.96","0.97","311.225","1955.481","geometric_estimate","Nominal geometry estimate with explicit dynamic factor; not measured or certified tire data."
"205/45R19","205","45","19","667.1","333.55","2095.756","0.97","323.544","2032.884","geometric_estimate","Nominal geometry estimate with explicit dynamic factor; not measured or certified tire data."
"205/50R13","205","50","13","535.2","267.6","1681.38","0.97","259.572","1630.939","geometric_estimate","Nominal geometry estimate with explicit dynamic factor; not measured or certified tire data."
"205/50R14","205","50","14","560.6","280.3","1761.177","0.97","271.891","1708.342","geometric_estimate","Nominal geometry estimate with explicit dynamic factor; not measured or certified tire data."
"205/50R15","205","50","15","586","293","1840.973","0.97","284.21","1785.744","geometric_estimate","Nominal geometry estimate with explicit dynamic factor; not measured or certified tire data."
"205/50R16","205","50","16","611.4","305.7","1920.77","0.97","296.529","1863.147","geometric_estimate","Nominal geometry estimate with explicit dynamic factor; not measured or certified tire data."
"205/50R17","205","50","17","636.8","318.4","2000.566","0.97","308.848","1940.549","geometric_estimate","Nominal geometry estimate with explicit dynamic factor; not measured or certified tire data."
"205/50R18","205","50","18","662.2","331.1","2080.363","0.97","321.167","2017.952","geometric_estimate","Nominal geometry estimate with explicit dynamic factor; not measured or certified tire data."
"205/55R14","205","55","14","581.1","290.55","1825.579","0.97","281.834","1770.812","geometric_estimate","Nominal geometry estimate with explicit dynamic factor; not measured or certified tire data."
"205/55R15","205","55","15","606.5","303.25","1905.376","0.97","294.153","1848.215","geometric_estimate","Nominal geometry estimate with explicit dynamic factor; not measured or certified tire data."
"205/55R16","205","55","16","631.9","315.95","1985.172","0.97","306.472","1925.617","geometric_estimate","Nominal geometry estimate with explicit dynamic factor; not measured or certified tire data."
"205/55R17","205","55","17","657.3","328.65","2064.969","0.97","318.791","2003.02","geometric_estimate","Nominal geometry estimate with explicit dynamic factor; not measured or certified tire data."
"205/55R18","205","55","18","682.7","341.35","2144.765","0.97","331.11","2080.422","geometric_estimate","Nominal geometry estimate with explicit dynamic factor; not measured or certified tire data."
"205/55R19","205","55","19","708.1","354.05","2224.562","0.97","343.429","2157.825","geometric_estimate","Nominal geometry estimate with explicit dynamic factor; not measured or certified tire data."
"205/60R12","205","60","12","550.8","275.4","1730.389","0.97","267.138","1678.478","geometric_estimate","Nominal geometry estimate with explicit dynamic factor; not measured or certified tire data."
"205/60R13","205","60","13","576.2","288.1","1810.186","0.97","279.457","1755.88","geometric_estimate","Nominal geometry estimate with explicit dynamic factor; not measured or certified tire data."
"205/60R14","205","60","14","601.6","300.8","1889.982","0.97","291.776","1833.283","geometric_estimate","Nominal geometry estimate with explicit dynamic factor; not measured or certified tire data."
"205/60R15","205","60","15","627","313.5","1969.779","0.97","304.095","1910.685","geometric_estimate","Nominal geometry estimate with explicit dynamic factor; not measured or certified tire data."
"205/60R16","205","60","16","652.4","326.2","2049.575","0.97","316.414","1988.088","geometric_estimate","Nominal geometry estimate with explicit dynamic factor; not measured or certified tire data."
"205/60R17","205","60","17","677.8","338.9","2129.372","0.97","328.733","2065.49","geometric_estimate","Nominal geometry estimate with explicit dynamic factor; not measured or certified tire data."
"205/65R12","205","65","12","571.3","285.65","1794.792","0.97","277.081","1740.948","geometric_estimate","Nominal geometry estimate with explicit dynamic factor; not measured or certified tire data."
"205/65R13","205","65","13","596.7","298.35","1874.588","0.97","289.4","1818.351","geometric_estimate","Nominal geometry estimate with explicit dynamic factor; not measured or certified tire data."
"205/65R14","205","65","14","622.1","311.05","1954.385","0.97","301.719","1895.753","geometric_estimate","Nominal geometry estimate with explicit dynamic factor; not measured or certified tire data."
"205/65R15","205","65","15","647.5","323.75","2034.181","0.97","314.038","1973.156","geometric_estimate","Nominal geometry estimate with explicit dynamic factor; not measured or certified tire data."
"205/65R16","205","65","16","672.9","336.45","2113.978","0.97","326.357","2050.558","geometric_estimate","Nominal geometry estimate with explicit dynamic factor; not measured or certified tire data."
"205/65R17","205","65","17","698.3","349.15","2193.774","0.97","338.676","2127.961","geometric_estimate","Nominal geometry estimate with explicit dynamic factor; not measured or certified tire data."
"205/70R10","205","70","10","541","270.5","1699.602","0.97","262.385","1648.614","geometric_estimate","Nominal geometry estimate with explicit dynamic factor; not measured or certified tire data."
"205/70R12","205","70","12","591.8","295.9","1859.195","0.97","287.023","1803.419","geometric_estimate","Nominal geometry estimate with explicit dynamic factor; not measured or certified tire data."
"205/70R13","205","70","13","617.2","308.6","1938.991","0.97","299.342","1880.821","geometric_estimate","Nominal geometry estimate with explicit dynamic factor; not measured or certified tire data."
"205/70R14","205","70","14","642.6","321.3","2018.787","0.97","311.661","1958.224","geometric_estimate","Nominal geometry estimate with explicit dynamic factor; not measured or certified tire data."
"205/70R15","205","70","15","668","334","2098.584","0.97","323.98","2035.626","geometric_estimate","Nominal geometry estimate with explicit dynamic factor; not measured or certified tire data."
"205/70R16","205","70","16","693.4","346.7","2178.38","0.97","336.299","2113.029","geometric_estimate","Nominal geometry estimate with explicit dynamic factor; not measured or certified tire data."
"205/75R10","205","75","10","561.5","280.75","1764.004","0.97","272.328","1711.084","geometric_estimate","Nominal geometry estimate with explicit dynamic factor; not measured or certified tire data."
"205/75R12","205","75","12","612.3","306.15","1923.597","0.97","296.966","1865.889","geometric_estimate","Nominal geometry estimate with explicit dynamic factor; not measured or certified tire data."
"205/75R13","205","75","13","637.7","318.85","2003.394","0.97","309.285","1943.292","geometric_estimate","Nominal geometry estimate with explicit dynamic factor; not measured or certified tire data."
"205/75R14","205","75","14","663.1","331.55","2083.19","0.97","321.604","2020.694","geometric_estimate","Nominal geometry estimate with explicit dynamic factor; not measured or certified tire data."
"205/75R15","205","75","15","688.5","344.25","2162.987","0.97","333.923","2098.097","geometric_estimate","Nominal geometry estimate with explicit dynamic factor; not measured or certified tire data."
"205/75R16","205","75","16","713.9","356.95","2242.783","0.97","346.242","2175.5","geometric_estimate","Nominal geometry estimate with explicit dynamic factor; not measured or certified tire data."
"205/80R10","205","80","10","582","291","1828.407","0.97","282.27","1773.555","geometric_estimate","Nominal geometry estimate with explicit dynamic factor; not measured or certified tire data."
"205/80R12","205","80","12","632.8","316.4","1988","0.97","306.908","1928.36","geometric_estimate","Nominal geometry estimate with explicit dynamic factor; not measured or certified tire data."
"205/80R13","205","80","13","658.2","329.1","2067.796","0.97","319.227","2005.762","geometric_estimate","Nominal geometry estimate with explicit dynamic factor; not measured or certified tire data."
"205/80R14","205","80","14","683.6","341.8","2147.593","0.97","331.546","2083.165","geometric_estimate","Nominal geometry estimate with explicit dynamic factor; not measured or certified tire data."
"205/80R15","205","80","15","709","354.5","2227.389","0.97","343.865","2160.568","geometric_estimate","Nominal geometry estimate with explicit dynamic factor; not measured or certified tire data."
"205/80R16","205","80","16","734.4","367.2","2307.186","0.97","356.184","2237.97","geometric_estimate","Nominal geometry estimate with explicit dynamic factor; not measured or certified tire data."
"215/40R15","215","40","15","553","276.5","1737.301","0.97","268.205","1685.182","geometric_estimate","Nominal geometry estimate with explicit dynamic factor; not measured or certified tire data."
"215/40R16","215","40","16","578.4","289.2","1817.097","0.97","280.524","1762.584","geometric_estimate","Nominal geometry estimate with explicit dynamic factor; not measured or certified tire data."
"215/40R17","215","40","17","603.8","301.9","1896.894","0.97","292.843","1839.987","geometric_estimate","Nominal geometry estimate with explicit dynamic factor; not measured or certified tire data."
"215/40R18","215","40","18","629.2","314.6","1976.69","0.97","305.162","1917.389","geometric_estimate","Nominal geometry estimate with explicit dynamic factor; not measured or certified tire data."
"215/40R19","215","40","19","654.6","327.3","2056.487","0.97","317.481","1994.792","geometric_estimate","Nominal geometry estimate with explicit dynamic factor; not measured or certified tire data."
"215/40R20","215","40","20","680","340","2136.283","0.97","329.8","2072.195","geometric_estimate","Nominal geometry estimate with explicit dynamic factor; not measured or certified tire data."
"215/45R14","215","45","14","549.1","274.55","1725.049","0.97","266.314","1673.297","geometric_estimate","Nominal geometry estimate with explicit dynamic factor; not measured or certified tire data."
"215/45R15","215","45","15","574.5","287.25","1804.845","0.97","278.633","1750.7","geometric_estimate","Nominal geometry estimate with explicit dynamic factor; not measured or certified tire data."
"215/45R16","215","45","16","599.9","299.95","1884.641","0.97","290.952","1828.102","geometric_estimate","Nominal geometry estimate with explicit dynamic factor; not measured or certified tire data."
"215/45R17","215","45","17","625.3","312.65","1964.438","0.97","303.271","1905.505","geometric_estimate","Nominal geometry estimate with explicit dynamic factor; not measured or certified tire data."
"215/45R18","215","45","18","650.7","325.35","2044.234","0.97","315.59","1982.907","geometric_estimate","Nominal geometry estimate with explicit dynamic factor; not measured or certified tire data."
"215/45R19","215","45","19","676.1","338.05","2124.031","0.97","327.909","2060.31","geometric_estimate","Nominal geometry estimate with explicit dynamic factor; not measured or certified tire data."
"215/50R13","215","50","13","545.2","272.6","1712.796","0.97","264.422","1661.412","geometric_estimate","Nominal geometry estimate with explicit dynamic factor; not measured or certified tire data."
"215/50R14","215","50","14","570.6","285.3","1792.593","0.97","276.741","1738.815","geometric_estimate","Nominal geometry estimate with explicit dynamic factor; not measured or certified tire data."
"215/50R15","215","50","15","596","298","1872.389","0.97","289.06","1816.218","geometric_estimate","Nominal geometry estimate with explicit dynamic factor; not measured or certified tire data."
"215/50R16","215","50","16","621.4","310.7","1952.186","0.97","301.379","1893.62","geometric_estimate","Nominal geometry estimate with explicit dynamic factor; not measured or certified tire data."
"215/50R17","215","50","17","646.8","323.4","2031.982","0.97","313.698","1971.023","geometric_estimate","Nominal geometry estimate with explicit dynamic factor; not measured or certified tire data."
"215/50R18","215","50","18","672.2","336.1","2111.779","0.97","326.017","2048.425","geometric_estimate","Nominal geometry estimate with explicit dynamic factor; not measured or certified tire data."
"215/55R14","215","55","14","592.1","296.05","1860.137","0.97","287.169","1804.333","geometric_estimate","Nominal geometry estimate with explicit dynamic factor; not measured or certified tire data."
"215/55R15","215","55","15","617.5","308.75","1939.933","0.97","299.488","1881.735","geometric_estimate","Nominal geometry estimate with explicit dynamic factor; not measured or certified tire data."
"215/55R16","215","55","16","642.9","321.45","2019.73","0.97","311.807","1959.138","geometric_estimate","Nominal geometry estimate with explicit dynamic factor; not measured or certified tire data."
"215/55R17","215","55","17","668.3","334.15","2099.526","0.97","324.126","2036.541","geometric_estimate","Nominal geometry estimate with explicit dynamic factor; not measured or certified tire data."
"215/55R18","215","55","18","693.7","346.85","2179.323","0.97","336.445","2113.943","geometric_estimate","Nominal geometry estimate with explicit dynamic factor; not measured or certified tire data."
"215/55R19","215","55","19","719.1","359.55","2259.119","0.97","348.764","2191.346","geometric_estimate","Nominal geometry estimate with explicit dynamic factor; not measured or certified tire data."
"215/60R12","215","60","12","562.8","281.4","1768.088","0.97","272.958","1715.046","geometric_estimate","Nominal geometry estimate with explicit dynamic factor; not measured or certified tire data."
"215/60R13","215","60","13","588.2","294.1","1847.885","0.97","285.277","1792.448","geometric_estimate","Nominal geometry estimate with explicit dynamic factor; not measured or certified tire data."
"215/60R14","215","60","14","613.6","306.8","1927.681","0.97","297.596","1869.851","geometric_estimate","Nominal geometry estimate with explicit dynamic factor; not measured or certified tire data."
"215/60R15","215","60","15","639","319.5","2007.478","0.97","309.915","1947.253","geometric_estimate","Nominal geometry estimate with explicit dynamic factor; not measured or certified tire data."
"215/60R16","215","60","16","664.4","332.2","2087.274","0.97","322.234","2024.656","geometric_estimate","Nominal geometry estimate with explicit dynamic factor; not measured or certified tire data."
"215/60R17","215","60","17","689.8","344.9","2167.071","0.97","334.553","2102.058","geometric_estimate","Nominal geometry estimate with explicit dynamic factor; not measured or certified tire data."
"215/65R12","215","65","12","584.3","292.15","1835.633","0.97","283.386","1780.564","geometric_estimate","Nominal geometry estimate with explicit dynamic factor; not measured or certified tire data."
"215/65R13","215","65","13","609.7","304.85","1915.429","0.97","295.705","1857.966","geometric_estimate","Nominal geometry estimate with explicit dynamic factor; not measured or certified tire data."
"215/65R14","215","65","14","635.1","317.55","1995.225","0.97","308.024","1935.369","geometric_estimate","Nominal geometry estimate with explicit dynamic factor; not measured or certified tire data."
"215/65R15","215","65","15","660.5","330.25","2075.022","0.97","320.343","2012.771","geometric_estimate","Nominal geometry estimate with explicit dynamic factor; not measured or certified tire data."
"215/65R16","215","65","16","685.9","342.95","2154.818","0.97","332.662","2090.174","geometric_estimate","Nominal geometry estimate with explicit dynamic factor; not measured or certified tire data."
"215/65R17","215","65","17","711.3","355.65","2234.615","0.97","344.981","2167.576","geometric_estimate","Nominal geometry estimate with explicit dynamic factor; not measured or certified tire data."
"215/70R10","215","70","10","555","277.5","1743.584","0.97","269.175","1691.276","geometric_estimate","Nominal geometry estimate with explicit dynamic factor; not measured or certified tire data."
"215/70R12","215","70","12","605.8","302.9","1903.177","0.97","293.813","1846.082","geometric_estimate","Nominal geometry estimate with explicit dynamic factor; not measured or certified tire data."
"215/70R13","215","70","13","631.2","315.6","1982.973","0.97","306.132","1923.484","geometric_estimate","Nominal geometry estimate with explicit dynamic factor; not measured or certified tire data."
"215/70R14","215","70","14","656.6","328.3","2062.77","0.97","318.451","2000.887","geometric_estimate","Nominal geometry estimate with explicit dynamic factor; not measured or certified tire data."
"215/70R15","215","70","15","682","341","2142.566","0.97","330.77","2078.289","geometric_estimate","Nominal geometry estimate with explicit dynamic factor; not measured or certified tire data."
"215/70R16","215","70","16","707.4","353.7","2222.363","0.97","343.089","2155.692","geometric_estimate","Nominal geometry estimate with explicit dynamic factor; not measured or certified tire data."
"215/75R10","215","75","10","576.5","288.25","1811.128","0.97","279.603","1756.794","geometric_estimate","Nominal geometry estimate with explicit dynamic factor; not measured or certified tire data."
"215/75R12","215","75","12","627.3","313.65","1970.721","0.97","304.241","1911.599","geometric_estimate","Nominal geometry estimate with explicit dynamic factor; not measured or certified tire data."
"215/75R13","215","75","13","652.7","326.35","2050.518","0.97","316.56","1989.002","geometric_estimate","Nominal geometry estimate with explicit dynamic factor; not measured or certified tire data."
"215/75R14","215","75","14","678.1","339.05","2130.314","0.97","328.879","2066.405","geometric_estimate","Nominal geometry estimate with explicit dynamic factor; not measured or certified tire data."
"215/75R15","215","75","15","703.5","351.75","2210.11","0.97","341.198","2143.807","geometric_estimate","Nominal geometry estimate with explicit dynamic factor; not measured or certified tire data."
"215/75R16","215","75","16","728.9","364.45","2289.907","0.97","353.517","2221.21","geometric_estimate","Nominal geometry estimate with explicit dynamic factor; not measured or certified tire data."
"215/80R10","215","80","10","598","299","1878.672","0.97","290.03","1822.312","geometric_estimate","Nominal geometry estimate with explicit dynamic factor; not measured or certified tire data."
"215/80R12","215","80","12","648.8","324.4","2038.265","0.97","314.668","1977.117","geometric_estimate","Nominal geometry estimate with explicit dynamic factor; not measured or certified tire data."
"215/80R13","215","80","13","674.2","337.1","2118.062","0.97","326.987","2054.52","geometric_estimate","Nominal geometry estimate with explicit dynamic factor; not measured or certified tire data."
"215/80R14","215","80","14","699.6","349.8","2197.858","0.97","339.306","2131.922","geometric_estimate","Nominal geometry estimate with explicit dynamic factor; not measured or certified tire data."
"215/80R15","215","80","15","725","362.5","2277.655","0.97","351.625","2209.325","geometric_estimate","Nominal geometry estimate with explicit dynamic factor; not measured or certified tire data."
"215/80R16","215","80","16","750.4","375.2","2357.451","0.97","363.944","2286.728","geometric_estimate","Nominal geometry estimate with explicit dynamic factor; not measured or certified tire data."
"225/40R15","225","40","15","561","280.5","1762.433","0.97","272.085","1709.56","geometric_estimate","Nominal geometry estimate with explicit dynamic factor; not measured or certified tire data."
"225/40R16","225","40","16","586.4","293.2","1842.23","0.97","284.404","1786.963","geometric_estimate","Nominal geometry estimate with explicit dynamic factor; not measured or certified tire data."
"225/40R17","225","40","17","611.8","305.9","1922.026","0.97","296.723","1864.366","geometric_estimate","Nominal geometry estimate with explicit dynamic factor; not measured or certified tire data."
"225/40R18","225","40","18","637.2","318.6","2001.823","0.97","309.042","1941.768","geometric_estimate","Nominal geometry estimate with explicit dynamic factor; not measured or certified tire data."
"225/40R19","225","40","19","662.6","331.3","2081.619","0.97","321.361","2019.171","geometric_estimate","Nominal geometry estimate with explicit dynamic factor; not measured or certified tire data."
"225/40R20","225","40","20","688","344","2161.416","0.97","333.68","2096.573","geometric_estimate","Nominal geometry estimate with explicit dynamic factor; not measured or certified tire data."
"225/45R14","225","45","14","558.1","279.05","1753.323","0.97","270.679","1700.723","geometric_estimate","Nominal geometry estimate with explicit dynamic factor; not measured or certified tire data."
"225/45R15","225","45","15","583.5","291.75","1833.119","0.97","282.998","1778.126","geometric_estimate","Nominal geometry estimate with explicit dynamic factor; not measured or certified tire data."
"225/45R16","225","45","16","608.9","304.45","1912.916","0.97","295.317","1855.528","geometric_estimate","Nominal geometry estimate with explicit dynamic factor; not measured or certified tire data."
"225/45R17","225","45","17","634.3","317.15","1992.712","0.97","307.636","1932.931","geometric_estimate","Nominal geometry estimate with explicit dynamic factor; not measured or certified tire data."
"225/45R18","225","45","18","659.7","329.85","2072.509","0.97","319.955","2010.333","geometric_estimate","Nominal geometry estimate with explicit dynamic factor; not measured or certified tire data."
"225/45R19","225","45","19","685.1","342.55","2152.305","0.97","332.274","2087.736","geometric_estimate","Nominal geometry estimate with explicit dynamic factor; not measured or certified tire data."
"225/50R13","225","50","13","555.2","277.6","1744.212","0.97","269.272","1691.886","geometric_estimate","Nominal geometry estimate with explicit dynamic factor; not measured or certified tire data."
"225/50R14","225","50","14","580.6","290.3","1824.009","0.97","281.591","1769.288","geometric_estimate","Nominal geometry estimate with explicit dynamic factor; not measured or certified tire data."
"225/50R15","225","50","15","606","303","1903.805","0.97","293.91","1846.691","geometric_estimate","Nominal geometry estimate with explicit dynamic factor; not measured or certified tire data."
"225/50R16","225","50","16","631.4","315.7","1983.602","0.97","306.229","1924.094","geometric_estimate","Nominal geometry estimate with explicit dynamic factor; not measured or certified tire data."
"225/50R17","225","50","17","656.8","328.4","2063.398","0.97","318.548","2001.496","geometric_estimate","Nominal geometry estimate with explicit dynamic factor; not measured or certified tire data."
"225/50R18","225","50","18","682.2","341.1","2143.195","0.97","330.867","2078.899","geometric_estimate","Nominal geometry estimate with explicit dynamic factor; not measured or certified tire data."
"225/55R14","225","55","14","603.1","301.55","1894.695","0.97","292.504","1837.854","geometric_estimate","Nominal geometry estimate with explicit dynamic factor; not measured or certified tire data."
"225/55R15","225","55","15","628.5","314.25","1974.491","0.97","304.823","1915.256","geometric_estimate","Nominal geometry estimate with explicit dynamic factor; not measured or certified tire data."
"225/55R16","225","55","16","653.9","326.95","2054.287","0.97","317.142","1992.659","geometric_estimate","Nominal geometry estimate with explicit dynamic factor; not measured or certified tire data."
"225/55R17","225","55","17","679.3","339.65","2134.084","0.97","329.461","2070.061","geometric_estimate","Nominal geometry estimate with explicit dynamic factor; not measured or certified tire data."
"225/55R18","225","55","18","704.7","352.35","2213.88","0.97","341.78","2147.464","geometric_estimate","Nominal geometry estimate with explicit dynamic factor; not measured or certified tire data."
"225/55R19","225","55","19","730.1","365.05","2293.677","0.97","354.099","2224.866","geometric_estimate","Nominal geometry estimate with explicit dynamic factor; not measured or certified tire data."
"225/60R12","225","60","12","574.8","287.4","1805.787","0.97","278.778","1751.614","geometric_estimate","Nominal geometry estimate with explicit dynamic factor; not measured or certified tire data."
"225/60R13","225","60","13","600.2","300.1","1885.584","0.97","291.097","1829.016","geometric_estimate","Nominal geometry estimate with explicit dynamic factor; not measured or certified tire data."
"225/60R14","225","60","14","625.6","312.8","1965.38","0.97","303.416","1906.419","geometric_estimate","Nominal geometry estimate with explicit dynamic factor; not measured or certified tire data."
"225/60R15","225","60","15","651","325.5","2045.177","0.97","315.735","1983.822","geometric_estimate","Nominal geometry estimate with explicit dynamic factor; not measured or certified tire data."
"225/60R16","225","60","16","676.4","338.2","2124.973","0.97","328.054","2061.224","geometric_estimate","Nominal geometry estimate with explicit dynamic factor; not measured or certified tire data."
"225/60R17","225","60","17","701.8","350.9","2204.77","0.97","340.373","2138.627","geometric_estimate","Nominal geometry estimate with explicit dynamic factor; not measured or certified tire data."
"225/60R18","225","60","18","727.2","363.6","2284.566","0.97","352.692","2216.029","geometric_estimate","Nominal geometry estimate with explicit dynamic factor; not measured or certified tire data."
"225/65R12","225","65","12","597.3","298.65","1876.473","0.97","289.691","1820.179","geometric_estimate","Nominal geometry estimate with explicit dynamic factor; not measured or certified tire data."
"225/65R13","225","65","13","622.7","311.35","1956.27","0.97","302.01","1897.582","geometric_estimate","Nominal geometry estimate with explicit dynamic factor; not measured or certified tire data."
"225/65R14","225","65","14","648.1","324.05","2036.066","0.97","314.329","1974.984","geometric_estimate","Nominal geometry estimate with explicit dynamic factor; not measured or certified tire data."
"225/65R15","225","65","15","673.5","336.75","2115.863","0.97","326.648","2052.387","geometric_estimate","Nominal geometry estimate with explicit dynamic factor; not measured or certified tire data."
"225/65R16","225","65","16","698.9","349.45","2195.659","0.97","338.967","2129.789","geometric_estimate","Nominal geometry estimate with explicit dynamic factor; not measured or certified tire data."
"225/65R17","225","65","17","724.3","362.15","2275.456","0.97","351.286","2207.192","geometric_estimate","Nominal geometry estimate with explicit dynamic factor; not measured or certified tire data."
"225/70R10","225","70","10","569","284.5","1787.566","0.97","275.965","1733.939","geometric_estimate","Nominal geometry estimate with explicit dynamic factor; not measured or certified tire data."
"225/70R12","225","70","12","619.8","309.9","1947.159","0.97","300.603","1888.744","geometric_estimate","Nominal geometry estimate with explicit dynamic factor; not measured or certified tire data."
"225/70R13","225","70","13","645.2","322.6","2026.956","0.97","312.922","1966.147","geometric_estimate","Nominal geometry estimate with explicit dynamic factor; not measured or certified tire data."
"225/70R14","225","70","14","670.6","335.3","2106.752","0.97","325.241","2043.549","geometric_estimate","Nominal geometry estimate with explicit dynamic factor; not measured or certified tire data."
"225/70R15","225","70","15","696","348","2186.548","0.97","337.56","2120.952","geometric_estimate","Nominal geometry estimate with explicit dynamic factor; not measured or certified tire data."
"225/70R16","225","70","16","721.4","360.7","2266.345","0.97","349.879","2198.355","geometric_estimate","Nominal geometry estimate with explicit dynamic factor; not measured or certified tire data."
"225/75R10","225","75","10","591.5","295.75","1858.252","0.97","286.878","1802.504","geometric_estimate","Nominal geometry estimate with explicit dynamic factor; not measured or certified tire data."
"225/75R12","225","75","12","642.3","321.15","2017.845","0.97","311.516","1957.31","geometric_estimate","Nominal geometry estimate with explicit dynamic factor; not measured or certified tire data."
"225/75R13","225","75","13","667.7","333.85","2097.641","0.97","323.835","2034.712","geometric_estimate","Nominal geometry estimate with explicit dynamic factor; not measured or certified tire data."
"225/75R14","225","75","14","693.1","346.55","2177.438","0.97","336.154","2112.115","geometric_estimate","Nominal geometry estimate with explicit dynamic factor; not measured or certified tire data."
"225/75R15","225","75","15","718.5","359.25","2257.234","0.97","348.473","2189.517","geometric_estimate","Nominal geometry estimate with explicit dynamic factor; not measured or certified tire data."
"225/75R16","225","75","16","743.9","371.95","2337.031","0.97","360.792","2266.92","geometric_estimate","Nominal geometry estimate with explicit dynamic factor; not measured or certified tire data."
"225/80R10","225","80","10","614","307","1928.938","0.97","297.79","1871.07","geometric_estimate","Nominal geometry estimate with explicit dynamic factor; not measured or certified tire data."
"225/80R12","225","80","12","664.8","332.4","2088.531","0.97","322.428","2025.875","geometric_estimate","Nominal geometry estimate with explicit dynamic factor; not measured or certified tire data."
"225/80R13","225","80","13","690.2","345.1","2168.327","0.97","334.747","2103.277","geometric_estimate","Nominal geometry estimate with explicit dynamic factor; not measured or certified tire data."
"225/80R14","225","80","14","715.6","357.8","2248.124","0.97","347.066","2180.68","geometric_estimate","Nominal geometry estimate with explicit dynamic factor; not measured or certified tire data."
"225/80R15","225","80","15","741","370.5","2327.92","0.97","359.385","2258.083","geometric_estimate","Nominal geometry estimate with explicit dynamic factor; not measured or certified tire data."
"225/80R16","225","80","16","766.4","383.2","2407.717","0.97","371.704","2335.485","geometric_estimate","Nominal geometry estimate with explicit dynamic factor; not measured or certified tire data."
"235/35R15","235","35","15","545.5","272.75","1713.739","0.97","264.568","1662.327","geometric_estimate","Nominal geometry estimate with explicit dynamic factor; not measured or certified tire data."
"235/35R16","235","35","16","570.9","285.45","1793.535","0.97","276.887","1739.729","geometric_estimate","Nominal geometry estimate with explicit dynamic factor; not measured or certified tire data."
"235/35R17","235","35","17","596.3","298.15","1873.332","0.97","289.206","1817.132","geometric_estimate","Nominal geometry estimate with explicit dynamic factor; not measured or certified tire data."
"235/35R18","235","35","18","621.7","310.85","1953.128","0.97","301.525","1894.534","geometric_estimate","Nominal geometry estimate with explicit dynamic factor; not measured or certified tire data."
"235/35R19","235","35","19","647.1","323.55","2032.925","0.97","313.844","1971.937","geometric_estimate","Nominal geometry estimate with explicit dynamic factor; not measured or certified tire data."
"235/35R20","235","35","20","672.5","336.25","2112.721","0.97","326.163","2049.339","geometric_estimate","Nominal geometry estimate with explicit dynamic factor; not measured or certified tire data."
"235/40R15","235","40","15","569","284.5","1787.566","0.97","275.965","1733.939","geometric_estimate","Nominal geometry estimate with explicit dynamic factor; not measured or certified tire data."
"235/40R16","235","40","16","594.4","297.2","1867.363","0.97","288.284","1811.342","geometric_estimate","Nominal geometry estimate with explicit dynamic factor; not measured or certified tire data."
"235/40R17","235","40","17","619.8","309.9","1947.159","0.97","300.603","1888.744","geometric_estimate","Nominal geometry estimate with explicit dynamic factor; not measured or certified tire data."
"235/40R18","235","40","18","645.2","322.6","2026.956","0.97","312.922","1966.147","geometric_estimate","Nominal geometry estimate with explicit dynamic factor; not measured or certified tire data."
"235/40R19","235","40","19","670.6","335.3","2106.752","0.97","325.241","2043.549","geometric_estimate","Nominal geometry estimate with explicit dynamic factor; not measured or certified tire data."
"235/40R20","235","40","20","696","348","2186.548","0.97","337.56","2120.952","geometric_estimate","Nominal geometry estimate with explicit dynamic factor; not measured or certified tire data."
"235/45R14","235","45","14","567.1","283.55","1781.597","0.97","275.044","1728.149","geometric_estimate","Nominal geometry estimate with explicit dynamic factor; not measured or certified tire data."
"235/45R15","235","45","15","592.5","296.25","1861.394","0.97","287.363","1805.552","geometric_estimate","Nominal geometry estimate with explicit dynamic factor; not measured or certified tire data."
"235/45R16","235","45","16","617.9","308.95","1941.19","0.97","299.682","1882.954","geometric_estimate","Nominal geometry estimate with explicit dynamic factor; not measured or certified tire data."
"235/45R17","235","45","17","643.3","321.65","2020.987","0.97","312.001","1960.357","geometric_estimate","Nominal geometry estimate with explicit dynamic factor; not measured or certified tire data."
"235/45R18","235","45","18","668.7","334.35","2100.783","0.97","324.32","2037.76","geometric_estimate","Nominal geometry estimate with explicit dynamic factor; not measured or certified tire data."
"235/45R19","235","45","19","694.1","347.05","2180.579","0.97","336.639","2115.162","geometric_estimate","Nominal geometry estimate with explicit dynamic factor; not measured or certified tire data."
"235/50R13","235","50","13","565.2","282.6","1775.628","0.97","274.122","1722.359","geometric_estimate","Nominal geometry estimate with explicit dynamic factor; not measured or certified tire data."
"235/50R14","235","50","14","590.6","295.3","1855.425","0.97","286.441","1799.762","geometric_estimate","Nominal geometry estimate with explicit dynamic factor; not measured or certified tire data."
"235/50R15","235","50","15","616","308","1935.221","0.97","298.76","1877.164","geometric_estimate","Nominal geometry estimate with explicit dynamic factor; not measured or certified tire data."
"235/50R16","235","50","16","641.4","320.7","2015.018","0.97","311.079","1954.567","geometric_estimate","Nominal geometry estimate with explicit dynamic factor; not measured or certified tire data."
"235/50R17","235","50","17","666.8","333.4","2094.814","0.97","323.398","2031.97","geometric_estimate","Nominal geometry estimate with explicit dynamic factor; not measured or certified tire data."
"235/50R18","235","50","18","692.2","346.1","2174.61","0.97","335.717","2109.372","geometric_estimate","Nominal geometry estimate with explicit dynamic factor; not measured or certified tire data."
"235/50R19","235","50","19","717.6","358.8","2254.407","0.97","348.036","2186.775","geometric_estimate","Nominal geometry estimate with explicit dynamic factor; not measured or certified tire data."
"235/55R14","235","55","14","614.1","307.05","1929.252","0.97","297.839","1871.374","geometric_estimate","Nominal geometry estimate with explicit dynamic factor; not measured or certified tire data."
"235/55R15","235","55","15","639.5","319.75","2009.049","0.97","310.158","1948.777","geometric_estimate","Nominal geometry estimate with explicit dynamic factor; not measured or certified tire data."
"235/55R16","235","55","16","664.9","332.45","2088.845","0.97","322.477","2026.18","geometric_estimate","Nominal geometry estimate with explicit dynamic factor; not measured or certified tire data."
"235/55R17","235","55","17","690.3","345.15","2168.641","0.97","334.796","2103.582","geometric_estimate","Nominal geometry estimate with explicit dynamic factor; not measured or certified tire data."
"235/55R18","235","55","18","715.7","357.85","2248.438","0.97","347.115","2180.985","geometric_estimate","Nominal geometry estimate with explicit dynamic factor; not measured or certified tire data."
"235/55R19","235","55","19","741.1","370.55","2328.234","0.97","359.434","2258.387","geometric_estimate","Nominal geometry estimate with explicit dynamic factor; not measured or certified tire data."
"235/60R12","235","60","12","586.8","293.4","1843.487","0.97","284.598","1788.182","geometric_estimate","Nominal geometry estimate with explicit dynamic factor; not measured or certified tire data."
"235/60R13","235","60","13","612.2","306.1","1923.283","0.97","296.917","1865.585","geometric_estimate","Nominal geometry estimate with explicit dynamic factor; not measured or certified tire data."
"235/60R14","235","60","14","637.6","318.8","2003.079","0.97","309.236","1942.987","geometric_estimate","Nominal geometry estimate with explicit dynamic factor; not measured or certified tire data."
"235/60R15","235","60","15","663","331.5","2082.876","0.97","321.555","2020.39","geometric_estimate","Nominal geometry estimate with explicit dynamic factor; not measured or certified tire data."
"235/60R16","235","60","16","688.4","344.2","2162.672","0.97","333.874","2097.792","geometric_estimate","Nominal geometry estimate with explicit dynamic factor; not measured or certified tire data."
"235/60R17","235","60","17","713.8","356.9","2242.469","0.97","346.193","2175.195","geometric_estimate","Nominal geometry estimate with explicit dynamic factor; not measured or certified tire data."
"235/60R18","235","60","18","739.2","369.6","2322.265","0.97","358.512","2252.597","geometric_estimate","Nominal geometry estimate with explicit dynamic factor; not measured or certified tire data."
"235/65R12","235","65","12","610.3","305.15","1917.314","0.97","295.996","1859.795","geometric_estimate","Nominal geometry estimate with explicit dynamic factor; not measured or certified tire data."
"235/65R13","235","65","13","635.7","317.85","1997.11","0.97","308.315","1937.197","geometric_estimate","Nominal geometry estimate with explicit dynamic factor; not measured or certified tire data."
"235/65R14","235","65","14","661.1","330.55","2076.907","0.97","320.634","2014.6","geometric_estimate","Nominal geometry estimate with explicit dynamic factor; not measured or certified tire data."
"235/65R15","235","65","15","686.5","343.25","2156.703","0.97","332.953","2092.002","geometric_estimate","Nominal geometry estimate with explicit dynamic factor; not measured or certified tire data."
"235/65R16","235","65","16","711.9","355.95","2236.5","0.97","345.272","2169.405","geometric_estimate","Nominal geometry estimate with explicit dynamic factor; not measured or certified tire data."
"235/65R17","235","65","17","737.3","368.65","2316.296","0.97","357.591","2246.807","geometric_estimate","Nominal geometry estimate with explicit dynamic factor; not measured or certified tire data."
"235/70R10","235","70","10","583","291.5","1831.549","0.97","282.755","1776.602","geometric_estimate","Nominal geometry estimate with explicit dynamic factor; not measured or certified tire data."
"235/70R12","235","70","12","633.8","316.9","1991.141","0.97","307.393","1931.407","geometric_estimate","Nominal geometry estimate with explicit dynamic factor; not measured or certified tire data."
"235/70R13","235","70","13","659.2","329.6","2070.938","0.97","319.712","2008.81","geometric_estimate","Nominal geometry estimate with explicit dynamic factor; not measured or certified tire data."
"235/70R14","235","70","14","684.6","342.3","2150.734","0.97","332.031","2086.212","geometric_estimate","Nominal geometry estimate with explicit dynamic factor; not measured or certified tire data."
"235/70R15","235","70","15","710","355","2230.531","0.97","344.35","2163.615","geometric_estimate","Nominal geometry estimate with explicit dynamic factor; not measured or certified tire data."
"235/70R16","235","70","16","735.4","367.7","2310.327","0.97","356.669","2241.017","geometric_estimate","Nominal geometry estimate with explicit dynamic factor; not measured or certified tire data."
"235/75R10","235","75","10","606.5","303.25","1905.376","0.97","294.153","1848.215","geometric_estimate","Nominal geometry estimate with explicit dynamic factor; not measured or certified tire data."
"235/75R12","235","75","12","657.3","328.65","2064.969","0.97","318.791","2003.02","geometric_estimate","Nominal geometry estimate with explicit dynamic factor; not measured or certified tire data."
"235/75R13","235","75","13","682.7","341.35","2144.765","0.97","331.11","2080.422","geometric_estimate","Nominal geometry estimate with explicit dynamic factor; not measured or certified tire data."
"235/75R14","235","75","14","708.1","354.05","2224.562","0.97","343.429","2157.825","geometric_estimate","Nominal geometry estimate with explicit dynamic factor; not measured or certified tire data."
"235/75R15","235","75","15","733.5","366.75","2304.358","0.97","355.748","2235.227","geometric_estimate","Nominal geometry estimate with explicit dynamic factor; not measured or certified tire data."
"235/75R16","235","75","16","758.9","379.45","2384.155","0.97","368.067","2312.63","geometric_estimate","Nominal geometry estimate with explicit dynamic factor; not measured or certified tire data."
"235/80R10","235","80","10","630","315","1979.203","0.97","305.55","1919.827","geometric_estimate","Nominal geometry estimate with explicit dynamic factor; not measured or certified tire data."
"235/80R12","235","80","12","680.8","340.4","2138.796","0.97","330.188","2074.632","geometric_estimate","Nominal geometry estimate with explicit dynamic factor; not measured or certified tire data."
"235/80R13","235","80","13","706.2","353.1","2218.593","0.97","342.507","2152.035","geometric_estimate","Nominal geometry estimate with explicit dynamic factor; not measured or certified tire data."
"235/80R14","235","80","14","731.6","365.8","2298.389","0.97","354.826","2229.438","geometric_estimate","Nominal geometry estimate with explicit dynamic factor; not measured or certified tire data."
"235/80R15","235","80","15","757","378.5","2378.186","0.97","367.145","2306.84","geometric_estimate","Nominal geometry estimate with explicit dynamic factor; not measured or certified tire data."
"235/80R16","235","80","16","782.4","391.2","2457.982","0.97","379.464","2384.243","geometric_estimate","Nominal geometry estimate with explicit dynamic factor; not measured or certified tire data."
"245/35R15","245","35","15","552.5","276.25","1735.73","0.97","267.963","1683.658","geometric_estimate","Nominal geometry estimate with explicit dynamic factor; not measured or certified tire data."
"245/35R16","245","35","16","577.9","288.95","1815.526","0.97","280.282","1761.061","geometric_estimate","Nominal geometry estimate with explicit dynamic factor; not measured or certified tire data."
"245/35R17","245","35","17","603.3","301.65","1895.323","0.97","292.601","1838.463","geometric_estimate","Nominal geometry estimate with explicit dynamic factor; not measured or certified tire data."
"245/35R18","245","35","18","628.7","314.35","1975.119","0.97","304.92","1915.866","geometric_estimate","Nominal geometry estimate with explicit dynamic factor; not measured or certified tire data."
"245/35R19","245","35","19","654.1","327.05","2054.916","0.97","317.239","1993.268","geometric_estimate","Nominal geometry estimate with explicit dynamic factor; not measured or certified tire data."
"245/35R20","245","35","20","679.5","339.75","2134.712","0.97","329.558","2070.671","geometric_estimate","Nominal geometry estimate with explicit dynamic factor; not measured or certified tire data."
"245/40R15","245","40","15","577","288.5","1812.699","0.97","279.845","1758.318","geometric_estimate","Nominal geometry estimate with explicit dynamic factor; not measured or certified tire data."
"245/40R16","245","40","16","602.4","301.2","1892.495","0.97","292.164","1835.721","geometric_estimate","Nominal geometry estimate with explicit dynamic factor; not measured or certified tire data."
"245/40R17","245","40","17","627.8","313.9","1972.292","0.97","304.483","1913.123","geometric_estimate","Nominal geometry estimate with explicit dynamic factor; not measured or certified tire data."
"245/40R18","245","40","18","653.2","326.6","2052.088","0.97","316.802","1990.526","geometric_estimate","Nominal geometry estimate with explicit dynamic factor; not measured or certified tire data."
"245/40R19","245","40","19","678.6","339.3","2131.885","0.97","329.121","2067.928","geometric_estimate","Nominal geometry estimate with explicit dynamic factor; not measured or certified tire data."
"245/40R20","245","40","20","704","352","2211.681","0.97","341.44","2145.331","geometric_estimate","Nominal geometry estimate with explicit dynamic factor; not measured or certified tire data."
"245/45R14","245","45","14","576.1","288.05","1809.872","0.97","279.409","1755.575","geometric_estimate","Nominal geometry estimate with explicit dynamic factor; not measured or certified tire data."
"245/45R15","245","45","15","601.5","300.75","1889.668","0.97","291.728","1832.978","geometric_estimate","Nominal geometry estimate with explicit dynamic factor; not measured or certified tire data."
"245/45R16","245","45","16","626.9","313.45","1969.464","0.97","304.047","1910.381","geometric_estimate","Nominal geometry estimate with explicit dynamic factor; not measured or certified tire data."
"245/45R17","245","45","17","652.3","326.15","2049.261","0.97","316.366","1987.783","geometric_estimate","Nominal geometry estimate with explicit dynamic factor; not measured or certified tire data."
"245/45R18","245","45","18","677.7","338.85","2129.057","0.97","328.685","2065.186","geometric_estimate","Nominal geometry estimate with explicit dynamic factor; not measured or certified tire data."
"245/45R19","245","45","19","703.1","351.55","2208.854","0.97","341.004","2142.588","geometric_estimate","Nominal geometry estimate with explicit dynamic factor; not measured or certified tire data."
"245/50R13","245","50","13","575.2","287.6","1807.044","0.97","278.972","1752.833","geometric_estimate","Nominal geometry estimate with explicit dynamic factor; not measured or certified tire data."
"245/50R14","245","50","14","600.6","300.3","1886.841","0.97","291.291","1830.235","geometric_estimate","Nominal geometry estimate with explicit dynamic factor; not measured or certified tire data."
"245/50R15","245","50","15","626","313","1966.637","0.97","303.61","1907.638","geometric_estimate","Nominal geometry estimate with explicit dynamic factor; not measured or certified tire data."
"245/50R16","245","50","16","651.4","325.7","2046.433","0.97","315.929","1985.04","geometric_estimate","Nominal geometry estimate with explicit dynamic factor; not measured or certified tire data."
"245/50R17","245","50","17","676.8","338.4","2126.23","0.97","328.248","2062.443","geometric_estimate","Nominal geometry estimate with explicit dynamic factor; not measured or certified tire data."
"245/50R18","245","50","18","702.2","351.1","2206.026","0.97","340.567","2139.846","geometric_estimate","Nominal geometry estimate with explicit dynamic factor; not measured or certified tire data."
"245/55R14","245","55","14","625.1","312.55","1963.81","0.97","303.174","1904.895","geometric_estimate","Nominal geometry estimate with explicit dynamic factor; not measured or certified tire data."
"245/55R15","245","55","15","650.5","325.25","2043.606","0.97","315.493","1982.298","geometric_estimate","Nominal geometry estimate with explicit dynamic factor; not measured or certified tire data."
"245/55R16","245","55","16","675.9","337.95","2123.402","0.97","327.812","2059.7","geometric_estimate","Nominal geometry estimate with explicit dynamic factor; not measured or certified tire data."
"245/55R17","245","55","17","701.3","350.65","2203.199","0.97","340.131","2137.103","geometric_estimate","Nominal geometry estimate with explicit dynamic factor; not measured or certified tire data."
"245/55R18","245","55","18","726.7","363.35","2282.995","0.97","352.45","2214.506","geometric_estimate","Nominal geometry estimate with explicit dynamic factor; not measured or certified tire data."
"245/55R19","245","55","19","752.1","376.05","2362.792","0.97","364.769","2291.908","geometric_estimate","Nominal geometry estimate with explicit dynamic factor; not measured or certified tire data."
"245/60R12","245","60","12","598.8","299.4","1881.186","0.97","290.418","1824.75","geometric_estimate","Nominal geometry estimate with explicit dynamic factor; not measured or certified tire data."
"245/60R13","245","60","13","624.2","312.1","1960.982","0.97","302.737","1902.153","geometric_estimate","Nominal geometry estimate with explicit dynamic factor; not measured or certified tire data."
"245/60R14","245","60","14","649.6","324.8","2040.779","0.97","315.056","1979.555","geometric_estimate","Nominal geometry estimate with explicit dynamic factor; not measured or certified tire data."
"245/60R15","245","60","15","675","337.5","2120.575","0.97","327.375","2056.958","geometric_estimate","Nominal geometry estimate with explicit dynamic factor; not measured or certified tire data."
"245/60R16","245","60","16","700.4","350.2","2200.371","0.97","339.694","2134.36","geometric_estimate","Nominal geometry estimate with explicit dynamic factor; not measured or certified tire data."
"245/60R17","245","60","17","725.8","362.9","2280.168","0.97","352.013","2211.763","geometric_estimate","Nominal geometry estimate with explicit dynamic factor; not measured or certified tire data."
"245/65R12","245","65","12","623.3","311.65","1958.155","0.97","302.301","1899.41","geometric_estimate","Nominal geometry estimate with explicit dynamic factor; not measured or certified tire data."
"245/65R13","245","65","13","648.7","324.35","2037.951","0.97","314.62","1976.813","geometric_estimate","Nominal geometry estimate with explicit dynamic factor; not measured or certified tire data."
"245/65R14","245","65","14","674.1","337.05","2117.748","0.97","326.939","2054.215","geometric_estimate","Nominal geometry estimate with explicit dynamic factor; not measured or certified tire data."
"245/65R15","245","65","15","699.5","349.75","2197.544","0.97","339.258","2131.618","geometric_estimate","Nominal geometry estimate with explicit dynamic factor; not measured or certified tire data."
"245/65R16","245","65","16","724.9","362.45","2277.341","0.97","351.577","2209.02","geometric_estimate","Nominal geometry estimate with explicit dynamic factor; not measured or certified tire data."
"245/65R17","245","65","17","750.3","375.15","2357.137","0.97","363.896","2286.423","geometric_estimate","Nominal geometry estimate with explicit dynamic factor; not measured or certified tire data."
"245/70R10","245","70","10","597","298.5","1875.531","0.97","289.545","1819.265","geometric_estimate","Nominal geometry estimate with explicit dynamic factor; not measured or certified tire data."
"245/70R12","245","70","12","647.8","323.9","2035.124","0.97","314.183","1974.07","geometric_estimate","Nominal geometry estimate with explicit dynamic factor; not measured or certified tire data."
"245/70R13","245","70","13","673.2","336.6","2114.92","0.97","326.502","2051.473","geometric_estimate","Nominal geometry estimate with explicit dynamic factor; not measured or certified tire data."
"245/70R14","245","70","14","698.6","349.3","2194.717","0.97","338.821","2128.875","geometric_estimate","Nominal geometry estimate with explicit dynamic factor; not measured or certified tire data."
"245/70R15","245","70","15","724","362","2274.513","0.97","351.14","2206.278","geometric_estimate","Nominal geometry estimate with explicit dynamic factor; not measured or certified tire data."
"245/70R16","245","70","16","749.4","374.7","2354.31","0.97","363.459","2283.68","geometric_estimate","Nominal geometry estimate with explicit dynamic factor; not measured or certified tire data."
"245/75R10","245","75","10","621.5","310.75","1952.5","0.97","301.428","1893.925","geometric_estimate","Nominal geometry estimate with explicit dynamic factor; not measured or certified tire data."
"245/75R12","245","75","12","672.3","336.15","2112.093","0.97","326.066","2048.73","geometric_estimate","Nominal geometry estimate with explicit dynamic factor; not measured or certified tire data."
"245/75R13","245","75","13","697.7","348.85","2191.889","0.97","338.385","2126.133","geometric_estimate","Nominal geometry estimate with explicit dynamic factor; not measured or certified tire data."
"245/75R14","245","75","14","723.1","361.55","2271.686","0.97","350.704","2203.535","geometric_estimate","Nominal geometry estimate with explicit dynamic factor; not measured or certified tire data."
"245/75R15","245","75","15","748.5","374.25","2351.482","0.97","363.023","2280.938","geometric_estimate","Nominal geometry estimate with explicit dynamic factor; not measured or certified tire data."
"245/75R16","245","75","16","773.9","386.95","2431.279","0.97","375.342","2358.34","geometric_estimate","Nominal geometry estimate with explicit dynamic factor; not measured or certified tire data."
"245/75R17","245","75","17","799.3","399.65","2511.075","0.97","387.661","2435.743","geometric_estimate","Nominal geometry estimate with explicit dynamic factor; not measured or certified tire data."
"255/35R15","255","35","15","559.5","279.75","1757.721","0.97","271.358","1704.989","geometric_estimate","Nominal geometry estimate with explicit dynamic factor; not measured or certified tire data."
"255/35R16","255","35","16","584.9","292.45","1837.518","0.97","283.677","1782.392","geometric_estimate","Nominal geometry estimate with explicit dynamic factor; not measured or certified tire data."
"255/35R17","255","35","17","610.3","305.15","1917.314","0.97","295.996","1859.795","geometric_estimate","Nominal geometry estimate with explicit dynamic factor; not measured or certified tire data."
"255/35R18","255","35","18","635.7","317.85","1997.11","0.97","308.315","1937.197","geometric_estimate","Nominal geometry estimate with explicit dynamic factor; not measured or certified tire data."
"255/35R19","255","35","19","661.1","330.55","2076.907","0.97","320.634","2014.6","geometric_estimate","Nominal geometry estimate with explicit dynamic factor; not measured or certified tire data."
"255/35R20","255","35","20","686.5","343.25","2156.703","0.97","332.953","2092.002","geometric_estimate","Nominal geometry estimate with explicit dynamic factor; not measured or certified tire data."
"255/40R15","255","40","15","585","292.5","1837.832","0.97","283.725","1782.697","geometric_estimate","Nominal geometry estimate with explicit dynamic factor; not measured or certified tire data."
"255/40R16","255","40","16","610.4","305.2","1917.628","0.97","296.044","1860.099","geometric_estimate","Nominal geometry estimate with explicit dynamic factor; not measured or certified tire data."
"255/40R17","255","40","17","635.8","317.9","1997.425","0.97","308.363","1937.502","geometric_estimate","Nominal geometry estimate with explicit dynamic factor; not measured or certified tire data."
"255/40R18","255","40","18","661.2","330.6","2077.221","0.97","320.682","2014.904","geometric_estimate","Nominal geometry estimate with explicit dynamic factor; not measured or certified tire data."
"255/40R19","255","40","19","686.6","343.3","2157.018","0.97","333.001","2092.307","geometric_estimate","Nominal geometry estimate with explicit dynamic factor; not measured or certified tire data."
"255/40R20","255","40","20","712","356","2236.814","0.97","345.32","2169.71","geometric_estimate","Nominal geometry estimate with explicit dynamic factor; not measured or certified tire data."
"255/45R14","255","45","14","585.1","292.55","1838.146","0.97","283.774","1783.001","geometric_estimate","Nominal geometry estimate with explicit dynamic factor; not measured or certified tire data."
"255/45R15","255","45","15","610.5","305.25","1917.942","0.97","296.093","1860.404","geometric_estimate","Nominal geometry estimate with explicit dynamic factor; not measured or certified tire data."
"255/45R16","255","45","16","635.9","317.95","1997.739","0.97","308.412","1937.807","geometric_estimate","Nominal geometry estimate with explicit dynamic factor; not measured or certified tire data."
"255/45R17","255","45","17","661.3","330.65","2077.535","0.97","320.731","2015.209","geometric_estimate","Nominal geometry estimate with explicit dynamic factor; not measured or certified tire data."
"255/45R18","255","45","18","686.7","343.35","2157.332","0.97","333.05","2092.612","geometric_estimate","Nominal geometry estimate with explicit dynamic factor; not measured or certified tire data."
"255/45R19","255","45","19","712.1","356.05","2237.128","0.97","345.369","2170.014","geometric_estimate","Nominal geometry estimate with explicit dynamic factor; not measured or certified tire data."
"255/50R13","255","50","13","585.2","292.6","1838.46","0.97","283.822","1783.306","geometric_estimate","Nominal geometry estimate with explicit dynamic factor; not measured or certified tire data."
"255/50R14","255","50","14","610.6","305.3","1918.256","0.97","296.141","1860.709","geometric_estimate","Nominal geometry estimate with explicit dynamic factor; not measured or certified tire data."
"255/50R15","255","50","15","636","318","1998.053","0.97","308.46","1938.111","geometric_estimate","Nominal geometry estimate with explicit dynamic factor; not measured or certified tire data."
"255/50R16","255","50","16","661.4","330.7","2077.849","0.97","320.779","2015.514","geometric_estimate","Nominal geometry estimate with explicit dynamic factor; not measured or certified tire data."
"255/50R17","255","50","17","686.8","343.4","2157.646","0.97","333.098","2092.916","geometric_estimate","Nominal geometry estimate with explicit dynamic factor; not measured or certified tire data."
"255/50R18","255","50","18","712.2","356.1","2237.442","0.97","345.417","2170.319","geometric_estimate","Nominal geometry estimate with explicit dynamic factor; not measured or certified tire data."
"255/55R14","255","55","14","636.1","318.05","1998.367","0.97","308.509","1938.416","geometric_estimate","Nominal geometry estimate with explicit dynamic factor; not measured or certified tire data."
"255/55R15","255","55","15","661.5","330.75","2078.164","0.97","320.828","2015.819","geometric_estimate","Nominal geometry estimate with explicit dynamic factor; not measured or certified tire data."
"255/55R16","255","55","16","686.9","343.45","2157.96","0.97","333.147","2093.221","geometric_estimate","Nominal geometry estimate with explicit dynamic factor; not measured or certified tire data."
"255/55R17","255","55","17","712.3","356.15","2237.756","0.97","345.466","2170.624","geometric_estimate","Nominal geometry estimate with explicit dynamic factor; not measured or certified tire data."
"255/55R18","255","55","18","737.7","368.85","2317.553","0.97","357.785","2248.026","geometric_estimate","Nominal geometry estimate with explicit dynamic factor; not measured or certified tire data."
"255/55R19","255","55","19","763.1","381.55","2397.349","0.97","370.104","2325.429","geometric_estimate","Nominal geometry estimate with explicit dynamic factor; not measured or certified tire data."
"255/60R12","255","60","12","610.8","305.4","1918.885","0.97","296.238","1861.318","geometric_estimate","Nominal geometry estimate with explicit dynamic factor; not measured or certified tire data."
"255/60R13","255","60","13","636.2","318.1","1998.681","0.97","308.557","1938.721","geometric_estimate","Nominal geometry estimate with explicit dynamic factor; not measured or certified tire data."
"255/60R14","255","60","14","661.6","330.8","2078.478","0.97","320.876","2016.123","geometric_estimate","Nominal geometry estimate with explicit dynamic factor; not measured or certified tire data."
"255/60R15","255","60","15","687","343.5","2158.274","0.97","333.195","2093.526","geometric_estimate","Nominal geometry estimate with explicit dynamic factor; not measured or certified tire data."
"255/60R16","255","60","16","712.4","356.2","2238.071","0.97","345.514","2170.928","geometric_estimate","Nominal geometry estimate with explicit dynamic factor; not measured or certified tire data."
"255/60R17","255","60","17","737.8","368.9","2317.867","0.97","357.833","2248.331","geometric_estimate","Nominal geometry estimate with explicit dynamic factor; not measured or certified tire data."
"255/65R12","255","65","12","636.3","318.15","1998.995","0.97","308.606","1939.026","geometric_estimate","Nominal geometry estimate with explicit dynamic factor; not measured or certified tire data."
"255/65R13","255","65","13","661.7","330.85","2078.792","0.97","320.925","2016.428","geometric_estimate","Nominal geometry estimate with explicit dynamic factor; not measured or certified tire data."
"255/65R14","255","65","14","687.1","343.55","2158.588","0.97","333.244","2093.831","geometric_estimate","Nominal geometry estimate with explicit dynamic factor; not measured or certified tire data."
"255/65R15","255","65","15","712.5","356.25","2238.385","0.97","345.563","2171.233","geometric_estimate","Nominal geometry estimate with explicit dynamic factor; not measured or certified tire data."
"255/65R16","255","65","16","737.9","368.95","2318.181","0.97","357.882","2248.636","geometric_estimate","Nominal geometry estimate with explicit dynamic factor; not measured or certified tire data."
"255/65R17","255","65","17","763.3","381.65","2397.978","0.97","370.201","2326.038","geometric_estimate","Nominal geometry estimate with explicit dynamic factor; not measured or certified tire data."
"255/70R10","255","70","10","611","305.5","1919.513","0.97","296.335","1861.928","geometric_estimate","Nominal geometry estimate with explicit dynamic factor; not measured or certified tire data."
"255/70R12","255","70","12","661.8","330.9","2079.106","0.97","320.973","2016.733","geometric_estimate","Nominal geometry estimate with explicit dynamic factor; not measured or certified tire data."
"255/70R13","255","70","13","687.2","343.6","2158.902","0.97","333.292","2094.135","geometric_estimate","Nominal geometry estimate with explicit dynamic factor; not measured or certified tire data."
"255/70R14","255","70","14","712.6","356.3","2238.699","0.97","345.611","2171.538","geometric_estimate","Nominal geometry estimate with explicit dynamic factor; not measured or certified tire data."
"255/70R15","255","70","15","738","369","2318.495","0.97","357.93","2248.941","geometric_estimate","Nominal geometry estimate with explicit dynamic factor; not measured or certified tire data."
"255/70R16","255","70","16","763.4","381.7","2398.292","0.97","370.249","2326.343","geometric_estimate","Nominal geometry estimate with explicit dynamic factor; not measured or certified tire data."
"255/70R18","255","70","18","814.2","407.1","2557.885","0.97","394.887","2481.148","geometric_estimate","Nominal geometry estimate with explicit dynamic factor; not measured or certified tire data."
"255/75R10","255","75","10","636.5","318.25","1999.624","0.97","308.703","1939.635","geometric_estimate","Nominal geometry estimate with explicit dynamic factor; not measured or certified tire data."
"255/75R12","255","75","12","687.3","343.65","2159.217","0.97","333.341","2094.44","geometric_estimate","Nominal geometry estimate with explicit dynamic factor; not measured or certified tire data."
"255/75R13","255","75","13","712.7","356.35","2239.013","0.97","345.66","2171.843","geometric_estimate","Nominal geometry estimate with explicit dynamic factor; not measured or certified tire data."
"255/75R14","255","75","14","738.1","369.05","2318.81","0.97","357.979","2249.245","geometric_estimate","Nominal geometry estimate with explicit dynamic factor; not measured or certified tire data."
"255/75R15","255","75","15","763.5","381.75","2398.606","0.97","370.298","2326.648","geometric_estimate","Nominal geometry estimate with explicit dynamic factor; not measured or certified tire data."
"255/75R16","255","75","16","788.9","394.45","2478.402","0.97","382.617","2404.05","geometric_estimate","Nominal geometry estimate with explicit dynamic factor; not measured or certified tire data."
"255/75R17","255","75","17","814.3","407.15","2558.199","0.97","394.936","2481.453","geometric_estimate","Nominal geometry estimate with explicit dynamic factor; not measured or certified tire data."
"265/30R15","265","30","15","540","270","1696.46","0.97","261.9","1645.566","geometric_estimate","Nominal geometry estimate with explicit dynamic factor; not measured or certified tire data."
"265/30R16","265","30","16","565.4","282.7","1776.256","0.97","274.219","1722.969","geometric_estimate","Nominal geometry estimate with explicit dynamic factor; not measured or certified tire data."
"265/30R17","265","30","17","590.8","295.4","1856.053","0.97","286.538","1800.371","geometric_estimate","Nominal geometry estimate with explicit dynamic factor; not measured or certified tire data."
"265/30R18","265","30","18","616.2","308.1","1935.849","0.97","298.857","1877.774","geometric_estimate","Nominal geometry estimate with explicit dynamic factor; not measured or certified tire data."
"265/30R19","265","30","19","641.6","320.8","2015.646","0.97","311.176","1955.176","geometric_estimate","Nominal geometry estimate with explicit dynamic factor; not measured or certified tire data."
"265/30R20","265","30","20","667","333.5","2095.442","0.97","323.495","2032.579","geometric_estimate","Nominal geometry estimate with explicit dynamic factor; not measured or certified tire data."
"265/35R15","265","35","15","566.5","283.25","1779.712","0.97","274.753","1726.321","geometric_estimate","Nominal geometry estimate with explicit dynamic factor; not measured or certified tire data."
"265/35R16","265","35","16","591.9","295.95","1859.509","0.97","287.072","1803.723","geometric_estimate","Nominal geometry estimate with explicit dynamic factor; not measured or certified tire data."
"265/35R17","265","35","17","617.3","308.65","1939.305","0.97","299.391","1881.126","geometric_estimate","Nominal geometry estimate with explicit dynamic factor; not measured or certified tire data."
"265/35R18","265","35","18","642.7","321.35","2019.102","0.97","311.71","1958.529","geometric_estimate","Nominal geometry estimate with explicit dynamic factor; not measured or certified tire data."
"265/35R19","265","35","19","668.1","334.05","2098.898","0.97","324.029","2035.931","geometric_estimate","Nominal geometry estimate with explicit dynamic factor; not measured or certified tire data."
"265/35R20","265","35","20","693.5","346.75","2178.695","0.97","336.348","2113.334","geometric_estimate","Nominal geometry estimate with explicit dynamic factor; not measured or certified tire data."
"265/40R15","265","40","15","593","296.5","1862.964","0.97","287.605","1807.076","geometric_estimate","Nominal geometry estimate with explicit dynamic factor; not measured or certified tire data."
"265/40R16","265","40","16","618.4","309.2","1942.761","0.97","299.924","1884.478","geometric_estimate","Nominal geometry estimate with explicit dynamic factor; not measured or certified tire data."
"265/40R17","265","40","17","643.8","321.9","2022.557","0.97","312.243","1961.881","geometric_estimate","Nominal geometry estimate with explicit dynamic factor; not measured or certified tire data."
"265/40R18","265","40","18","669.2","334.6","2102.354","0.97","324.562","2039.283","geometric_estimate","Nominal geometry estimate with explicit dynamic factor; not measured or certified tire data."
"265/40R19","265","40","19","694.6","347.3","2182.15","0.97","336.881","2116.686","geometric_estimate","Nominal geometry estimate with explicit dynamic factor; not measured or certified tire data."
"265/40R20","265","40","20","720","360","2261.947","0.97","349.2","2194.088","geometric_estimate","Nominal geometry estimate with explicit dynamic factor; not measured or certified tire data."
"265/45R14","265","45","14","594.1","297.05","1866.42","0.97","288.139","1810.428","geometric_estimate","Nominal geometry estimate with explicit dynamic factor; not measured or certified tire data."
"265/45R15","265","45","15","619.5","309.75","1946.217","0.97","300.458","1887.83","geometric_estimate","Nominal geometry estimate with explicit dynamic factor; not measured or certified tire data."
"265/45R16","265","45","16","644.9","322.45","2026.013","0.97","312.777","1965.233","geometric_estimate","Nominal geometry estimate with explicit dynamic factor; not measured or certified tire data."
"265/45R17","265","45","17","670.3","335.15","2105.81","0.97","325.096","2042.635","geometric_estimate","Nominal geometry estimate with explicit dynamic factor; not measured or certified tire data."
"265/45R18","265","45","18","695.7","347.85","2185.606","0.97","337.415","2120.038","geometric_estimate","Nominal geometry estimate with explicit dynamic factor; not measured or certified tire data."
"265/45R19","265","45","19","721.1","360.55","2265.402","0.97","349.734","2197.44","geometric_estimate","Nominal geometry estimate with explicit dynamic factor; not measured or certified tire data."
"265/50R13","265","50","13","595.2","297.6","1869.876","0.97","288.672","1813.78","geometric_estimate","Nominal geometry estimate with explicit dynamic factor; not measured or certified tire data."
"265/50R14","265","50","14","620.6","310.3","1949.672","0.97","300.991","1891.182","geometric_estimate","Nominal geometry estimate with explicit dynamic factor; not measured or certified tire data."
"265/50R15","265","50","15","646","323","2029.469","0.97","313.31","1968.585","geometric_estimate","Nominal geometry estimate with explicit dynamic factor; not measured or certified tire data."
"265/50R16","265","50","16","671.4","335.7","2109.265","0.97","325.629","2045.987","geometric_estimate","Nominal geometry estimate with explicit dynamic factor; not measured or certified tire data."
"265/50R17","265","50","17","696.8","348.4","2189.062","0.97","337.948","2123.39","geometric_estimate","Nominal geometry estimate with explicit dynamic factor; not measured or certified tire data."
"265/50R18","265","50","18","722.2","361.1","2268.858","0.97","350.267","2200.792","geometric_estimate","Nominal geometry estimate with explicit dynamic factor; not measured or certified tire data."
"265/55R14","265","55","14","647.1","323.55","2032.925","0.97","313.844","1971.937","geometric_estimate","Nominal geometry estimate with explicit dynamic factor; not measured or certified tire data."
"265/55R15","265","55","15","672.5","336.25","2112.721","0.97","326.163","2049.339","geometric_estimate","Nominal geometry estimate with explicit dynamic factor; not measured or certified tire data."
"265/55R16","265","55","16","697.9","348.95","2192.518","0.97","338.482","2126.742","geometric_estimate","Nominal geometry estimate with explicit dynamic factor; not measured or certified tire data."
"265/55R17","265","55","17","723.3","361.65","2272.314","0.97","350.801","2204.145","geometric_estimate","Nominal geometry estimate with explicit dynamic factor; not measured or certified tire data."
"265/55R18","265","55","18","748.7","374.35","2352.11","0.97","363.12","2281.547","geometric_estimate","Nominal geometry estimate with explicit dynamic factor; not measured or certified tire data."
"265/55R19","265","55","19","774.1","387.05","2431.907","0.97","375.439","2358.95","geometric_estimate","Nominal geometry estimate with explicit dynamic factor; not measured or certified tire data."
"265/60R12","265","60","12","622.8","311.4","1956.584","0.97","302.058","1897.886","geometric_estimate","Nominal geometry estimate with explicit dynamic factor; not measured or certified tire data."
"265/60R13","265","60","13","648.2","324.1","2036.38","0.97","314.377","1975.289","geometric_estimate","Nominal geometry estimate with explicit dynamic factor; not measured or certified tire data."
"265/60R14","265","60","14","673.6","336.8","2116.177","0.97","326.696","2052.692","geometric_estimate","Nominal geometry estimate with explicit dynamic factor; not measured or certified tire data."
"265/60R15","265","60","15","699","349.5","2195.973","0.97","339.015","2130.094","geometric_estimate","Nominal geometry estimate with explicit dynamic factor; not measured or certified tire data."
"265/60R16","265","60","16","724.4","362.2","2275.77","0.97","351.334","2207.497","geometric_estimate","Nominal geometry estimate with explicit dynamic factor; not measured or certified tire data."
"265/60R17","265","60","17","749.8","374.9","2355.566","0.97","363.653","2284.899","geometric_estimate","Nominal geometry estimate with explicit dynamic factor; not measured or certified tire data."
"265/60R18","265","60","18","775.2","387.6","2435.363","0.97","375.972","2362.302","geometric_estimate","Nominal geometry estimate with explicit dynamic factor; not measured or certified tire data."
"265/65R12","265","65","12","649.3","324.65","2039.836","0.97","314.911","1978.641","geometric_estimate","Nominal geometry estimate with explicit dynamic factor; not measured or certified tire data."
"265/65R13","265","65","13","674.7","337.35","2119.633","0.97","327.23","2056.044","geometric_estimate","Nominal geometry estimate with explicit dynamic factor; not measured or certified tire data."
"265/65R14","265","65","14","700.1","350.05","2199.429","0.97","339.549","2133.446","geometric_estimate","Nominal geometry estimate with explicit dynamic factor; not measured or certified tire data."
"265/65R15","265","65","15","725.5","362.75","2279.225","0.97","351.868","2210.849","geometric_estimate","Nominal geometry estimate with explicit dynamic factor; not measured or certified tire data."
"265/65R16","265","65","16","750.9","375.45","2359.022","0.97","364.187","2288.251","geometric_estimate","Nominal geometry estimate with explicit dynamic factor; not measured or certified tire data."
"265/65R17","265","65","17","776.3","388.15","2438.818","0.97","376.506","2365.654","geometric_estimate","Nominal geometry estimate with explicit dynamic factor; not measured or certified tire data."
"265/70R10","265","70","10","625","312.5","1963.495","0.97","303.125","1904.591","geometric_estimate","Nominal geometry estimate with explicit dynamic factor; not measured or certified tire data."
"265/70R12","265","70","12","675.8","337.9","2123.088","0.97","327.763","2059.396","geometric_estimate","Nominal geometry estimate with explicit dynamic factor; not measured or certified tire data."
"265/70R13","265","70","13","701.2","350.6","2202.885","0.97","340.082","2136.798","geometric_estimate","Nominal geometry estimate with explicit dynamic factor; not measured or certified tire data."
"265/70R14","265","70","14","726.6","363.3","2282.681","0.97","352.401","2214.201","geometric_estimate","Nominal geometry estimate with explicit dynamic factor; not measured or certified tire data."
"265/70R15","265","70","15","752","376","2362.478","0.97","364.72","2291.603","geometric_estimate","Nominal geometry estimate with explicit dynamic factor; not measured or certified tire data."
"265/70R16","265","70","16","777.4","388.7","2442.274","0.97","377.039","2369.006","geometric_estimate","Nominal geometry estimate with explicit dynamic factor; not measured or certified tire data."
"275/30R15","275","30","15","546","273","1715.31","0.97","264.81","1663.85","geometric_estimate","Nominal geometry estimate with explicit dynamic factor; not measured or certified tire data."
"275/30R16","275","30","16","571.4","285.7","1795.106","0.97","277.129","1741.253","geometric_estimate","Nominal geometry estimate with explicit dynamic factor; not measured or certified tire data."
"275/30R17","275","30","17","596.8","298.4","1874.902","0.97","289.448","1818.655","geometric_estimate","Nominal geometry estimate with explicit dynamic factor; not measured or certified tire data."
"275/30R18","275","30","18","622.2","311.1","1954.699","0.97","301.767","1896.058","geometric_estimate","Nominal geometry estimate with explicit dynamic factor; not measured or certified tire data."
"275/30R19","275","30","19","647.6","323.8","2034.495","0.97","314.086","1973.461","geometric_estimate","Nominal geometry estimate with explicit dynamic factor; not measured or certified tire data."
"275/30R20","275","30","20","673","336.5","2114.292","0.97","326.405","2050.863","geometric_estimate","Nominal geometry estimate with explicit dynamic factor; not measured or certified tire data."
"275/35R15","275","35","15","573.5","286.75","1801.703","0.97","278.148","1747.652","geometric_estimate","Nominal geometry estimate with explicit dynamic factor; not measured or certified tire data."
"275/35R16","275","35","16","598.9","299.45","1881.5","0.97","290.467","1825.055","geometric_estimate","Nominal geometry estimate with explicit dynamic factor; not measured or certified tire data."
"275/35R17","275","35","17","624.3","312.15","1961.296","0.97","302.786","1902.457","geometric_estimate","Nominal geometry estimate with explicit dynamic factor; not measured or certified tire data."
"275/35R18","275","35","18","649.7","324.85","2041.093","0.97","315.105","1979.86","geometric_estimate","Nominal geometry estimate with explicit dynamic factor; not measured or certified tire data."
"275/35R19","275","35","19","675.1","337.55","2120.889","0.97","327.424","2057.263","geometric_estimate","Nominal geometry estimate with explicit dynamic factor; not measured or certified tire data."
"275/35R20","275","35","20","700.5","350.25","2200.686","0.97","339.743","2134.665","geometric_estimate","Nominal geometry estimate with explicit dynamic factor; not measured or certified tire data."
"275/40R15","275","40","15","601","300.5","1888.097","0.97","291.485","1831.454","geometric_estimate","Nominal geometry estimate with explicit dynamic factor; not measured or certified tire data."
"275/40R16","275","40","16","626.4","313.2","1967.894","0.97","303.804","1908.857","geometric_estimate","Nominal geometry estimate with explicit dynamic factor; not measured or certified tire data."
"275/40R17","275","40","17","651.8","325.9","2047.69","0.97","316.123","1986.259","geometric_estimate","Nominal geometry estimate with explicit dynamic factor; not measured or certified tire data."
"275/40R18","275","40","18","677.2","338.6","2127.487","0.97","328.442","2063.662","geometric_estimate","Nominal geometry estimate with explicit dynamic factor; not measured or certified tire data."
"275/40R19","275","40","19","702.6","351.3","2207.283","0.97","340.761","2141.065","geometric_estimate","Nominal geometry estimate with explicit dynamic factor; not measured or certified tire data."
"275/40R20","275","40","20","728","364","2287.079","0.97","353.08","2218.467","geometric_estimate","Nominal geometry estimate with explicit dynamic factor; not measured or certified tire data."
"275/45R14","275","45","14","603.1","301.55","1894.695","0.97","292.504","1837.854","geometric_estimate","Nominal geometry estimate with explicit dynamic factor; not measured or certified tire data."
"275/45R15","275","45","15","628.5","314.25","1974.491","0.97","304.823","1915.256","geometric_estimate","Nominal geometry estimate with explicit dynamic factor; not measured or certified tire data."
"275/45R16","275","45","16","653.9","326.95","2054.287","0.97","317.142","1992.659","geometric_estimate","Nominal geometry estimate with explicit dynamic factor; not measured or certified tire data."
"275/45R17","275","45","17","679.3","339.65","2134.084","0.97","329.461","2070.061","geometric_estimate","Nominal geometry estimate with explicit dynamic factor; not measured or certified tire data."
"275/45R18","275","45","18","704.7","352.35","2213.88","0.97","341.78","2147.464","geometric_estimate","Nominal geometry estimate with explicit dynamic factor; not measured or certified tire data."
"275/45R19","275","45","19","730.1","365.05","2293.677","0.97","354.099","2224.866","geometric_estimate","Nominal geometry estimate with explicit dynamic factor; not measured or certified tire data."
"275/50R13","275","50","13","605.2","302.6","1901.292","0.97","293.522","1844.253","geometric_estimate","Nominal geometry estimate with explicit dynamic factor; not measured or certified tire data."
"275/50R14","275","50","14","630.6","315.3","1981.088","0.97","305.841","1921.656","geometric_estimate","Nominal geometry estimate with explicit dynamic factor; not measured or certified tire data."
"275/50R15","275","50","15","656","328","2060.885","0.97","318.16","1999.058","geometric_estimate","Nominal geometry estimate with explicit dynamic factor; not measured or certified tire data."
"275/50R16","275","50","16","681.4","340.7","2140.681","0.97","330.479","2076.461","geometric_estimate","Nominal geometry estimate with explicit dynamic factor; not measured or certified tire data."
"275/50R17","275","50","17","706.8","353.4","2220.478","0.97","342.798","2153.863","geometric_estimate","Nominal geometry estimate with explicit dynamic factor; not measured or certified tire data."
"275/50R18","275","50","18","732.2","366.1","2300.274","0.97","355.117","2231.266","geometric_estimate","Nominal geometry estimate with explicit dynamic factor; not measured or certified tire data."
"275/55R14","275","55","14","658.1","329.05","2067.482","0.97","319.179","2005.458","geometric_estimate","Nominal geometry estimate with explicit dynamic factor; not measured or certified tire data."
"275/55R15","275","55","15","683.5","341.75","2147.279","0.97","331.498","2082.86","geometric_estimate","Nominal geometry estimate with explicit dynamic factor; not measured or certified tire data."
"275/55R16","275","55","16","708.9","354.45","2227.075","0.97","343.817","2160.263","geometric_estimate","Nominal geometry estimate with explicit dynamic factor; not measured or certified tire data."
"275/55R17","275","55","17","734.3","367.15","2306.871","0.97","356.136","2237.665","geometric_estimate","Nominal geometry estimate with explicit dynamic factor; not measured or certified tire data."
"275/55R18","275","55","18","759.7","379.85","2386.668","0.97","368.455","2315.068","geometric_estimate","Nominal geometry estimate with explicit dynamic factor; not measured or certified tire data."
"275/55R19","275","55","19","785.1","392.55","2466.464","0.97","380.774","2392.47","geometric_estimate","Nominal geometry estimate with explicit dynamic factor; not measured or certified tire data."
"275/60R12","275","60","12","634.8","317.4","1994.283","0.97","307.878","1934.455","geometric_estimate","Nominal geometry estimate with explicit dynamic factor; not measured or certified tire data."
"275/60R13","275","60","13","660.2","330.1","2074.079","0.97","320.197","2011.857","geometric_estimate","Nominal geometry estimate with explicit dynamic factor; not measured or certified tire data."
"275/60R14","275","60","14","685.6","342.8","2153.876","0.97","332.516","2089.26","geometric_estimate","Nominal geometry estimate with explicit dynamic factor; not measured or certified tire data."
"275/60R15","275","60","15","711","355.5","2233.672","0.97","344.835","2166.662","geometric_estimate","Nominal geometry estimate with explicit dynamic factor; not measured or certified tire data."
"275/60R16","275","60","16","736.4","368.2","2313.469","0.97","357.154","2244.065","geometric_estimate","Nominal geometry estimate with explicit dynamic factor; not measured or certified tire data."
"275/60R17","275","60","17","761.8","380.9","2393.265","0.97","369.473","2321.467","geometric_estimate","Nominal geometry estimate with explicit dynamic factor; not measured or certified tire data."
"275/60R20","275","60","20","838","419","2632.655","0.97","406.43","2553.675","geometric_estimate","Nominal geometry estimate with explicit dynamic factor; not measured or certified tire data."
"275/65R12","275","65","12","662.3","331.15","2080.677","0.97","321.216","2018.257","geometric_estimate","Nominal geometry estimate with explicit dynamic factor; not measured or certified tire data."
"275/65R13","275","65","13","687.7","343.85","2160.473","0.97","333.535","2095.659","geometric_estimate","Nominal geometry estimate with explicit dynamic factor; not measured or certified tire data."
"275/65R14","275","65","14","713.1","356.55","2240.27","0.97","345.854","2173.062","geometric_estimate","Nominal geometry estimate with explicit dynamic factor; not measured or certified tire data."
"275/65R15","275","65","15","738.5","369.25","2320.066","0.97","358.173","2250.464","geometric_estimate","Nominal geometry estimate with explicit dynamic factor; not measured or certified tire data."
"275/65R16","275","65","16","763.9","381.95","2399.863","0.97","370.492","2327.867","geometric_estimate","Nominal geometry estimate with explicit dynamic factor; not measured or certified tire data."
"275/65R17","275","65","17","789.3","394.65","2479.659","0.97","382.811","2405.269","geometric_estimate","Nominal geometry estimate with explicit dynamic factor; not measured or certified tire data."
"275/65R18","275","65","18","814.7","407.35","2559.456","0.97","395.13","2482.672","geometric_estimate","Nominal geometry estimate with explicit dynamic factor; not measured or certified tire data."
"275/70R10","275","70","10","639","319.5","2007.478","0.97","309.915","1947.253","geometric_estimate","Nominal geometry estimate with explicit dynamic factor; not measured or certified tire data."
"275/70R12","275","70","12","689.8","344.9","2167.071","0.97","334.553","2102.058","geometric_estimate","Nominal geometry estimate with explicit dynamic factor; not measured or certified tire data."
"275/70R13","275","70","13","715.2","357.6","2246.867","0.97","346.872","2179.461","geometric_estimate","Nominal geometry estimate with explicit dynamic factor; not measured or certified tire data."
"275/70R14","275","70","14","740.6","370.3","2326.664","0.97","359.191","2256.864","geometric_estimate","Nominal geometry estimate with explicit dynamic factor; not measured or certified tire data."
"275/70R15","275","70","15","766","383","2406.46","0.97","371.51","2334.266","geometric_estimate","Nominal geometry estimate with explicit dynamic factor; not measured or certified tire data."
"275/70R16","275","70","16","791.4","395.7","2486.256","0.97","383.829","2411.669","geometric_estimate","Nominal geometry estimate with explicit dynamic factor; not measured or certified tire data."
"285/30R15","285","30","15","552","276","1734.159","0.97","267.72","1682.134","geometric_estimate","Nominal geometry estimate with explicit dynamic factor; not measured or certified tire data."
"285/30R16","285","30","16","577.4","288.7","1813.956","0.97","280.039","1759.537","geometric_estimate","Nominal geometry estimate with explicit dynamic factor; not measured or certified tire data."
"285/30R17","285","30","17","602.8","301.4","1893.752","0.97","292.358","1836.939","geometric_estimate","Nominal geometry estimate with explicit dynamic factor; not measured or certified tire data."
"285/30R18","285","30","18","628.2","314.1","1973.549","0.97","304.677","1914.342","geometric_estimate","Nominal geometry estimate with explicit dynamic factor; not measured or certified tire data."
"285/30R19","285","30","19","653.6","326.8","2053.345","0.97","316.996","1991.745","geometric_estimate","Nominal geometry estimate with explicit dynamic factor; not measured or certified tire data."
"285/30R20","285","30","20","679","339.5","2133.141","0.97","329.315","2069.147","geometric_estimate","Nominal geometry estimate with explicit dynamic factor; not measured or certified tire data."
"285/35R15","285","35","15","580.5","290.25","1823.695","0.97","281.543","1768.984","geometric_estimate","Nominal geometry estimate with explicit dynamic factor; not measured or certified tire data."
"285/35R16","285","35","16","605.9","302.95","1903.491","0.97","293.862","1846.386","geometric_estimate","Nominal geometry estimate with explicit dynamic factor; not measured or certified tire data."
"285/35R17","285","35","17","631.3","315.65","1983.287","0.97","306.181","1923.789","geometric_estimate","Nominal geometry estimate with explicit dynamic factor; not measured or certified tire data."
"285/35R18","285","35","18","656.7","328.35","2063.084","0.97","318.5","2001.191","geometric_estimate","Nominal geometry estimate with explicit dynamic factor; not measured or certified tire data."
"285/35R19","285","35","19","682.1","341.05","2142.88","0.97","330.819","2078.594","geometric_estimate","Nominal geometry estimate with explicit dynamic factor; not measured or certified tire data."
"285/35R20","285","35","20","707.5","353.75","2222.677","0.97","343.138","2155.996","geometric_estimate","Nominal geometry estimate with explicit dynamic factor; not measured or certified tire data."
"285/40R15","285","40","15","609","304.5","1913.23","0.97","295.365","1855.833","geometric_estimate","Nominal geometry estimate with explicit dynamic factor; not measured or certified tire data."
"285/40R16","285","40","16","634.4","317.2","1993.026","0.97","307.684","1933.236","geometric_estimate","Nominal geometry estimate with explicit dynamic factor; not measured or certified tire data."
"285/40R17","285","40","17","659.8","329.9","2072.823","0.97","320.003","2010.638","geometric_estimate","Nominal geometry estimate with explicit dynamic factor; not measured or certified tire data."
"285/40R18","285","40","18","685.2","342.6","2152.619","0.97","332.322","2088.041","geometric_estimate","Nominal geometry estimate with explicit dynamic factor; not measured or certified tire data."
"285/40R19","285","40","19","710.6","355.3","2232.416","0.97","344.641","2165.443","geometric_estimate","Nominal geometry estimate with explicit dynamic factor; not measured or certified tire data."
"285/40R20","285","40","20","736","368","2312.212","0.97","356.96","2242.846","geometric_estimate","Nominal geometry estimate with explicit dynamic factor; not measured or certified tire data."
"285/45R14","285","45","14","612.1","306.05","1922.969","0.97","296.869","1865.28","geometric_estimate","Nominal geometry estimate with explicit dynamic factor; not measured or certified tire data."
"285/45R15","285","45","15","637.5","318.75","2002.765","0.97","309.188","1942.682","geometric_estimate","Nominal geometry estimate with explicit dynamic factor; not measured or certified tire data."
"285/45R16","285","45","16","662.9","331.45","2082.562","0.97","321.507","2020.085","geometric_estimate","Nominal geometry estimate with explicit dynamic factor; not measured or certified tire data."
"285/45R17","285","45","17","688.3","344.15","2162.358","0.97","333.826","2097.487","geometric_estimate","Nominal geometry estimate with explicit dynamic factor; not measured or certified tire data."
"285/45R18","285","45","18","713.7","356.85","2242.155","0.97","346.145","2174.89","geometric_estimate","Nominal geometry estimate with explicit dynamic factor; not measured or certified tire data."
"285/45R19","285","45","19","739.1","369.55","2321.951","0.97","358.464","2252.293","geometric_estimate","Nominal geometry estimate with explicit dynamic factor; not measured or certified tire data."
"285/50R13","285","50","13","615.2","307.6","1932.708","0.97","298.372","1874.727","geometric_estimate","Nominal geometry estimate with explicit dynamic factor; not measured or certified tire data."
"285/50R14","285","50","14","640.6","320.3","2012.504","0.97","310.691","1952.129","geometric_estimate","Nominal geometry estimate with explicit dynamic factor; not measured or certified tire data."
"285/50R15","285","50","15","666","333","2092.301","0.97","323.01","2029.532","geometric_estimate","Nominal geometry estimate with explicit dynamic factor; not measured or certified tire data."
"285/50R16","285","50","16","691.4","345.7","2172.097","0.97","335.329","2106.934","geometric_estimate","Nominal geometry estimate with explicit dynamic factor; not measured or certified tire data."
"285/50R17","285","50","17","716.8","358.4","2251.894","0.97","347.648","2184.337","geometric_estimate","Nominal geometry estimate with explicit dynamic factor; not measured or certified tire data."
"285/50R18","285","50","18","742.2","371.1","2331.69","0.97","359.967","2261.739","geometric_estimate","Nominal geometry estimate with explicit dynamic factor; not measured or certified tire data."
"285/55R14","285","55","14","669.1","334.55","2102.04","0.97","324.514","2038.978","geometric_estimate","Nominal geometry estimate with explicit dynamic factor; not measured or certified tire data."
"285/55R15","285","55","15","694.5","347.25","2181.836","0.97","336.833","2116.381","geometric_estimate","Nominal geometry estimate with explicit dynamic factor; not measured or certified tire data."
"285/55R16","285","55","16","719.9","359.95","2261.633","0.97","349.152","2193.784","geometric_estimate","Nominal geometry estimate with explicit dynamic factor; not measured or certified tire data."
"285/55R17","285","55","17","745.3","372.65","2341.429","0.97","361.471","2271.186","geometric_estimate","Nominal geometry estimate with explicit dynamic factor; not measured or certified tire data."
"285/55R18","285","55","18","770.7","385.35","2421.225","0.97","373.79","2348.589","geometric_estimate","Nominal geometry estimate with explicit dynamic factor; not measured or certified tire data."
"285/55R19","285","55","19","796.1","398.05","2501.022","0.97","386.109","2425.991","geometric_estimate","Nominal geometry estimate with explicit dynamic factor; not measured or certified tire data."
"285/60R12","285","60","12","646.8","323.4","2031.982","0.97","313.698","1971.023","geometric_estimate","Nominal geometry estimate with explicit dynamic factor; not measured or certified tire data."
"285/60R13","285","60","13","672.2","336.1","2111.779","0.97","326.017","2048.425","geometric_estimate","Nominal geometry estimate with explicit dynamic factor; not measured or certified tire data."
"285/60R14","285","60","14","697.6","348.8","2191.575","0.97","338.336","2125.828","geometric_estimate","Nominal geometry estimate with explicit dynamic factor; not measured or certified tire data."
"285/60R15","285","60","15","723","361.5","2271.371","0.97","350.655","2203.23","geometric_estimate","Nominal geometry estimate with explicit dynamic factor; not measured or certified tire data."
"285/60R16","285","60","16","748.4","374.2","2351.168","0.97","362.974","2280.633","geometric_estimate","Nominal geometry estimate with explicit dynamic factor; not measured or certified tire data."
"285/60R17","285","60","17","773.8","386.9","2430.964","0.97","375.293","2358.035","geometric_estimate","Nominal geometry estimate with explicit dynamic factor; not measured or certified tire data."
"285/65R12","285","65","12","675.3","337.65","2121.518","0.97","327.521","2057.872","geometric_estimate","Nominal geometry estimate with explicit dynamic factor; not measured or certified tire data."
"285/65R13","285","65","13","700.7","350.35","2201.314","0.97","339.84","2135.275","geometric_estimate","Nominal geometry estimate with explicit dynamic factor; not measured or certified tire data."
"285/65R14","285","65","14","726.1","363.05","2281.11","0.97","352.159","2212.677","geometric_estimate","Nominal geometry estimate with explicit dynamic factor; not measured or certified tire data."
"285/65R15","285","65","15","751.5","375.75","2360.907","0.97","364.478","2290.08","geometric_estimate","Nominal geometry estimate with explicit dynamic factor; not measured or certified tire data."
"285/65R16","285","65","16","776.9","388.45","2440.703","0.97","376.797","2367.482","geometric_estimate","Nominal geometry estimate with explicit dynamic factor; not measured or certified tire data."
"285/65R17","285","65","17","802.3","401.15","2520.5","0.97","389.116","2444.885","geometric_estimate","Nominal geometry estimate with explicit dynamic factor; not measured or certified tire data."
"295/30R15","295","30","15","558","279","1753.009","0.97","270.63","1700.418","geometric_estimate","Nominal geometry estimate with explicit dynamic factor; not measured or certified tire data."
"295/30R16","295","30","16","583.4","291.7","1832.805","0.97","282.949","1777.821","geometric_estimate","Nominal geometry estimate with explicit dynamic factor; not measured or certified tire data."
"295/30R17","295","30","17","608.8","304.4","1912.602","0.97","295.268","1855.224","geometric_estimate","Nominal geometry estimate with explicit dynamic factor; not measured or certified tire data."
"295/30R18","295","30","18","634.2","317.1","1992.398","0.97","307.587","1932.626","geometric_estimate","Nominal geometry estimate with explicit dynamic factor; not measured or certified tire data."
"295/30R19","295","30","19","659.6","329.8","2072.195","0.97","319.906","2010.029","geometric_estimate","Nominal geometry estimate with explicit dynamic factor; not measured or certified tire data."
"295/30R20","295","30","20","685","342.5","2151.991","0.97","332.225","2087.431","geometric_estimate","Nominal geometry estimate with explicit dynamic factor; not measured or certified tire data."
"295/35R15","295","35","15","587.5","293.75","1845.686","0.97","284.938","1790.315","geometric_estimate","Nominal geometry estimate with explicit dynamic factor; not measured or certified tire data."
"295/35R16","295","35","16","612.9","306.45","1925.482","0.97","297.257","1867.718","geometric_estimate","Nominal geometry estimate with explicit dynamic factor; not measured or certified tire data."
"295/35R17","295","35","17","638.3","319.15","2005.279","0.97","309.576","1945.12","geometric_estimate","Nominal geometry estimate with explicit dynamic factor; not measured or certified tire data."
"295/35R18","295","35","18","663.7","331.85","2085.075","0.97","321.895","2022.523","geometric_estimate","Nominal geometry estimate with explicit dynamic factor; not measured or certified tire data."
"295/35R19","295","35","19","689.1","344.55","2164.871","0.97","334.214","2099.925","geometric_estimate","Nominal geometry estimate with explicit dynamic factor; not measured or certified tire data."
"295/35R20","295","35","20","714.5","357.25","2244.668","0.97","346.533","2177.328","geometric_estimate","Nominal geometry estimate with explicit dynamic factor; not measured or certified tire data."
"295/40R15","295","40","15","617","308.5","1938.363","0.97","299.245","1880.212","geometric_estimate","Nominal geometry estimate with explicit dynamic factor; not measured or certified tire data."
"295/40R16","295","40","16","642.4","321.2","2018.159","0.97","311.564","1957.614","geometric_estimate","Nominal geometry estimate with explicit dynamic factor; not measured or certified tire data."
"295/40R17","295","40","17","667.8","333.9","2097.956","0.97","323.883","2035.017","geometric_estimate","Nominal geometry estimate with explicit dynamic factor; not measured or certified tire data."
"295/40R18","295","40","18","693.2","346.6","2177.752","0.97","336.202","2112.419","geometric_estimate","Nominal geometry estimate with explicit dynamic factor; not measured or certified tire data."
"295/40R19","295","40","19","718.6","359.3","2257.548","0.97","348.521","2189.822","geometric_estimate","Nominal geometry estimate with explicit dynamic factor; not measured or certified tire data."
"295/40R20","295","40","20","744","372","2337.345","0.97","360.84","2267.225","geometric_estimate","Nominal geometry estimate with explicit dynamic factor; not measured or certified tire data."
"295/45R14","295","45","14","621.1","310.55","1951.243","0.97","301.234","1892.706","geometric_estimate","Nominal geometry estimate with explicit dynamic factor; not measured or certified tire data."
"295/45R15","295","45","15","646.5","323.25","2031.04","0.97","313.553","1970.108","geometric_estimate","Nominal geometry estimate with explicit dynamic factor; not measured or certified tire data."
"295/45R16","295","45","16","671.9","335.95","2110.836","0.97","325.872","2047.511","geometric_estimate","Nominal geometry estimate with explicit dynamic factor; not measured or certified tire data."
"295/45R17","295","45","17","697.3","348.65","2190.633","0.97","338.191","2124.914","geometric_estimate","Nominal geometry estimate with explicit dynamic factor; not measured or certified tire data."
"295/45R18","295","45","18","722.7","361.35","2270.429","0.97","350.51","2202.316","geometric_estimate","Nominal geometry estimate with explicit dynamic factor; not measured or certified tire data."
"295/45R19","295","45","19","748.1","374.05","2350.225","0.97","362.829","2279.719","geometric_estimate","Nominal geometry estimate with explicit dynamic factor; not measured or certified tire data."
"295/50R13","295","50","13","625.2","312.6","1964.124","0.97","303.222","1905.2","geometric_estimate","Nominal geometry estimate with explicit dynamic factor; not measured or certified tire data."
"295/50R14","295","50","14","650.6","325.3","2043.92","0.97","315.541","1982.603","geometric_estimate","Nominal geometry estimate with explicit dynamic factor; not measured or certified tire data."
"295/50R15","295","50","15","676","338","2123.717","0.97","327.86","2060.005","geometric_estimate","Nominal geometry estimate with explicit dynamic factor; not measured or certified tire data."
"295/50R16","295","50","16","701.4","350.7","2203.513","0.97","340.179","2137.408","geometric_estimate","Nominal geometry estimate with explicit dynamic factor; not measured or certified tire data."
"295/50R17","295","50","17","726.8","363.4","2283.31","0.97","352.498","2214.81","geometric_estimate","Nominal geometry estimate with explicit dynamic factor; not measured or certified tire data."
"295/50R18","295","50","18","752.2","376.1","2363.106","0.97","364.817","2292.213","geometric_estimate","Nominal geometry estimate with explicit dynamic factor; not measured or certified tire data."
"295/55R14","295","55","14","680.1","340.05","2136.597","0.97","329.849","2072.499","geometric_estimate","Nominal geometry estimate with explicit dynamic factor; not measured or certified tire data."
"295/55R15","295","55","15","705.5","352.75","2216.394","0.97","342.168","2149.902","geometric_estimate","Nominal geometry estimate with explicit dynamic factor; not measured or certified tire data."
"295/55R16","295","55","16","730.9","365.45","2296.19","0.97","354.487","2227.304","geometric_estimate","Nominal geometry estimate with explicit dynamic factor; not measured or certified tire data."
"295/55R17","295","55","17","756.3","378.15","2375.987","0.97","366.806","2304.707","geometric_estimate","Nominal geometry estimate with explicit dynamic factor; not measured or certified tire data."
"295/55R18","295","55","18","781.7","390.85","2455.783","0.97","379.125","2382.109","geometric_estimate","Nominal geometry estimate with explicit dynamic factor; not measured or certified tire data."
"295/55R19","295","55","19","807.1","403.55","2535.579","0.97","391.444","2459.512","geometric_estimate","Nominal geometry estimate with explicit dynamic factor; not measured or certified tire data."
"295/60R12","295","60","12","658.8","329.4","2069.681","0.97","319.518","2007.591","geometric_estimate","Nominal geometry estimate with explicit dynamic factor; not measured or certified tire data."
"295/60R13","295","60","13","684.2","342.1","2149.478","0.97","331.837","2084.993","geometric_estimate","Nominal geometry estimate with explicit dynamic factor; not measured or certified tire data."
"295/60R14","295","60","14","709.6","354.8","2229.274","0.97","344.156","2162.396","geometric_estimate","Nominal geometry estimate with explicit dynamic factor; not measured or certified tire data."
"295/60R15","295","60","15","735","367.5","2309.071","0.97","356.475","2239.798","geometric_estimate","Nominal geometry estimate with explicit dynamic factor; not measured or certified tire data."
"295/60R16","295","60","16","760.4","380.2","2388.867","0.97","368.794","2317.201","geometric_estimate","Nominal geometry estimate with explicit dynamic factor; not measured or certified tire data."
"295/60R17","295","60","17","785.8","392.9","2468.664","0.97","381.113","2394.604","geometric_estimate","Nominal geometry estimate with explicit dynamic factor; not measured or certified tire data."
"305/30R15","305","30","15","564","282","1771.858","0.97","273.54","1718.703","geometric_estimate","Nominal geometry estimate with explicit dynamic factor; not measured or certified tire data."
"305/30R16","305","30","16","589.4","294.7","1851.655","0.97","285.859","1796.105","geometric_estimate","Nominal geometry estimate with explicit dynamic factor; not measured or certified tire data."
"305/30R17","305","30","17","614.8","307.4","1931.451","0.97","298.178","1873.508","geometric_estimate","Nominal geometry estimate with explicit dynamic factor; not measured or certified tire data."
"305/30R18","305","30","18","640.2","320.1","2011.248","0.97","310.497","1950.91","geometric_estimate","Nominal geometry estimate with explicit dynamic factor; not measured or certified tire data."
"305/30R19","305","30","19","665.6","332.8","2091.044","0.97","322.816","2028.313","geometric_estimate","Nominal geometry estimate with explicit dynamic factor; not measured or certified tire data."
"305/30R20","305","30","20","691","345.5","2170.841","0.97","335.135","2105.715","geometric_estimate","Nominal geometry estimate with explicit dynamic factor; not measured or certified tire data."
"305/35R15","305","35","15","594.5","297.25","1867.677","0.97","288.333","1811.647","geometric_estimate","Nominal geometry estimate with explicit dynamic factor; not measured or certified tire data."
"305/35R16","305","35","16","619.9","309.95","1947.473","0.97","300.652","1889.049","geometric_estimate","Nominal geometry estimate with explicit dynamic factor; not measured or certified tire data."
"305/35R17","305","35","17","645.3","322.65","2027.27","0.97","312.971","1966.452","geometric_estimate","Nominal geometry estimate with explicit dynamic factor; not measured or certified tire data."
"305/35R18","305","35","18","670.7","335.35","2107.066","0.97","325.29","2043.854","geometric_estimate","Nominal geometry estimate with explicit dynamic factor; not measured or certified tire data."
"305/35R19","305","35","19","696.1","348.05","2186.863","0.97","337.609","2121.257","geometric_estimate","Nominal geometry estimate with explicit dynamic factor; not measured or certified tire data."
"305/35R20","305","35","20","721.5","360.75","2266.659","0.97","349.928","2198.659","geometric_estimate","Nominal geometry estimate with explicit dynamic factor; not measured or certified tire data."
"305/40R15","305","40","15","625","312.5","1963.495","0.97","303.125","1904.591","geometric_estimate","Nominal geometry estimate with explicit dynamic factor; not measured or certified tire data."
"305/40R16","305","40","16","650.4","325.2","2043.292","0.97","315.444","1981.993","geometric_estimate","Nominal geometry estimate with explicit dynamic factor; not measured or certified tire data."
"305/40R17","305","40","17","675.8","337.9","2123.088","0.97","327.763","2059.396","geometric_estimate","Nominal geometry estimate with explicit dynamic factor; not measured or certified tire data."
"305/40R18","305","40","18","701.2","350.6","2202.885","0.97","340.082","2136.798","geometric_estimate","Nominal geometry estimate with explicit dynamic factor; not measured or certified tire data."
"305/40R19","305","40","19","726.6","363.3","2282.681","0.97","352.401","2214.201","geometric_estimate","Nominal geometry estimate with explicit dynamic factor; not measured or certified tire data."
"305/40R20","305","40","20","752","376","2362.478","0.97","364.72","2291.603","geometric_estimate","Nominal geometry estimate with explicit dynamic factor; not measured or certified tire data."
"305/45R14","305","45","14","630.1","315.05","1979.518","0.97","305.599","1920.132","geometric_estimate","Nominal geometry estimate with explicit dynamic factor; not measured or certified tire data."
"305/45R15","305","45","15","655.5","327.75","2059.314","0.97","317.918","1997.535","geometric_estimate","Nominal geometry estimate with explicit dynamic factor; not measured or certified tire data."
"305/45R16","305","45","16","680.9","340.45","2139.11","0.97","330.237","2074.937","geometric_estimate","Nominal geometry estimate with explicit dynamic factor; not measured or certified tire data."
"305/45R17","305","45","17","706.3","353.15","2218.907","0.97","342.556","2152.34","geometric_estimate","Nominal geometry estimate with explicit dynamic factor; not measured or certified tire data."
"305/45R18","305","45","18","731.7","365.85","2298.703","0.97","354.875","2229.742","geometric_estimate","Nominal geometry estimate with explicit dynamic factor; not measured or certified tire data."
"305/45R19","305","45","19","757.1","378.55","2378.5","0.97","367.194","2307.145","geometric_estimate","Nominal geometry estimate with explicit dynamic factor; not measured or certified tire data."
"305/50R13","305","50","13","635.2","317.6","1995.54","0.97","308.072","1935.673","geometric_estimate","Nominal geometry estimate with explicit dynamic factor; not measured or certified tire data."
"305/50R14","305","50","14","660.6","330.3","2075.336","0.97","320.391","2013.076","geometric_estimate","Nominal geometry estimate with explicit dynamic factor; not measured or certified tire data."
"305/50R15","305","50","15","686","343","2155.133","0.97","332.71","2090.479","geometric_estimate","Nominal geometry estimate with explicit dynamic factor; not measured or certified tire data."
"305/50R16","305","50","16","711.4","355.7","2234.929","0.97","345.029","2167.881","geometric_estimate","Nominal geometry estimate with explicit dynamic factor; not measured or certified tire data."
"305/50R17","305","50","17","736.8","368.4","2314.725","0.97","357.348","2245.284","geometric_estimate","Nominal geometry estimate with explicit dynamic factor; not measured or certified tire data."
"305/50R18","305","50","18","762.2","381.1","2394.522","0.97","369.667","2322.686","geometric_estimate","Nominal geometry estimate with explicit dynamic factor; not measured or certified tire data."
"305/55R14","305","55","14","691.1","345.55","2171.155","0.97","335.184","2106.02","geometric_estimate","Nominal geometry estimate with explicit dynamic factor; not measured or certified tire data."
"305/55R15","305","55","15","716.5","358.25","2250.951","0.97","347.503","2183.423","geometric_estimate","Nominal geometry estimate with explicit dynamic factor; not measured or certified tire data."
"305/55R16","305","55","16","741.9","370.95","2330.748","0.97","359.822","2260.825","geometric_estimate","Nominal geometry estimate with explicit dynamic factor; not measured or certified tire data."
"305/55R17","305","55","17","767.3","383.65","2410.544","0.97","372.141","2338.228","geometric_estimate","Nominal geometry estimate with explicit dynamic factor; not measured or certified tire data."
"305/55R18","305","55","18","792.7","396.35","2490.34","0.97","384.46","2415.63","geometric_estimate","Nominal geometry estimate with explicit dynamic factor; not measured or certified tire data."
"305/55R19","305","55","19","818.1","409.05","2570.137","0.97","396.779","2493.033","geometric_estimate","Nominal geometry estimate with explicit dynamic factor; not measured or certified tire data."
"315/30R15","315","30","15","570","285","1790.708","0.97","276.45","1736.987","geometric_estimate","Nominal geometry estimate with explicit dynamic factor; not measured or certified tire data."
"315/30R16","315","30","16","595.4","297.7","1870.504","0.97","288.769","1814.389","geometric_estimate","Nominal geometry estimate with explicit dynamic factor; not measured or certified tire data."
"315/30R17","315","30","17","620.8","310.4","1950.301","0.97","301.088","1891.792","geometric_estimate","Nominal geometry estimate with explicit dynamic factor; not measured or certified tire data."
"315/30R18","315","30","18","646.2","323.1","2030.097","0.97","313.407","1969.194","geometric_estimate","Nominal geometry estimate with explicit dynamic factor; not measured or certified tire data."
"315/30R19","315","30","19","671.6","335.8","2109.894","0.97","325.726","2046.597","geometric_estimate","Nominal geometry estimate with explicit dynamic factor; not measured or certified tire data."
"315/30R20","315","30","20","697","348.5","2189.69","0.97","338.045","2123.999","geometric_estimate","Nominal geometry estimate with explicit dynamic factor; not measured or certified tire data."
"315/35R15","315","35","15","601.5","300.75","1889.668","0.97","291.728","1832.978","geometric_estimate","Nominal geometry estimate with explicit dynamic factor; not measured or certified tire data."
"315/35R16","315","35","16","626.9","313.45","1969.464","0.97","304.047","1910.381","geometric_estimate","Nominal geometry estimate with explicit dynamic factor; not measured or certified tire data."
"315/35R17","315","35","17","652.3","326.15","2049.261","0.97","316.366","1987.783","geometric_estimate","Nominal geometry estimate with explicit dynamic factor; not measured or certified tire data."
"315/35R18","315","35","18","677.7","338.85","2129.057","0.97","328.685","2065.186","geometric_estimate","Nominal geometry estimate with explicit dynamic factor; not measured or certified tire data."
"315/35R19","315","35","19","703.1","351.55","2208.854","0.97","341.004","2142.588","geometric_estimate","Nominal geometry estimate with explicit dynamic factor; not measured or certified tire data."
"315/35R20","315","35","20","728.5","364.25","2288.65","0.97","353.323","2219.991","geometric_estimate","Nominal geometry estimate with explicit dynamic factor; not measured or certified tire data."
"315/40R15","315","40","15","633","316.5","1988.628","0.97","307.005","1928.969","geometric_estimate","Nominal geometry estimate with explicit dynamic factor; not measured or certified tire data."
"315/40R16","315","40","16","658.4","329.2","2068.425","0.97","319.324","2006.372","geometric_estimate","Nominal geometry estimate with explicit dynamic factor; not measured or certified tire data."
"315/40R17","315","40","17","683.8","341.9","2148.221","0.97","331.643","2083.774","geometric_estimate","Nominal geometry estimate with explicit dynamic factor; not measured or certified tire data."
"315/40R18","315","40","18","709.2","354.6","2228.018","0.97","343.962","2161.177","geometric_estimate","Nominal geometry estimate with explicit dynamic factor; not measured or certified tire data."
"315/40R19","315","40","19","734.6","367.3","2307.814","0.97","356.281","2238.58","geometric_estimate","Nominal geometry estimate with explicit dynamic factor; not measured or certified tire data."
"315/40R20","315","40","20","760","380","2387.61","0.97","368.6","2315.982","geometric_estimate","Nominal geometry estimate with explicit dynamic factor; not measured or certified tire data."
"315/45R14","315","45","14","639.1","319.55","2007.792","0.97","309.964","1947.558","geometric_estimate","Nominal geometry estimate with explicit dynamic factor; not measured or certified tire data."
"315/45R15","315","45","15","664.5","332.25","2087.588","0.97","322.283","2024.961","geometric_estimate","Nominal geometry estimate with explicit dynamic factor; not measured or certified tire data."
"315/45R16","315","45","16","689.9","344.95","2167.385","0.97","334.602","2102.363","geometric_estimate","Nominal geometry estimate with explicit dynamic factor; not measured or certified tire data."
"315/45R17","315","45","17","715.3","357.65","2247.181","0.97","346.921","2179.766","geometric_estimate","Nominal geometry estimate with explicit dynamic factor; not measured or certified tire data."
"315/45R18","315","45","18","740.7","370.35","2326.978","0.97","359.24","2257.168","geometric_estimate","Nominal geometry estimate with explicit dynamic factor; not measured or certified tire data."
"315/45R19","315","45","19","766.1","383.05","2406.774","0.97","371.559","2334.571","geometric_estimate","Nominal geometry estimate with explicit dynamic factor; not measured or certified tire data."
"315/50R13","315","50","13","645.2","322.6","2026.956","0.97","312.922","1966.147","geometric_estimate","Nominal geometry estimate with explicit dynamic factor; not measured or certified tire data."
"315/50R14","315","50","14","670.6","335.3","2106.752","0.97","325.241","2043.549","geometric_estimate","Nominal geometry estimate with explicit dynamic factor; not measured or certified tire data."
"315/50R15","315","50","15","696","348","2186.548","0.97","337.56","2120.952","geometric_estimate","Nominal geometry estimate with explicit dynamic factor; not measured or certified tire data."
"315/50R16","315","50","16","721.4","360.7","2266.345","0.97","349.879","2198.355","geometric_estimate","Nominal geometry estimate with explicit dynamic factor; not measured or certified tire data."
"315/50R17","315","50","17","746.8","373.4","2346.141","0.97","362.198","2275.757","geometric_estimate","Nominal geometry estimate with explicit dynamic factor; not measured or certified tire data."
"315/50R18","315","50","18","772.2","386.1","2425.938","0.97","374.517","2353.16","geometric_estimate","Nominal geometry estimate with explicit dynamic factor; not measured or certified tire data."
"325/30R15","325","30","15","576","288","1809.557","0.97","279.36","1755.271","geometric_estimate","Nominal geometry estimate with explicit dynamic factor; not measured or certified tire data."
"325/30R16","325","30","16","601.4","300.7","1889.354","0.97","291.679","1832.673","geometric_estimate","Nominal geometry estimate with explicit dynamic factor; not measured or certified tire data."
"325/30R17","325","30","17","626.8","313.4","1969.15","0.97","303.998","1910.076","geometric_estimate","Nominal geometry estimate with explicit dynamic factor; not measured or certified tire data."
"325/30R18","325","30","18","652.2","326.1","2048.947","0.97","316.317","1987.478","geometric_estimate","Nominal geometry estimate with explicit dynamic factor; not measured or certified tire data."
"325/30R19","325","30","19","677.6","338.8","2128.743","0.97","328.636","2064.881","geometric_estimate","Nominal geometry estimate with explicit dynamic factor; not measured or certified tire data."
"325/30R20","325","30","20","703","351.5","2208.54","0.97","340.955","2142.283","geometric_estimate","Nominal geometry estimate with explicit dynamic factor; not measured or certified tire data."
"325/35R15","325","35","15","608.5","304.25","1911.659","0.97","295.123","1854.309","geometric_estimate","Nominal geometry estimate with explicit dynamic factor; not measured or certified tire data."
"325/35R16","325","35","16","633.9","316.95","1991.456","0.97","307.442","1931.712","geometric_estimate","Nominal geometry estimate with explicit dynamic factor; not measured or certified tire data."
"325/35R17","325","35","17","659.3","329.65","2071.252","0.97","319.761","2009.114","geometric_estimate","Nominal geometry estimate with explicit dynamic factor; not measured or certified tire data."
"325/35R18","325","35","18","684.7","342.35","2151.048","0.97","332.08","2086.517","geometric_estimate","Nominal geometry estimate with explicit dynamic factor; not measured or certified tire data."
"325/35R19","325","35","19","710.1","355.05","2230.845","0.97","344.399","2163.92","geometric_estimate","Nominal geometry estimate with explicit dynamic factor; not measured or certified tire data."
"325/35R20","325","35","20","735.5","367.75","2310.641","0.97","356.718","2241.322","geometric_estimate","Nominal geometry estimate with explicit dynamic factor; not measured or certified tire data."
"325/40R15","325","40","15","641","320.5","2013.761","0.97","310.885","1953.348","geometric_estimate","Nominal geometry estimate with explicit dynamic factor; not measured or certified tire data."
"325/40R16","325","40","16","666.4","333.2","2093.557","0.97","323.204","2030.751","geometric_estimate","Nominal geometry estimate with explicit dynamic factor; not measured or certified tire data."
"325/40R17","325","40","17","691.8","345.9","2173.354","0.97","335.523","2108.153","geometric_estimate","Nominal geometry estimate with explicit dynamic factor; not measured or certified tire data."
"325/40R18","325","40","18","717.2","358.6","2253.15","0.97","347.842","2185.556","geometric_estimate","Nominal geometry estimate with explicit dynamic factor; not measured or certified tire data."
"325/40R19","325","40","19","742.6","371.3","2332.947","0.97","360.161","2262.958","geometric_estimate","Nominal geometry estimate with explicit dynamic factor; not measured or certified tire data."
"325/40R20","325","40","20","768","384","2412.743","0.97","372.48","2340.361","geometric_estimate","Nominal geometry estimate with explicit dynamic factor; not measured or certified tire data."
"325/45R14","325","45","14","648.1","324.05","2036.066","0.97","314.329","1974.984","geometric_estimate","Nominal geometry estimate with explicit dynamic factor; not measured or certified tire data."
"325/45R15","325","45","15","673.5","336.75","2115.863","0.97","326.648","2052.387","geometric_estimate","Nominal geometry estimate with explicit dynamic factor; not measured or certified tire data."
"325/45R16","325","45","16","698.9","349.45","2195.659","0.97","338.967","2129.789","geometric_estimate","Nominal geometry estimate with explicit dynamic factor; not measured or certified tire data."
"325/45R17","325","45","17","724.3","362.15","2275.456","0.97","351.286","2207.192","geometric_estimate","Nominal geometry estimate with explicit dynamic factor; not measured or certified tire data."
"325/45R18","325","45","18","749.7","374.85","2355.252","0.97","363.605","2284.594","geometric_estimate","Nominal geometry estimate with explicit dynamic factor; not measured or certified tire data."
"325/45R19","325","45","19","775.1","387.55","2435.048","0.97","375.924","2361.997","geometric_estimate","Nominal geometry estimate with explicit dynamic factor; not measured or certified tire data."
"335/30R15","335","30","15","582","291","1828.407","0.97","282.27","1773.555","geometric_estimate","Nominal geometry estimate with explicit dynamic factor; not measured or certified tire data."
"335/30R16","335","30","16","607.4","303.7","1908.203","0.97","294.589","1850.957","geometric_estimate","Nominal geometry estimate with explicit dynamic factor; not measured or certified tire data."
"335/30R17","335","30","17","632.8","316.4","1988","0.97","306.908","1928.36","geometric_estimate","Nominal geometry estimate with explicit dynamic factor; not measured or certified tire data."
"335/30R18","335","30","18","658.2","329.1","2067.796","0.97","319.227","2005.762","geometric_estimate","Nominal geometry estimate with explicit dynamic factor; not measured or certified tire data."
"335/30R19","335","30","19","683.6","341.8","2147.593","0.97","331.546","2083.165","geometric_estimate","Nominal geometry estimate with explicit dynamic factor; not measured or certified tire data."
"335/30R20","335","30","20","709","354.5","2227.389","0.97","343.865","2160.568","geometric_estimate","Nominal geometry estimate with explicit dynamic factor; not measured or certified tire data."
"335/35R15","335","35","15","615.5","307.75","1933.65","0.97","298.518","1875.641","geometric_estimate","Nominal geometry estimate with explicit dynamic factor; not measured or certified tire data."
"335/35R16","335","35","16","640.9","320.45","2013.447","0.97","310.837","1953.043","geometric_estimate","Nominal geometry estimate with explicit dynamic factor; not measured or certified tire data."
"335/35R17","335","35","17","666.3","333.15","2093.243","0.97","323.156","2030.446","geometric_estimate","Nominal geometry estimate with explicit dynamic factor; not measured or certified tire data."
"335/35R18","335","35","18","691.7","345.85","2173.04","0.97","335.475","2107.848","geometric_estimate","Nominal geometry estimate with explicit dynamic factor; not measured or certified tire data."
"335/35R19","335","35","19","717.1","358.55","2252.836","0.97","347.794","2185.251","geometric_estimate","Nominal geometry estimate with explicit dynamic factor; not measured or certified tire data."
"335/35R20","335","35","20","742.5","371.25","2332.633","0.97","360.113","2262.654","geometric_estimate","Nominal geometry estimate with explicit dynamic factor; not measured or certified tire data."
"335/40R15","335","40","15","649","324.5","2038.894","0.97","314.765","1977.727","geometric_estimate","Nominal geometry estimate with explicit dynamic factor; not measured or certified tire data."
"335/40R16","335","40","16","674.4","337.2","2118.69","0.97","327.084","2055.129","geometric_estimate","Nominal geometry estimate with explicit dynamic factor; not measured or certified tire data."
"335/40R17","335","40","17","699.8","349.9","2198.487","0.97","339.403","2132.532","geometric_estimate","Nominal geometry estimate with explicit dynamic factor; not measured or certified tire data."
"335/40R18","335","40","18","725.2","362.6","2278.283","0.97","351.722","2209.935","geometric_estimate","Nominal geometry estimate with explicit dynamic factor; not measured or certified tire data."
"335/40R19","335","40","19","750.6","375.3","2358.079","0.97","364.041","2287.337","geometric_estimate","Nominal geometry estimate with explicit dynamic factor; not measured or certified tire data."
"335/40R20","335","40","20","776","388","2437.876","0.97","376.36","2364.74","geometric_estimate","Nominal geometry estimate with explicit dynamic factor; not measured or certified tire data."
"335/45R14","335","45","14","657.1","328.55","2064.341","0.97","318.694","2002.41","geometric_estimate","Nominal geometry estimate with explicit dynamic factor; not measured or certified tire data."
"335/45R15","335","45","15","682.5","341.25","2144.137","0.97","331.013","2079.813","geometric_estimate","Nominal geometry estimate with explicit dynamic factor; not measured or certified tire data."
"335/45R16","335","45","16","707.9","353.95","2223.933","0.97","343.332","2157.215","geometric_estimate","Nominal geometry estimate with explicit dynamic factor; not measured or certified tire data."
"335/45R17","335","45","17","733.3","366.65","2303.73","0.97","355.651","2234.618","geometric_estimate","Nominal geometry estimate with explicit dynamic factor; not measured or certified tire data."
"335/45R18","335","45","18","758.7","379.35","2383.526","0.97","367.97","2312.021","geometric_estimate","Nominal geometry estimate with explicit dynamic factor; not measured or certified tire data."
"335/45R19","335","45","19","784.1","392.05","2463.323","0.97","380.289","2389.423","geometric_estimate","Nominal geometry estimate with explicit dynamic factor; not measured or certified tire data."
"345/30R15","345","30","15","588","294","1847.256","0.97","285.18","1791.839","geometric_estimate","Nominal geometry estimate with explicit dynamic factor; not measured or certified tire data."
"345/30R16","345","30","16","613.4","306.7","1927.053","0.97","297.499","1869.241","geometric_estimate","Nominal geometry estimate with explicit dynamic factor; not measured or certified tire data."
"345/30R17","345","30","17","638.8","319.4","2006.849","0.97","309.818","1946.644","geometric_estimate","Nominal geometry estimate with explicit dynamic factor; not measured or certified tire data."
"345/30R18","345","30","18","664.2","332.1","2086.646","0.97","322.137","2024.046","geometric_estimate","Nominal geometry estimate with explicit dynamic factor; not measured or certified tire data."
"345/30R19","345","30","19","689.6","344.8","2166.442","0.97","334.456","2101.449","geometric_estimate","Nominal geometry estimate with explicit dynamic factor; not measured or certified tire data."
"345/30R20","345","30","20","715","357.5","2246.239","0.97","346.775","2178.852","geometric_estimate","Nominal geometry estimate with explicit dynamic factor; not measured or certified tire data."
"345/35R15","345","35","15","622.5","311.25","1955.641","0.97","301.913","1896.972","geometric_estimate","Nominal geometry estimate with explicit dynamic factor; not measured or certified tire data."
"345/35R16","345","35","16","647.9","323.95","2035.438","0.97","314.232","1974.375","geometric_estimate","Nominal geometry estimate with explicit dynamic factor; not measured or certified tire data."
"345/35R17","345","35","17","673.3","336.65","2115.234","0.97","326.551","2051.777","geometric_estimate","Nominal geometry estimate with explicit dynamic factor; not measured or certified tire data."
"345/35R18","345","35","18","698.7","349.35","2195.031","0.97","338.87","2129.18","geometric_estimate","Nominal geometry estimate with explicit dynamic factor; not measured or certified tire data."
"345/35R19","345","35","19","724.1","362.05","2274.827","0.97","351.189","2206.582","geometric_estimate","Nominal geometry estimate with explicit dynamic factor; not measured or certified tire data."
"345/35R20","345","35","20","749.5","374.75","2354.624","0.97","363.508","2283.985","geometric_estimate","Nominal geometry estimate with explicit dynamic factor; not measured or certified tire data."
"345/40R15","345","40","15","657","328.5","2064.026","0.97","318.645","2002.106","geometric_estimate","Nominal geometry estimate with explicit dynamic factor; not measured or certified tire data."
"345/40R16","345","40","16","682.4","341.2","2143.823","0.97","330.964","2079.508","geometric_estimate","Nominal geometry estimate with explicit dynamic factor; not measured or certified tire data."
"345/40R17","345","40","17","707.8","353.9","2223.619","0.97","343.283","2156.911","geometric_estimate","Nominal geometry estimate with explicit dynamic factor; not measured or certified tire data."
"345/40R18","345","40","18","733.2","366.6","2303.416","0.97","355.602","2234.313","geometric_estimate","Nominal geometry estimate with explicit dynamic factor; not measured or certified tire data."
"345/40R19","345","40","19","758.6","379.3","2383.212","0.97","367.921","2311.716","geometric_estimate","Nominal geometry estimate with explicit dynamic factor; not measured or certified tire data."
"345/40R20","345","40","20","784","392","2463.009","0.97","380.24","2389.118","geometric_estimate","Nominal geometry estimate with explicit dynamic factor; not measured or certified tire data."
"345/45R14","345","45","14","666.1","333.05","2092.615","0.97","323.059","2029.836","geometric_estimate","Nominal geometry estimate with explicit dynamic factor; not measured or certified tire data."
"345/45R15","345","45","15","691.5","345.75","2172.411","0.97","335.378","2107.239","geometric_estimate","Nominal geometry estimate with explicit dynamic factor; not measured or certified tire data."
"345/45R16","345","45","16","716.9","358.45","2252.208","0.97","347.697","2184.642","geometric_estimate","Nominal geometry estimate with explicit dynamic factor; not measured or certified tire data."
"345/45R17","345","45","17","742.3","371.15","2332.004","0.97","360.016","2262.044","geometric_estimate","Nominal geometry estimate with explicit dynamic factor; not measured or certified tire data."
"345/45R18","345","45","18","767.7","383.85","2411.801","0.97","372.335","2339.447","geometric_estimate","Nominal geometry estimate with explicit dynamic factor; not measured or certified tire data."
"345/45R19","345","45","19","793.1","396.55","2491.597","0.97","384.654","2416.849","geometric_estimate","Nominal geometry estimate with explicit dynamic factor; not measured or certified tire data."
"355/30R15","355","30","15","594","297","1866.106","0.97","288.09","1810.123","geometric_estimate","Nominal geometry estimate with explicit dynamic factor; not measured or certified tire data."
"355/30R16","355","30","16","619.4","309.7","1945.902","0.97","300.409","1887.525","geometric_estimate","Nominal geometry estimate with explicit dynamic factor; not measured or certified tire data."
"355/30R17","355","30","17","644.8","322.4","2025.699","0.97","312.728","1964.928","geometric_estimate","Nominal geometry estimate with explicit dynamic factor; not measured or certified tire data."
"355/30R18","355","30","18","670.2","335.1","2105.495","0.97","325.047","2042.331","geometric_estimate","Nominal geometry estimate with explicit dynamic factor; not measured or certified tire data."
"355/30R19","355","30","19","695.6","347.8","2185.292","0.97","337.366","2119.733","geometric_estimate","Nominal geometry estimate with explicit dynamic factor; not measured or certified tire data."
"355/30R20","355","30","20","721","360.5","2265.088","0.97","349.685","2197.136","geometric_estimate","Nominal geometry estimate with explicit dynamic factor; not measured or certified tire data."
"355/35R15","355","35","15","629.5","314.75","1977.633","0.97","305.308","1918.304","geometric_estimate","Nominal geometry estimate with explicit dynamic factor; not measured or certified tire data."
"355/35R16","355","35","16","654.9","327.45","2057.429","0.97","317.627","1995.706","geometric_estimate","Nominal geometry estimate with explicit dynamic factor; not measured or certified tire data."
"355/35R17","355","35","17","680.3","340.15","2137.225","0.97","329.946","2073.109","geometric_estimate","Nominal geometry estimate with explicit dynamic factor; not measured or certified tire data."
"355/35R18","355","35","18","705.7","352.85","2217.022","0.97","342.265","2150.511","geometric_estimate","Nominal geometry estimate with explicit dynamic factor; not measured or certified tire data."
"355/35R19","355","35","19","731.1","365.55","2296.818","0.97","354.584","2227.914","geometric_estimate","Nominal geometry estimate with explicit dynamic factor; not measured or certified tire data."
"355/35R20","355","35","20","756.5","378.25","2376.615","0.97","366.903","2305.316","geometric_estimate","Nominal geometry estimate with explicit dynamic factor; not measured or certified tire data."
"365/30R15","365","30","15","600","300","1884.956","0.97","291","1828.407","geometric_estimate","Nominal geometry estimate with explicit dynamic factor; not measured or certified tire data."
"365/30R16","365","30","16","625.4","312.7","1964.752","0.97","303.319","1905.809","geometric_estimate","Nominal geometry estimate with explicit dynamic factor; not measured or certified tire data."
"365/30R17","365","30","17","650.8","325.4","2044.548","0.97","315.638","1983.212","geometric_estimate","Nominal geometry estimate with explicit dynamic factor; not measured or certified tire data."
"365/30R18","365","30","18","676.2","338.1","2124.345","0.97","327.957","2060.615","geometric_estimate","Nominal geometry estimate with explicit dynamic factor; not measured or certified tire data."
"365/30R19","365","30","19","701.6","350.8","2204.141","0.97","340.276","2138.017","geometric_estimate","Nominal geometry estimate with explicit dynamic factor; not measured or certified tire data."
"365/30R20","365","30","20","727","363.5","2283.938","0.97","352.595","2215.42","geometric_estimate","Nominal geometry estimate with explicit dynamic factor; not measured or certified tire data."
"365/35R15","365","35","15","636.5","318.25","1999.624","0.97","308.703","1939.635","geometric_estimate","Nominal geometry estimate with explicit dynamic factor; not measured or certified tire data."
"365/35R16","365","35","16","661.9","330.95","2079.42","0.97","321.022","2017.038","geometric_estimate","Nominal geometry estimate with explicit dynamic factor; not measured or certified tire data."
"365/35R17","365","35","17","687.3","343.65","2159.217","0.97","333.341","2094.44","geometric_estimate","Nominal geometry estimate with explicit dynamic factor; not measured or certified tire data."
"365/35R18","365","35","18","712.7","356.35","2239.013","0.97","345.66","2171.843","geometric_estimate","Nominal geometry estimate with explicit dynamic factor; not measured or certified tire data."
"365/35R19","365","35","19","738.1","369.05","2318.81","0.97","357.979","2249.245","geometric_estimate","Nominal geometry estimate with explicit dynamic factor; not measured or certified tire data."
"365/35R20","365","35","20","763.5","381.75","2398.606","0.97","370.298","2326.648","geometric_estimate","Nominal geometry estimate with explicit dynamic factor; not measured or certified tire data."
"375/30R15","375","30","15","606","303","1903.805","0.97","293.91","1846.691","geometric_estimate","Nominal geometry estimate with explicit dynamic factor; not measured or certified tire data."
"375/30R16","375","30","16","631.4","315.7","1983.602","0.97","306.229","1924.094","geometric_estimate","Nominal geometry estimate with explicit dynamic factor; not measured or certified tire data."
"375/30R17","375","30","17","656.8","328.4","2063.398","0.97","318.548","2001.496","geometric_estimate","Nominal geometry estimate with explicit dynamic factor; not measured or certified tire data."
"375/30R18","375","30","18","682.2","341.1","2143.195","0.97","330.867","2078.899","geometric_estimate","Nominal geometry estimate with explicit dynamic factor; not measured or certified tire data."
"375/30R19","375","30","19","707.6","353.8","2222.991","0.97","343.186","2156.301","geometric_estimate","Nominal geometry estimate with explicit dynamic factor; not measured or certified tire data."
"375/30R20","375","30","20","733","366.5","2302.787","0.97","355.505","2233.704","geometric_estimate","Nominal geometry estimate with explicit dynamic factor; not measured or certified tire data."
"385/30R15","385","30","15","612","306","1922.655","0.97","296.82","1864.975","geometric_estimate","Nominal geometry estimate with explicit dynamic factor; not measured or certified tire data."
"385/30R16","385","30","16","637.4","318.7","2002.451","0.97","309.139","1942.378","geometric_estimate","Nominal geometry estimate with explicit dynamic factor; not measured or certified tire data."
"385/30R17","385","30","17","662.8","331.4","2082.248","0.97","321.458","2019.78","geometric_estimate","Nominal geometry estimate with explicit dynamic factor; not measured or certified tire data."
"385/30R18","385","30","18","688.2","344.1","2162.044","0.97","333.777","2097.183","geometric_estimate","Nominal geometry estimate with explicit dynamic factor; not measured or certified tire data."
"385/30R19","385","30","19","713.6","356.8","2241.841","0.97","346.096","2174.585","geometric_estimate","Nominal geometry estimate with explicit dynamic factor; not measured or certified tire data."
"385/30R20","385","30","20","739","369.5","2321.637","0.97","358.415","2251.988","geometric_estimate","Nominal geometry estimate with explicit dynamic factor; not measured or certified tire data."
