source_system,source_file_version,source_record_id,legacy_source_record_id,raw_field,expected_raw_value,corrected_unit,corrected_value,reason,evidence,validation_status,notes
EPA_TESTCAR_2014_PRESENT,5E8E150CD53494059FF81554632CDDB4A74B857E5E7F24566BE8EC92FDA1F507,EPA-TESTCAR-ROW-4539,EPA-LEGACY-ROW-641,RND_ADJ_FE,29.9,kWh/100mi,,Approved as kWh/100mi unit interpretation; raw number preserved. Legacy comment saying kWh/km was incorrect.,Legacy helper algebra; explicit FuelEconomy KW-HR/100Miles metadata; EPA EV methodology (https://www.epa.gov/greenvehicles/fuel-economy-and-ev-range-testing; https://www.epa.gov/fueleconomy/text-version-electric-vehicle-label; https://nepis.epa.gov/Exe/ZyPURL.cgi?Dockey=P101698T.txt).,ACTIVE_DETERMINISTIC_UNIT_INTERPRETATION,Raw numeric value is never replaced. Stale source/version/key/value mismatches must fail or quarantine.
EPA_TESTCAR_2014_PRESENT,5E8E150CD53494059FF81554632CDDB4A74B857E5E7F24566BE8EC92FDA1F507,EPA-TESTCAR-ROW-4540,EPA-LEGACY-ROW-642,RND_ADJ_FE,36.9,kWh/100mi,,Approved as kWh/100mi unit interpretation; raw number preserved. Legacy comment saying kWh/km was incorrect.,Legacy helper algebra; explicit FuelEconomy KW-HR/100Miles metadata; EPA EV methodology (https://www.epa.gov/greenvehicles/fuel-economy-and-ev-range-testing; https://www.epa.gov/fueleconomy/text-version-electric-vehicle-label; https://nepis.epa.gov/Exe/ZyPURL.cgi?Dockey=P101698T.txt).,ACTIVE_DETERMINISTIC_UNIT_INTERPRETATION,Raw numeric value is never replaced. Stale source/version/key/value mismatches must fail or quarantine.
EPA_TESTCAR_2014_PRESENT,5E8E150CD53494059FF81554632CDDB4A74B857E5E7F24566BE8EC92FDA1F507,EPA-TESTCAR-ROW-4566,EPA-LEGACY-ROW-668,RND_ADJ_FE,27.3,kWh/100mi,,Approved as kWh/100mi unit interpretation; raw number preserved. Legacy comment saying kWh/km was incorrect.,Legacy helper algebra; explicit FuelEconomy KW-HR/100Miles metadata; EPA EV methodology (https://www.epa.gov/greenvehicles/fuel-economy-and-ev-range-testing; https://www.epa.gov/fueleconomy/text-version-electric-vehicle-label; https://nepis.epa.gov/Exe/ZyPURL.cgi?Dockey=P101698T.txt).,ACTIVE_DETERMINISTIC_UNIT_INTERPRETATION,Raw numeric value is never replaced. Stale source/version/key/value mismatches must fail or quarantine.
EPA_TESTCAR_2014_PRESENT,5E8E150CD53494059FF81554632CDDB4A74B857E5E7F24566BE8EC92FDA1F507,EPA-TESTCAR-ROW-4567,EPA-LEGACY-ROW-669,RND_ADJ_FE,20.1,kWh/100mi,,Approved as kWh/100mi unit interpretation; raw number preserved. Legacy comment saying kWh/km was incorrect.,Legacy helper algebra; explicit FuelEconomy KW-HR/100Miles metadata; EPA EV methodology (https://www.epa.gov/greenvehicles/fuel-economy-and-ev-range-testing; https://www.epa.gov/fueleconomy/text-version-electric-vehicle-label; https://nepis.epa.gov/Exe/ZyPURL.cgi?Dockey=P101698T.txt).,ACTIVE_DETERMINISTIC_UNIT_INTERPRETATION,Raw numeric value is never replaced. Stale source/version/key/value mismatches must fail or quarantine.
EPA_TESTCAR_2014_PRESENT,5E8E150CD53494059FF81554632CDDB4A74B857E5E7F24566BE8EC92FDA1F507,EPA-TESTCAR-ROW-4568,EPA-LEGACY-ROW-670,RND_ADJ_FE,17.2,kWh/100mi,,Approved as kWh/100mi unit interpretation; raw number preserved. Legacy comment saying kWh/km was incorrect.,Legacy helper algebra; explicit FuelEconomy KW-HR/100Miles metadata; EPA EV methodology (https://www.epa.gov/greenvehicles/fuel-economy-and-ev-range-testing; https://www.epa.gov/fueleconomy/text-version-electric-vehicle-label; https://nepis.epa.gov/Exe/ZyPURL.cgi?Dockey=P101698T.txt).,ACTIVE_DETERMINISTIC_UNIT_INTERPRETATION,Raw numeric value is never replaced. Stale source/version/key/value mismatches must fail or quarantine.
EPA_TESTCAR_2014_PRESENT,5E8E150CD53494059FF81554632CDDB4A74B857E5E7F24566BE8EC92FDA1F507,EPA-TESTCAR-ROW-4569,EPA-LEGACY-ROW-671,RND_ADJ_FE,20.8,kWh/100mi,,Approved as kWh/100mi unit interpretation; raw number preserved. Legacy comment saying kWh/km was incorrect.,Legacy helper algebra; explicit FuelEconomy KW-HR/100Miles metadata; EPA EV methodology (https://www.epa.gov/greenvehicles/fuel-economy-and-ev-range-testing; https://www.epa.gov/fueleconomy/text-version-electric-vehicle-label; https://nepis.epa.gov/Exe/ZyPURL.cgi?Dockey=P101698T.txt).,ACTIVE_DETERMINISTIC_UNIT_INTERPRETATION,Raw numeric value is never replaced. Stale source/version/key/value mismatches must fail or quarantine.
EPA_TESTCAR_2014_PRESENT,5E8E150CD53494059FF81554632CDDB4A74B857E5E7F24566BE8EC92FDA1F507,EPA-TESTCAR-ROW-4606,EPA-LEGACY-ROW-708,RND_ADJ_FE,32,kWh/100mi,,Approved as kWh/100mi unit interpretation; raw number preserved. Legacy comment saying kWh/km was incorrect.,Legacy helper algebra; explicit FuelEconomy KW-HR/100Miles metadata; EPA EV methodology (https://www.epa.gov/greenvehicles/fuel-economy-and-ev-range-testing; https://www.epa.gov/fueleconomy/text-version-electric-vehicle-label; https://nepis.epa.gov/Exe/ZyPURL.cgi?Dockey=P101698T.txt).,ACTIVE_DETERMINISTIC_UNIT_INTERPRETATION,Raw numeric value is never replaced. Stale source/version/key/value mismatches must fail or quarantine.
EPA_TESTCAR_2014_PRESENT,5E8E150CD53494059FF81554632CDDB4A74B857E5E7F24566BE8EC92FDA1F507,EPA-TESTCAR-ROW-4817,EPA-LEGACY-ROW-905,RND_ADJ_FE,41.5,kWh/100mi,,Approved as kWh/100mi unit interpretation; raw number preserved. Legacy comment saying kWh/km was incorrect.,Legacy helper algebra; explicit FuelEconomy KW-HR/100Miles metadata; EPA EV methodology (https://www.epa.gov/greenvehicles/fuel-economy-and-ev-range-testing; https://www.epa.gov/fueleconomy/text-version-electric-vehicle-label; https://nepis.epa.gov/Exe/ZyPURL.cgi?Dockey=P101698T.txt).,ACTIVE_DETERMINISTIC_UNIT_INTERPRETATION,Raw numeric value is never replaced. Stale source/version/key/value mismatches must fail or quarantine.
EPA_TESTCAR_2014_PRESENT,5E8E150CD53494059FF81554632CDDB4A74B857E5E7F24566BE8EC92FDA1F507,EPA-TESTCAR-ROW-4866,EPA-LEGACY-ROW-954,RND_ADJ_FE,26.9,kWh/100mi,,Approved as kWh/100mi unit interpretation; raw number preserved. Legacy comment saying kWh/km was incorrect.,Legacy helper algebra; explicit FuelEconomy KW-HR/100Miles metadata; EPA EV methodology (https://www.epa.gov/greenvehicles/fuel-economy-and-ev-range-testing; https://www.epa.gov/fueleconomy/text-version-electric-vehicle-label; https://nepis.epa.gov/Exe/ZyPURL.cgi?Dockey=P101698T.txt).,ACTIVE_DETERMINISTIC_UNIT_INTERPRETATION,Raw numeric value is never replaced. Stale source/version/key/value mismatches must fail or quarantine.
EPA_TESTCAR_2014_PRESENT,5E8E150CD53494059FF81554632CDDB4A74B857E5E7F24566BE8EC92FDA1F507,EPA-TESTCAR-ROW-4898,EPA-LEGACY-ROW-986,RND_ADJ_FE,26.5,kWh/100mi,,Approved as kWh/100mi unit interpretation; raw number preserved. Legacy comment saying kWh/km was incorrect.,Legacy helper algebra; explicit FuelEconomy KW-HR/100Miles metadata; EPA EV methodology (https://www.epa.gov/greenvehicles/fuel-economy-and-ev-range-testing; https://www.epa.gov/fueleconomy/text-version-electric-vehicle-label; https://nepis.epa.gov/Exe/ZyPURL.cgi?Dockey=P101698T.txt).,ACTIVE_DETERMINISTIC_UNIT_INTERPRETATION,Raw numeric value is never replaced. Stale source/version/key/value mismatches must fail or quarantine.
EPA_TESTCAR_2014_PRESENT,5E8E150CD53494059FF81554632CDDB4A74B857E5E7F24566BE8EC92FDA1F507,EPA-TESTCAR-ROW-4899,EPA-LEGACY-ROW-987,RND_ADJ_FE,30.4,kWh/100mi,,Approved as kWh/100mi unit interpretation; raw number preserved. Legacy comment saying kWh/km was incorrect.,Legacy helper algebra; explicit FuelEconomy KW-HR/100Miles metadata; EPA EV methodology (https://www.epa.gov/greenvehicles/fuel-economy-and-ev-range-testing; https://www.epa.gov/fueleconomy/text-version-electric-vehicle-label; https://nepis.epa.gov/Exe/ZyPURL.cgi?Dockey=P101698T.txt).,ACTIVE_DETERMINISTIC_UNIT_INTERPRETATION,Raw numeric value is never replaced. Stale source/version/key/value mismatches must fail or quarantine.
EPA_TESTCAR_2014_PRESENT,5E8E150CD53494059FF81554632CDDB4A74B857E5E7F24566BE8EC92FDA1F507,EPA-TESTCAR-ROW-4900,EPA-LEGACY-ROW-988,RND_ADJ_FE,32.9,kWh/100mi,,Approved as kWh/100mi unit interpretation; raw number preserved. Legacy comment saying kWh/km was incorrect.,Legacy helper algebra; explicit FuelEconomy KW-HR/100Miles metadata; EPA EV methodology (https://www.epa.gov/greenvehicles/fuel-economy-and-ev-range-testing; https://www.epa.gov/fueleconomy/text-version-electric-vehicle-label; https://nepis.epa.gov/Exe/ZyPURL.cgi?Dockey=P101698T.txt).,ACTIVE_DETERMINISTIC_UNIT_INTERPRETATION,Raw numeric value is never replaced. Stale source/version/key/value mismatches must fail or quarantine.
EPA_TESTCAR_2014_PRESENT,5E8E150CD53494059FF81554632CDDB4A74B857E5E7F24566BE8EC92FDA1F507,EPA-TESTCAR-ROW-4901,EPA-LEGACY-ROW-989,RND_ADJ_FE,25.5,kWh/100mi,,Approved as kWh/100mi unit interpretation; raw number preserved. Legacy comment saying kWh/km was incorrect.,Legacy helper algebra; explicit FuelEconomy KW-HR/100Miles metadata; EPA EV methodology (https://www.epa.gov/greenvehicles/fuel-economy-and-ev-range-testing; https://www.epa.gov/fueleconomy/text-version-electric-vehicle-label; https://nepis.epa.gov/Exe/ZyPURL.cgi?Dockey=P101698T.txt).,ACTIVE_DETERMINISTIC_UNIT_INTERPRETATION,Raw numeric value is never replaced. Stale source/version/key/value mismatches must fail or quarantine.
EPA_TESTCAR_2014_PRESENT,5E8E150CD53494059FF81554632CDDB4A74B857E5E7F24566BE8EC92FDA1F507,EPA-TESTCAR-ROW-4902,EPA-LEGACY-ROW-990,RND_ADJ_FE,25.5,kWh/100mi,,Approved as kWh/100mi unit interpretation; raw number preserved. Legacy comment saying kWh/km was incorrect.,Legacy helper algebra; explicit FuelEconomy KW-HR/100Miles metadata; EPA EV methodology (https://www.epa.gov/greenvehicles/fuel-economy-and-ev-range-testing; https://www.epa.gov/fueleconomy/text-version-electric-vehicle-label; https://nepis.epa.gov/Exe/ZyPURL.cgi?Dockey=P101698T.txt).,ACTIVE_DETERMINISTIC_UNIT_INTERPRETATION,Raw numeric value is never replaced. Stale source/version/key/value mismatches must fail or quarantine.
EPA_TESTCAR_2014_PRESENT,5E8E150CD53494059FF81554632CDDB4A74B857E5E7F24566BE8EC92FDA1F507,EPA-TESTCAR-ROW-4978,EPA-LEGACY-ROW-1066,RND_ADJ_FE,33,kWh/100mi,,Approved as kWh/100mi unit interpretation; raw number preserved. Legacy comment saying kWh/km was incorrect.,Legacy helper algebra; explicit FuelEconomy KW-HR/100Miles metadata; EPA EV methodology (https://www.epa.gov/greenvehicles/fuel-economy-and-ev-range-testing; https://www.epa.gov/fueleconomy/text-version-electric-vehicle-label; https://nepis.epa.gov/Exe/ZyPURL.cgi?Dockey=P101698T.txt).,ACTIVE_DETERMINISTIC_UNIT_INTERPRETATION,Raw numeric value is never replaced. Stale source/version/key/value mismatches must fail or quarantine.
EPA_TESTCAR_2014_PRESENT,5E8E150CD53494059FF81554632CDDB4A74B857E5E7F24566BE8EC92FDA1F507,EPA-TESTCAR-ROW-4984,EPA-LEGACY-ROW-1072,RND_ADJ_FE,33.4,kWh/100mi,,Approved as kWh/100mi unit interpretation; raw number preserved. Legacy comment saying kWh/km was incorrect.,Legacy helper algebra; explicit FuelEconomy KW-HR/100Miles metadata; EPA EV methodology (https://www.epa.gov/greenvehicles/fuel-economy-and-ev-range-testing; https://www.epa.gov/fueleconomy/text-version-electric-vehicle-label; https://nepis.epa.gov/Exe/ZyPURL.cgi?Dockey=P101698T.txt).,ACTIVE_DETERMINISTIC_UNIT_INTERPRETATION,Raw numeric value is never replaced. Stale source/version/key/value mismatches must fail or quarantine.
EPA_TESTCAR_2014_PRESENT,5E8E150CD53494059FF81554632CDDB4A74B857E5E7F24566BE8EC92FDA1F507,EPA-TESTCAR-ROW-5042,EPA-LEGACY-ROW-1130,RND_ADJ_FE,35.4,kWh/100mi,,Approved as kWh/100mi unit interpretation; raw number preserved. Legacy comment saying kWh/km was incorrect.,Legacy helper algebra; explicit FuelEconomy KW-HR/100Miles metadata; EPA EV methodology (https://www.epa.gov/greenvehicles/fuel-economy-and-ev-range-testing; https://www.epa.gov/fueleconomy/text-version-electric-vehicle-label; https://nepis.epa.gov/Exe/ZyPURL.cgi?Dockey=P101698T.txt).,ACTIVE_DETERMINISTIC_UNIT_INTERPRETATION,Raw numeric value is never replaced. Stale source/version/key/value mismatches must fail or quarantine.
EPA_TESTCAR_2014_PRESENT,5E8E150CD53494059FF81554632CDDB4A74B857E5E7F24566BE8EC92FDA1F507,EPA-TESTCAR-ROW-5043,EPA-LEGACY-ROW-1131,RND_ADJ_FE,33.9,kWh/100mi,,Approved as kWh/100mi unit interpretation; raw number preserved. Legacy comment saying kWh/km was incorrect.,Legacy helper algebra; explicit FuelEconomy KW-HR/100Miles metadata; EPA EV methodology (https://www.epa.gov/greenvehicles/fuel-economy-and-ev-range-testing; https://www.epa.gov/fueleconomy/text-version-electric-vehicle-label; https://nepis.epa.gov/Exe/ZyPURL.cgi?Dockey=P101698T.txt).,ACTIVE_DETERMINISTIC_UNIT_INTERPRETATION,Raw numeric value is never replaced. Stale source/version/key/value mismatches must fail or quarantine.
EPA_TESTCAR_2014_PRESENT,5E8E150CD53494059FF81554632CDDB4A74B857E5E7F24566BE8EC92FDA1F507,EPA-TESTCAR-ROW-5044,EPA-LEGACY-ROW-1132,RND_ADJ_FE,33.8,kWh/100mi,,Approved as kWh/100mi unit interpretation; raw number preserved. Legacy comment saying kWh/km was incorrect.,Legacy helper algebra; explicit FuelEconomy KW-HR/100Miles metadata; EPA EV methodology (https://www.epa.gov/greenvehicles/fuel-economy-and-ev-range-testing; https://www.epa.gov/fueleconomy/text-version-electric-vehicle-label; https://nepis.epa.gov/Exe/ZyPURL.cgi?Dockey=P101698T.txt).,ACTIVE_DETERMINISTIC_UNIT_INTERPRETATION,Raw numeric value is never replaced. Stale source/version/key/value mismatches must fail or quarantine.
EPA_TESTCAR_2014_PRESENT,5E8E150CD53494059FF81554632CDDB4A74B857E5E7F24566BE8EC92FDA1F507,EPA-TESTCAR-ROW-5045,EPA-LEGACY-ROW-1133,RND_ADJ_FE,37.5,kWh/100mi,,Approved as kWh/100mi unit interpretation; raw number preserved. Legacy comment saying kWh/km was incorrect.,Legacy helper algebra; explicit FuelEconomy KW-HR/100Miles metadata; EPA EV methodology (https://www.epa.gov/greenvehicles/fuel-economy-and-ev-range-testing; https://www.epa.gov/fueleconomy/text-version-electric-vehicle-label; https://nepis.epa.gov/Exe/ZyPURL.cgi?Dockey=P101698T.txt).,ACTIVE_DETERMINISTIC_UNIT_INTERPRETATION,Raw numeric value is never replaced. Stale source/version/key/value mismatches must fail or quarantine.
EPA_TESTCAR_2014_PRESENT,5E8E150CD53494059FF81554632CDDB4A74B857E5E7F24566BE8EC92FDA1F507,EPA-TESTCAR-ROW-5046,EPA-LEGACY-ROW-1134,RND_ADJ_FE,35.2,kWh/100mi,,Approved as kWh/100mi unit interpretation; raw number preserved. Legacy comment saying kWh/km was incorrect.,Legacy helper algebra; explicit FuelEconomy KW-HR/100Miles metadata; EPA EV methodology (https://www.epa.gov/greenvehicles/fuel-economy-and-ev-range-testing; https://www.epa.gov/fueleconomy/text-version-electric-vehicle-label; https://nepis.epa.gov/Exe/ZyPURL.cgi?Dockey=P101698T.txt).,ACTIVE_DETERMINISTIC_UNIT_INTERPRETATION,Raw numeric value is never replaced. Stale source/version/key/value mismatches must fail or quarantine.
EPA_TESTCAR_2014_PRESENT,5E8E150CD53494059FF81554632CDDB4A74B857E5E7F24566BE8EC92FDA1F507,EPA-TESTCAR-ROW-5047,EPA-LEGACY-ROW-1135,RND_ADJ_FE,33.4,kWh/100mi,,Approved as kWh/100mi unit interpretation; raw number preserved. Legacy comment saying kWh/km was incorrect.,Legacy helper algebra; explicit FuelEconomy KW-HR/100Miles metadata; EPA EV methodology (https://www.epa.gov/greenvehicles/fuel-economy-and-ev-range-testing; https://www.epa.gov/fueleconomy/text-version-electric-vehicle-label; https://nepis.epa.gov/Exe/ZyPURL.cgi?Dockey=P101698T.txt).,ACTIVE_DETERMINISTIC_UNIT_INTERPRETATION,Raw numeric value is never replaced. Stale source/version/key/value mismatches must fail or quarantine.
EPA_TESTCAR_2014_PRESENT,5E8E150CD53494059FF81554632CDDB4A74B857E5E7F24566BE8EC92FDA1F507,EPA-TESTCAR-ROW-5048,EPA-LEGACY-ROW-1136,RND_ADJ_FE,34.5,kWh/100mi,,Approved as kWh/100mi unit interpretation; raw number preserved. Legacy comment saying kWh/km was incorrect.,Legacy helper algebra; explicit FuelEconomy KW-HR/100Miles metadata; EPA EV methodology (https://www.epa.gov/greenvehicles/fuel-economy-and-ev-range-testing; https://www.epa.gov/fueleconomy/text-version-electric-vehicle-label; https://nepis.epa.gov/Exe/ZyPURL.cgi?Dockey=P101698T.txt).,ACTIVE_DETERMINISTIC_UNIT_INTERPRETATION,Raw numeric value is never replaced. Stale source/version/key/value mismatches must fail or quarantine.
EPA_TESTCAR_2014_PRESENT,5E8E150CD53494059FF81554632CDDB4A74B857E5E7F24566BE8EC92FDA1F507,EPA-TESTCAR-ROW-5049,EPA-LEGACY-ROW-1137,RND_ADJ_FE,30.4,kWh/100mi,,Approved as kWh/100mi unit interpretation; raw number preserved. Legacy comment saying kWh/km was incorrect.,Legacy helper algebra; explicit FuelEconomy KW-HR/100Miles metadata; EPA EV methodology (https://www.epa.gov/greenvehicles/fuel-economy-and-ev-range-testing; https://www.epa.gov/fueleconomy/text-version-electric-vehicle-label; https://nepis.epa.gov/Exe/ZyPURL.cgi?Dockey=P101698T.txt).,ACTIVE_DETERMINISTIC_UNIT_INTERPRETATION,Raw numeric value is never replaced. Stale source/version/key/value mismatches must fail or quarantine.
EPA_TESTCAR_2014_PRESENT,5E8E150CD53494059FF81554632CDDB4A74B857E5E7F24566BE8EC92FDA1F507,EPA-TESTCAR-ROW-5050,EPA-LEGACY-ROW-1138,RND_ADJ_FE,29.9,kWh/100mi,,Approved as kWh/100mi unit interpretation; raw number preserved. Legacy comment saying kWh/km was incorrect.,Legacy helper algebra; explicit FuelEconomy KW-HR/100Miles metadata; EPA EV methodology (https://www.epa.gov/greenvehicles/fuel-economy-and-ev-range-testing; https://www.epa.gov/fueleconomy/text-version-electric-vehicle-label; https://nepis.epa.gov/Exe/ZyPURL.cgi?Dockey=P101698T.txt).,ACTIVE_DETERMINISTIC_UNIT_INTERPRETATION,Raw numeric value is never replaced. Stale source/version/key/value mismatches must fail or quarantine.
EPA_TESTCAR_2014_PRESENT,5E8E150CD53494059FF81554632CDDB4A74B857E5E7F24566BE8EC92FDA1F507,EPA-TESTCAR-ROW-5083,EPA-LEGACY-ROW-1171,RND_ADJ_FE,36.3,kWh/100mi,,Approved as kWh/100mi unit interpretation; raw number preserved. Legacy comment saying kWh/km was incorrect.,Legacy helper algebra; explicit FuelEconomy KW-HR/100Miles metadata; EPA EV methodology (https://www.epa.gov/greenvehicles/fuel-economy-and-ev-range-testing; https://www.epa.gov/fueleconomy/text-version-electric-vehicle-label; https://nepis.epa.gov/Exe/ZyPURL.cgi?Dockey=P101698T.txt).,ACTIVE_DETERMINISTIC_UNIT_INTERPRETATION,Raw numeric value is never replaced. Stale source/version/key/value mismatches must fail or quarantine.
EPA_TESTCAR_2014_PRESENT,5E8E150CD53494059FF81554632CDDB4A74B857E5E7F24566BE8EC92FDA1F507,EPA-TESTCAR-ROW-5084,EPA-LEGACY-ROW-1172,RND_ADJ_FE,35.4,kWh/100mi,,Approved as kWh/100mi unit interpretation; raw number preserved. Legacy comment saying kWh/km was incorrect.,Legacy helper algebra; explicit FuelEconomy KW-HR/100Miles metadata; EPA EV methodology (https://www.epa.gov/greenvehicles/fuel-economy-and-ev-range-testing; https://www.epa.gov/fueleconomy/text-version-electric-vehicle-label; https://nepis.epa.gov/Exe/ZyPURL.cgi?Dockey=P101698T.txt).,ACTIVE_DETERMINISTIC_UNIT_INTERPRETATION,Raw numeric value is never replaced. Stale source/version/key/value mismatches must fail or quarantine.
EPA_TESTCAR_2014_PRESENT,5E8E150CD53494059FF81554632CDDB4A74B857E5E7F24566BE8EC92FDA1F507,EPA-TESTCAR-ROW-5085,EPA-LEGACY-ROW-1173,RND_ADJ_FE,34.2,kWh/100mi,,Approved as kWh/100mi unit interpretation; raw number preserved. Legacy comment saying kWh/km was incorrect.,Legacy helper algebra; explicit FuelEconomy KW-HR/100Miles metadata; EPA EV methodology (https://www.epa.gov/greenvehicles/fuel-economy-and-ev-range-testing; https://www.epa.gov/fueleconomy/text-version-electric-vehicle-label; https://nepis.epa.gov/Exe/ZyPURL.cgi?Dockey=P101698T.txt).,ACTIVE_DETERMINISTIC_UNIT_INTERPRETATION,Raw numeric value is never replaced. Stale source/version/key/value mismatches must fail or quarantine.
EPA_TESTCAR_2014_PRESENT,5E8E150CD53494059FF81554632CDDB4A74B857E5E7F24566BE8EC92FDA1F507,EPA-TESTCAR-ROW-5086,EPA-LEGACY-ROW-1174,RND_ADJ_FE,33.4,kWh/100mi,,Approved as kWh/100mi unit interpretation; raw number preserved. Legacy comment saying kWh/km was incorrect.,Legacy helper algebra; explicit FuelEconomy KW-HR/100Miles metadata; EPA EV methodology (https://www.epa.gov/greenvehicles/fuel-economy-and-ev-range-testing; https://www.epa.gov/fueleconomy/text-version-electric-vehicle-label; https://nepis.epa.gov/Exe/ZyPURL.cgi?Dockey=P101698T.txt).,ACTIVE_DETERMINISTIC_UNIT_INTERPRETATION,Raw numeric value is never replaced. Stale source/version/key/value mismatches must fail or quarantine.
EPA_TESTCAR_2014_PRESENT,5E8E150CD53494059FF81554632CDDB4A74B857E5E7F24566BE8EC92FDA1F507,EPA-TESTCAR-ROW-5087,EPA-LEGACY-ROW-1175,RND_ADJ_FE,33.3,kWh/100mi,,Approved as kWh/100mi unit interpretation; raw number preserved. Legacy comment saying kWh/km was incorrect.,Legacy helper algebra; explicit FuelEconomy KW-HR/100Miles metadata; EPA EV methodology (https://www.epa.gov/greenvehicles/fuel-economy-and-ev-range-testing; https://www.epa.gov/fueleconomy/text-version-electric-vehicle-label; https://nepis.epa.gov/Exe/ZyPURL.cgi?Dockey=P101698T.txt).,ACTIVE_DETERMINISTIC_UNIT_INTERPRETATION,Raw numeric value is never replaced. Stale source/version/key/value mismatches must fail or quarantine.
EPA_TESTCAR_2014_PRESENT,5E8E150CD53494059FF81554632CDDB4A74B857E5E7F24566BE8EC92FDA1F507,EPA-TESTCAR-ROW-5088,EPA-LEGACY-ROW-1176,RND_ADJ_FE,29.6,kWh/100mi,,Approved as kWh/100mi unit interpretation; raw number preserved. Legacy comment saying kWh/km was incorrect.,Legacy helper algebra; explicit FuelEconomy KW-HR/100Miles metadata; EPA EV methodology (https://www.epa.gov/greenvehicles/fuel-economy-and-ev-range-testing; https://www.epa.gov/fueleconomy/text-version-electric-vehicle-label; https://nepis.epa.gov/Exe/ZyPURL.cgi?Dockey=P101698T.txt).,ACTIVE_DETERMINISTIC_UNIT_INTERPRETATION,Raw numeric value is never replaced. Stale source/version/key/value mismatches must fail or quarantine.
EPA_TESTCAR_2014_PRESENT,5E8E150CD53494059FF81554632CDDB4A74B857E5E7F24566BE8EC92FDA1F507,EPA-TESTCAR-ROW-5089,EPA-LEGACY-ROW-1177,RND_ADJ_FE,32.4,kWh/100mi,,Approved as kWh/100mi unit interpretation; raw number preserved. Legacy comment saying kWh/km was incorrect.,Legacy helper algebra; explicit FuelEconomy KW-HR/100Miles metadata; EPA EV methodology (https://www.epa.gov/greenvehicles/fuel-economy-and-ev-range-testing; https://www.epa.gov/fueleconomy/text-version-electric-vehicle-label; https://nepis.epa.gov/Exe/ZyPURL.cgi?Dockey=P101698T.txt).,ACTIVE_DETERMINISTIC_UNIT_INTERPRETATION,Raw numeric value is never replaced. Stale source/version/key/value mismatches must fail or quarantine.
EPA_TESTCAR_2014_PRESENT,5E8E150CD53494059FF81554632CDDB4A74B857E5E7F24566BE8EC92FDA1F507,EPA-TESTCAR-ROW-5090,EPA-LEGACY-ROW-1178,RND_ADJ_FE,29.3,kWh/100mi,,Approved as kWh/100mi unit interpretation; raw number preserved. Legacy comment saying kWh/km was incorrect.,Legacy helper algebra; explicit FuelEconomy KW-HR/100Miles metadata; EPA EV methodology (https://www.epa.gov/greenvehicles/fuel-economy-and-ev-range-testing; https://www.epa.gov/fueleconomy/text-version-electric-vehicle-label; https://nepis.epa.gov/Exe/ZyPURL.cgi?Dockey=P101698T.txt).,ACTIVE_DETERMINISTIC_UNIT_INTERPRETATION,Raw numeric value is never replaced. Stale source/version/key/value mismatches must fail or quarantine.
EPA_TESTCAR_2014_PRESENT,5E8E150CD53494059FF81554632CDDB4A74B857E5E7F24566BE8EC92FDA1F507,EPA-TESTCAR-ROW-5091,EPA-LEGACY-ROW-1179,RND_ADJ_FE,33.4,kWh/100mi,,Approved as kWh/100mi unit interpretation; raw number preserved. Legacy comment saying kWh/km was incorrect.,Legacy helper algebra; explicit FuelEconomy KW-HR/100Miles metadata; EPA EV methodology (https://www.epa.gov/greenvehicles/fuel-economy-and-ev-range-testing; https://www.epa.gov/fueleconomy/text-version-electric-vehicle-label; https://nepis.epa.gov/Exe/ZyPURL.cgi?Dockey=P101698T.txt).,ACTIVE_DETERMINISTIC_UNIT_INTERPRETATION,Raw numeric value is never replaced. Stale source/version/key/value mismatches must fail or quarantine.
EPA_TESTCAR_2014_PRESENT,5E8E150CD53494059FF81554632CDDB4A74B857E5E7F24566BE8EC92FDA1F507,EPA-TESTCAR-ROW-5192,EPA-LEGACY-ROW-1280,RND_ADJ_FE,31.6,kWh/100mi,,Approved as kWh/100mi unit interpretation; raw number preserved. Legacy comment saying kWh/km was incorrect.,Legacy helper algebra; explicit FuelEconomy KW-HR/100Miles metadata; EPA EV methodology (https://www.epa.gov/greenvehicles/fuel-economy-and-ev-range-testing; https://www.epa.gov/fueleconomy/text-version-electric-vehicle-label; https://nepis.epa.gov/Exe/ZyPURL.cgi?Dockey=P101698T.txt).,ACTIVE_DETERMINISTIC_UNIT_INTERPRETATION,Raw numeric value is never replaced. Stale source/version/key/value mismatches must fail or quarantine.
EPA_TESTCAR_2014_PRESENT,5E8E150CD53494059FF81554632CDDB4A74B857E5E7F24566BE8EC92FDA1F507,EPA-TESTCAR-ROW-5193,EPA-LEGACY-ROW-1281,RND_ADJ_FE,33,kWh/100mi,,Approved as kWh/100mi unit interpretation; raw number preserved. Legacy comment saying kWh/km was incorrect.,Legacy helper algebra; explicit FuelEconomy KW-HR/100Miles metadata; EPA EV methodology (https://www.epa.gov/greenvehicles/fuel-economy-and-ev-range-testing; https://www.epa.gov/fueleconomy/text-version-electric-vehicle-label; https://nepis.epa.gov/Exe/ZyPURL.cgi?Dockey=P101698T.txt).,ACTIVE_DETERMINISTIC_UNIT_INTERPRETATION,Raw numeric value is never replaced. Stale source/version/key/value mismatches must fail or quarantine.
EPA_TESTCAR_2014_PRESENT,5E8E150CD53494059FF81554632CDDB4A74B857E5E7F24566BE8EC92FDA1F507,EPA-TESTCAR-ROW-5194,EPA-LEGACY-ROW-1282,RND_ADJ_FE,30.8,kWh/100mi,,Approved as kWh/100mi unit interpretation; raw number preserved. Legacy comment saying kWh/km was incorrect.,Legacy helper algebra; explicit FuelEconomy KW-HR/100Miles metadata; EPA EV methodology (https://www.epa.gov/greenvehicles/fuel-economy-and-ev-range-testing; https://www.epa.gov/fueleconomy/text-version-electric-vehicle-label; https://nepis.epa.gov/Exe/ZyPURL.cgi?Dockey=P101698T.txt).,ACTIVE_DETERMINISTIC_UNIT_INTERPRETATION,Raw numeric value is never replaced. Stale source/version/key/value mismatches must fail or quarantine.
EPA_TESTCAR_2014_PRESENT,5E8E150CD53494059FF81554632CDDB4A74B857E5E7F24566BE8EC92FDA1F507,EPA-TESTCAR-ROW-5641,EPA-LEGACY-ROW-1729,RND_ADJ_FE,32.9,kWh/100mi,,Approved as kWh/100mi unit interpretation; raw number preserved. Legacy comment saying kWh/km was incorrect.,Legacy helper algebra; explicit FuelEconomy KW-HR/100Miles metadata; EPA EV methodology (https://www.epa.gov/greenvehicles/fuel-economy-and-ev-range-testing; https://www.epa.gov/fueleconomy/text-version-electric-vehicle-label; https://nepis.epa.gov/Exe/ZyPURL.cgi?Dockey=P101698T.txt).,ACTIVE_DETERMINISTIC_UNIT_INTERPRETATION,Raw numeric value is never replaced. Stale source/version/key/value mismatches must fail or quarantine.
EPA_TESTCAR_2014_PRESENT,5E8E150CD53494059FF81554632CDDB4A74B857E5E7F24566BE8EC92FDA1F507,EPA-TESTCAR-ROW-5642,EPA-LEGACY-ROW-1730,RND_ADJ_FE,31.8,kWh/100mi,,Approved as kWh/100mi unit interpretation; raw number preserved. Legacy comment saying kWh/km was incorrect.,Legacy helper algebra; explicit FuelEconomy KW-HR/100Miles metadata; EPA EV methodology (https://www.epa.gov/greenvehicles/fuel-economy-and-ev-range-testing; https://www.epa.gov/fueleconomy/text-version-electric-vehicle-label; https://nepis.epa.gov/Exe/ZyPURL.cgi?Dockey=P101698T.txt).,ACTIVE_DETERMINISTIC_UNIT_INTERPRETATION,Raw numeric value is never replaced. Stale source/version/key/value mismatches must fail or quarantine.
EPA_TESTCAR_2014_PRESENT,5E8E150CD53494059FF81554632CDDB4A74B857E5E7F24566BE8EC92FDA1F507,EPA-TESTCAR-ROW-5643,EPA-LEGACY-ROW-1731,RND_ADJ_FE,33,kWh/100mi,,Approved as kWh/100mi unit interpretation; raw number preserved. Legacy comment saying kWh/km was incorrect.,Legacy helper algebra; explicit FuelEconomy KW-HR/100Miles metadata; EPA EV methodology (https://www.epa.gov/greenvehicles/fuel-economy-and-ev-range-testing; https://www.epa.gov/fueleconomy/text-version-electric-vehicle-label; https://nepis.epa.gov/Exe/ZyPURL.cgi?Dockey=P101698T.txt).,ACTIVE_DETERMINISTIC_UNIT_INTERPRETATION,Raw numeric value is never replaced. Stale source/version/key/value mismatches must fail or quarantine.
EPA_TESTCAR_2014_PRESENT,5E8E150CD53494059FF81554632CDDB4A74B857E5E7F24566BE8EC92FDA1F507,EPA-TESTCAR-ROW-5644,EPA-LEGACY-ROW-1732,RND_ADJ_FE,30.6,kWh/100mi,,Approved as kWh/100mi unit interpretation; raw number preserved. Legacy comment saying kWh/km was incorrect.,Legacy helper algebra; explicit FuelEconomy KW-HR/100Miles metadata; EPA EV methodology (https://www.epa.gov/greenvehicles/fuel-economy-and-ev-range-testing; https://www.epa.gov/fueleconomy/text-version-electric-vehicle-label; https://nepis.epa.gov/Exe/ZyPURL.cgi?Dockey=P101698T.txt).,ACTIVE_DETERMINISTIC_UNIT_INTERPRETATION,Raw numeric value is never replaced. Stale source/version/key/value mismatches must fail or quarantine.
EPA_TESTCAR_2014_PRESENT,5E8E150CD53494059FF81554632CDDB4A74B857E5E7F24566BE8EC92FDA1F507,EPA-TESTCAR-ROW-5748,EPA-LEGACY-ROW-1836,RND_ADJ_FE,0,,,Observed Hydrogen 5 zero is outside the electric rule and remains unconverted/unresolved.,Legacy helper algebra; explicit FuelEconomy KW-HR/100Miles metadata; EPA EV methodology (https://www.epa.gov/greenvehicles/fuel-economy-and-ev-range-testing; https://www.epa.gov/fueleconomy/text-version-electric-vehicle-label; https://nepis.epa.gov/Exe/ZyPURL.cgi?Dockey=P101698T.txt).,EXCLUDED_FCEV_ZERO_UNRESOLVED,Raw numeric value is never replaced. Stale source/version/key/value mismatches must fail or quarantine.
EPA_TESTCAR_2014_PRESENT,5E8E150CD53494059FF81554632CDDB4A74B857E5E7F24566BE8EC92FDA1F507,EPA-TESTCAR-ROW-5750,EPA-LEGACY-ROW-1838,RND_ADJ_FE,0,,,Observed Hydrogen 5 zero is outside the electric rule and remains unconverted/unresolved.,Legacy helper algebra; explicit FuelEconomy KW-HR/100Miles metadata; EPA EV methodology (https://www.epa.gov/greenvehicles/fuel-economy-and-ev-range-testing; https://www.epa.gov/fueleconomy/text-version-electric-vehicle-label; https://nepis.epa.gov/Exe/ZyPURL.cgi?Dockey=P101698T.txt).,EXCLUDED_FCEV_ZERO_UNRESOLVED,Raw numeric value is never replaced. Stale source/version/key/value mismatches must fail or quarantine.
EPA_TESTCAR_2014_PRESENT,5E8E150CD53494059FF81554632CDDB4A74B857E5E7F24566BE8EC92FDA1F507,EPA-TESTCAR-ROW-5789,EPA-LEGACY-ROW-1877,RND_ADJ_FE,21.8,kWh/100mi,,Approved as kWh/100mi unit interpretation; raw number preserved. Legacy comment saying kWh/km was incorrect.,Legacy helper algebra; explicit FuelEconomy KW-HR/100Miles metadata; EPA EV methodology (https://www.epa.gov/greenvehicles/fuel-economy-and-ev-range-testing; https://www.epa.gov/fueleconomy/text-version-electric-vehicle-label; https://nepis.epa.gov/Exe/ZyPURL.cgi?Dockey=P101698T.txt).,ACTIVE_DETERMINISTIC_UNIT_INTERPRETATION,Raw numeric value is never replaced. Stale source/version/key/value mismatches must fail or quarantine.
EPA_TESTCAR_2014_PRESENT,5E8E150CD53494059FF81554632CDDB4A74B857E5E7F24566BE8EC92FDA1F507,EPA-TESTCAR-ROW-5790,EPA-LEGACY-ROW-1878,RND_ADJ_FE,25.5,kWh/100mi,,Approved as kWh/100mi unit interpretation; raw number preserved. Legacy comment saying kWh/km was incorrect.,Legacy helper algebra; explicit FuelEconomy KW-HR/100Miles metadata; EPA EV methodology (https://www.epa.gov/greenvehicles/fuel-economy-and-ev-range-testing; https://www.epa.gov/fueleconomy/text-version-electric-vehicle-label; https://nepis.epa.gov/Exe/ZyPURL.cgi?Dockey=P101698T.txt).,ACTIVE_DETERMINISTIC_UNIT_INTERPRETATION,Raw numeric value is never replaced. Stale source/version/key/value mismatches must fail or quarantine.
EPA_TESTCAR_2014_PRESENT,5E8E150CD53494059FF81554632CDDB4A74B857E5E7F24566BE8EC92FDA1F507,EPA-TESTCAR-ROW-5791,EPA-LEGACY-ROW-1879,RND_ADJ_FE,24.1,kWh/100mi,,Approved as kWh/100mi unit interpretation; raw number preserved. Legacy comment saying kWh/km was incorrect.,Legacy helper algebra; explicit FuelEconomy KW-HR/100Miles metadata; EPA EV methodology (https://www.epa.gov/greenvehicles/fuel-economy-and-ev-range-testing; https://www.epa.gov/fueleconomy/text-version-electric-vehicle-label; https://nepis.epa.gov/Exe/ZyPURL.cgi?Dockey=P101698T.txt).,ACTIVE_DETERMINISTIC_UNIT_INTERPRETATION,Raw numeric value is never replaced. Stale source/version/key/value mismatches must fail or quarantine.
EPA_TESTCAR_2014_PRESENT,5E8E150CD53494059FF81554632CDDB4A74B857E5E7F24566BE8EC92FDA1F507,EPA-TESTCAR-ROW-5792,EPA-LEGACY-ROW-1880,RND_ADJ_FE,28.4,kWh/100mi,,Approved as kWh/100mi unit interpretation; raw number preserved. Legacy comment saying kWh/km was incorrect.,Legacy helper algebra; explicit FuelEconomy KW-HR/100Miles metadata; EPA EV methodology (https://www.epa.gov/greenvehicles/fuel-economy-and-ev-range-testing; https://www.epa.gov/fueleconomy/text-version-electric-vehicle-label; https://nepis.epa.gov/Exe/ZyPURL.cgi?Dockey=P101698T.txt).,ACTIVE_DETERMINISTIC_UNIT_INTERPRETATION,Raw numeric value is never replaced. Stale source/version/key/value mismatches must fail or quarantine.
EPA_TESTCAR_2014_PRESENT,5E8E150CD53494059FF81554632CDDB4A74B857E5E7F24566BE8EC92FDA1F507,EPA-TESTCAR-ROW-5859,EPA-LEGACY-ROW-1947,RND_ADJ_FE,21,kWh/100mi,,Approved as kWh/100mi unit interpretation; raw number preserved. Legacy comment saying kWh/km was incorrect.,Legacy helper algebra; explicit FuelEconomy KW-HR/100Miles metadata; EPA EV methodology (https://www.epa.gov/greenvehicles/fuel-economy-and-ev-range-testing; https://www.epa.gov/fueleconomy/text-version-electric-vehicle-label; https://nepis.epa.gov/Exe/ZyPURL.cgi?Dockey=P101698T.txt).,ACTIVE_DETERMINISTIC_UNIT_INTERPRETATION,Raw numeric value is never replaced. Stale source/version/key/value mismatches must fail or quarantine.
EPA_TESTCAR_2014_PRESENT,5E8E150CD53494059FF81554632CDDB4A74B857E5E7F24566BE8EC92FDA1F507,EPA-TESTCAR-ROW-5860,EPA-LEGACY-ROW-1948,RND_ADJ_FE,25.9,kWh/100mi,,Approved as kWh/100mi unit interpretation; raw number preserved. Legacy comment saying kWh/km was incorrect.,Legacy helper algebra; explicit FuelEconomy KW-HR/100Miles metadata; EPA EV methodology (https://www.epa.gov/greenvehicles/fuel-economy-and-ev-range-testing; https://www.epa.gov/fueleconomy/text-version-electric-vehicle-label; https://nepis.epa.gov/Exe/ZyPURL.cgi?Dockey=P101698T.txt).,ACTIVE_DETERMINISTIC_UNIT_INTERPRETATION,Raw numeric value is never replaced. Stale source/version/key/value mismatches must fail or quarantine.
EPA_TESTCAR_2014_PRESENT,5E8E150CD53494059FF81554632CDDB4A74B857E5E7F24566BE8EC92FDA1F507,EPA-TESTCAR-ROW-5861,EPA-LEGACY-ROW-1949,RND_ADJ_FE,22.9,kWh/100mi,,Approved as kWh/100mi unit interpretation; raw number preserved. Legacy comment saying kWh/km was incorrect.,Legacy helper algebra; explicit FuelEconomy KW-HR/100Miles metadata; EPA EV methodology (https://www.epa.gov/greenvehicles/fuel-economy-and-ev-range-testing; https://www.epa.gov/fueleconomy/text-version-electric-vehicle-label; https://nepis.epa.gov/Exe/ZyPURL.cgi?Dockey=P101698T.txt).,ACTIVE_DETERMINISTIC_UNIT_INTERPRETATION,Raw numeric value is never replaced. Stale source/version/key/value mismatches must fail or quarantine.
EPA_TESTCAR_2014_PRESENT,5E8E150CD53494059FF81554632CDDB4A74B857E5E7F24566BE8EC92FDA1F507,EPA-TESTCAR-ROW-5862,EPA-LEGACY-ROW-1950,RND_ADJ_FE,27.3,kWh/100mi,,Approved as kWh/100mi unit interpretation; raw number preserved. Legacy comment saying kWh/km was incorrect.,Legacy helper algebra; explicit FuelEconomy KW-HR/100Miles metadata; EPA EV methodology (https://www.epa.gov/greenvehicles/fuel-economy-and-ev-range-testing; https://www.epa.gov/fueleconomy/text-version-electric-vehicle-label; https://nepis.epa.gov/Exe/ZyPURL.cgi?Dockey=P101698T.txt).,ACTIVE_DETERMINISTIC_UNIT_INTERPRETATION,Raw numeric value is never replaced. Stale source/version/key/value mismatches must fail or quarantine.
EPA_TESTCAR_2014_PRESENT,5E8E150CD53494059FF81554632CDDB4A74B857E5E7F24566BE8EC92FDA1F507,EPA-TESTCAR-ROW-5863,EPA-LEGACY-ROW-1951,RND_ADJ_FE,23.8,kWh/100mi,,Approved as kWh/100mi unit interpretation; raw number preserved. Legacy comment saying kWh/km was incorrect.,Legacy helper algebra; explicit FuelEconomy KW-HR/100Miles metadata; EPA EV methodology (https://www.epa.gov/greenvehicles/fuel-economy-and-ev-range-testing; https://www.epa.gov/fueleconomy/text-version-electric-vehicle-label; https://nepis.epa.gov/Exe/ZyPURL.cgi?Dockey=P101698T.txt).,ACTIVE_DETERMINISTIC_UNIT_INTERPRETATION,Raw numeric value is never replaced. Stale source/version/key/value mismatches must fail or quarantine.
EPA_TESTCAR_2014_PRESENT,5E8E150CD53494059FF81554632CDDB4A74B857E5E7F24566BE8EC92FDA1F507,EPA-TESTCAR-ROW-5864,EPA-LEGACY-ROW-1952,RND_ADJ_FE,28.2,kWh/100mi,,Approved as kWh/100mi unit interpretation; raw number preserved. Legacy comment saying kWh/km was incorrect.,Legacy helper algebra; explicit FuelEconomy KW-HR/100Miles metadata; EPA EV methodology (https://www.epa.gov/greenvehicles/fuel-economy-and-ev-range-testing; https://www.epa.gov/fueleconomy/text-version-electric-vehicle-label; https://nepis.epa.gov/Exe/ZyPURL.cgi?Dockey=P101698T.txt).,ACTIVE_DETERMINISTIC_UNIT_INTERPRETATION,Raw numeric value is never replaced. Stale source/version/key/value mismatches must fail or quarantine.
EPA_TESTCAR_2014_PRESENT,5E8E150CD53494059FF81554632CDDB4A74B857E5E7F24566BE8EC92FDA1F507,EPA-TESTCAR-ROW-5865,EPA-LEGACY-ROW-1953,RND_ADJ_FE,18,kWh/100mi,,Approved as kWh/100mi unit interpretation; raw number preserved. Legacy comment saying kWh/km was incorrect.,Legacy helper algebra; explicit FuelEconomy KW-HR/100Miles metadata; EPA EV methodology (https://www.epa.gov/greenvehicles/fuel-economy-and-ev-range-testing; https://www.epa.gov/fueleconomy/text-version-electric-vehicle-label; https://nepis.epa.gov/Exe/ZyPURL.cgi?Dockey=P101698T.txt).,ACTIVE_DETERMINISTIC_UNIT_INTERPRETATION,Raw numeric value is never replaced. Stale source/version/key/value mismatches must fail or quarantine.
EPA_TESTCAR_2014_PRESENT,5E8E150CD53494059FF81554632CDDB4A74B857E5E7F24566BE8EC92FDA1F507,EPA-TESTCAR-ROW-5866,EPA-LEGACY-ROW-1954,RND_ADJ_FE,22.8,kWh/100mi,,Approved as kWh/100mi unit interpretation; raw number preserved. Legacy comment saying kWh/km was incorrect.,Legacy helper algebra; explicit FuelEconomy KW-HR/100Miles metadata; EPA EV methodology (https://www.epa.gov/greenvehicles/fuel-economy-and-ev-range-testing; https://www.epa.gov/fueleconomy/text-version-electric-vehicle-label; https://nepis.epa.gov/Exe/ZyPURL.cgi?Dockey=P101698T.txt).,ACTIVE_DETERMINISTIC_UNIT_INTERPRETATION,Raw numeric value is never replaced. Stale source/version/key/value mismatches must fail or quarantine.
EPA_TESTCAR_2014_PRESENT,5E8E150CD53494059FF81554632CDDB4A74B857E5E7F24566BE8EC92FDA1F507,EPA-TESTCAR-ROW-5930,EPA-LEGACY-ROW-2018,RND_ADJ_FE,28.3,kWh/100mi,,Approved as kWh/100mi unit interpretation; raw number preserved. Legacy comment saying kWh/km was incorrect.,Legacy helper algebra; explicit FuelEconomy KW-HR/100Miles metadata; EPA EV methodology (https://www.epa.gov/greenvehicles/fuel-economy-and-ev-range-testing; https://www.epa.gov/fueleconomy/text-version-electric-vehicle-label; https://nepis.epa.gov/Exe/ZyPURL.cgi?Dockey=P101698T.txt).,ACTIVE_DETERMINISTIC_UNIT_INTERPRETATION,Raw numeric value is never replaced. Stale source/version/key/value mismatches must fail or quarantine.
EPA_TESTCAR_2014_PRESENT,5E8E150CD53494059FF81554632CDDB4A74B857E5E7F24566BE8EC92FDA1F507,EPA-TESTCAR-ROW-5931,EPA-LEGACY-ROW-2019,RND_ADJ_FE,29.4,kWh/100mi,,Approved as kWh/100mi unit interpretation; raw number preserved. Legacy comment saying kWh/km was incorrect.,Legacy helper algebra; explicit FuelEconomy KW-HR/100Miles metadata; EPA EV methodology (https://www.epa.gov/greenvehicles/fuel-economy-and-ev-range-testing; https://www.epa.gov/fueleconomy/text-version-electric-vehicle-label; https://nepis.epa.gov/Exe/ZyPURL.cgi?Dockey=P101698T.txt).,ACTIVE_DETERMINISTIC_UNIT_INTERPRETATION,Raw numeric value is never replaced. Stale source/version/key/value mismatches must fail or quarantine.
EPA_TESTCAR_2014_PRESENT,5E8E150CD53494059FF81554632CDDB4A74B857E5E7F24566BE8EC92FDA1F507,EPA-TESTCAR-ROW-5932,EPA-LEGACY-ROW-2020,RND_ADJ_FE,31.7,kWh/100mi,,Approved as kWh/100mi unit interpretation; raw number preserved. Legacy comment saying kWh/km was incorrect.,Legacy helper algebra; explicit FuelEconomy KW-HR/100Miles metadata; EPA EV methodology (https://www.epa.gov/greenvehicles/fuel-economy-and-ev-range-testing; https://www.epa.gov/fueleconomy/text-version-electric-vehicle-label; https://nepis.epa.gov/Exe/ZyPURL.cgi?Dockey=P101698T.txt).,ACTIVE_DETERMINISTIC_UNIT_INTERPRETATION,Raw numeric value is never replaced. Stale source/version/key/value mismatches must fail or quarantine.
EPA_TESTCAR_2014_PRESENT,5E8E150CD53494059FF81554632CDDB4A74B857E5E7F24566BE8EC92FDA1F507,EPA-TESTCAR-ROW-5933,EPA-LEGACY-ROW-2021,RND_ADJ_FE,28.3,kWh/100mi,,Approved as kWh/100mi unit interpretation; raw number preserved. Legacy comment saying kWh/km was incorrect.,Legacy helper algebra; explicit FuelEconomy KW-HR/100Miles metadata; EPA EV methodology (https://www.epa.gov/greenvehicles/fuel-economy-and-ev-range-testing; https://www.epa.gov/fueleconomy/text-version-electric-vehicle-label; https://nepis.epa.gov/Exe/ZyPURL.cgi?Dockey=P101698T.txt).,ACTIVE_DETERMINISTIC_UNIT_INTERPRETATION,Raw numeric value is never replaced. Stale source/version/key/value mismatches must fail or quarantine.
EPA_TESTCAR_2014_PRESENT,5E8E150CD53494059FF81554632CDDB4A74B857E5E7F24566BE8EC92FDA1F507,EPA-TESTCAR-ROW-5934,EPA-LEGACY-ROW-2022,RND_ADJ_FE,32.3,kWh/100mi,,Approved as kWh/100mi unit interpretation; raw number preserved. Legacy comment saying kWh/km was incorrect.,Legacy helper algebra; explicit FuelEconomy KW-HR/100Miles metadata; EPA EV methodology (https://www.epa.gov/greenvehicles/fuel-economy-and-ev-range-testing; https://www.epa.gov/fueleconomy/text-version-electric-vehicle-label; https://nepis.epa.gov/Exe/ZyPURL.cgi?Dockey=P101698T.txt).,ACTIVE_DETERMINISTIC_UNIT_INTERPRETATION,Raw numeric value is never replaced. Stale source/version/key/value mismatches must fail or quarantine.
EPA_TESTCAR_LEGACY,8443C330344022C129B6E8403839376162C5431AC0BC4EE47F553C3E8CD12B45,EPA-LEGACY-ROW-2023,EPA-LEGACY-ROW-2023,RND_ADJ_FE,26.8,,,Exact record is absent from the refreshed source; historical entry remains retired.,Legacy helper algebra; explicit FuelEconomy KW-HR/100Miles metadata; EPA EV methodology (https://www.epa.gov/greenvehicles/fuel-economy-and-ev-range-testing; https://www.epa.gov/fueleconomy/text-version-electric-vehicle-label; https://nepis.epa.gov/Exe/ZyPURL.cgi?Dockey=P101698T.txt).,RETIRED_SOURCE_RECORD_ABSENT,Raw numeric value is never replaced. Stale source/version/key/value mismatches must fail or quarantine.
EPA_TESTCAR_LEGACY,8443C330344022C129B6E8403839376162C5431AC0BC4EE47F553C3E8CD12B45,EPA-LEGACY-ROW-2024,EPA-LEGACY-ROW-2024,RND_ADJ_FE,31.1,,,Exact record is absent from the refreshed source; historical entry remains retired.,Legacy helper algebra; explicit FuelEconomy KW-HR/100Miles metadata; EPA EV methodology (https://www.epa.gov/greenvehicles/fuel-economy-and-ev-range-testing; https://www.epa.gov/fueleconomy/text-version-electric-vehicle-label; https://nepis.epa.gov/Exe/ZyPURL.cgi?Dockey=P101698T.txt).,RETIRED_SOURCE_RECORD_ABSENT,Raw numeric value is never replaced. Stale source/version/key/value mismatches must fail or quarantine.
EPA_TESTCAR_2014_PRESENT,5E8E150CD53494059FF81554632CDDB4A74B857E5E7F24566BE8EC92FDA1F507,EPA-TESTCAR-ROW-5937,EPA-LEGACY-ROW-2025,RND_ADJ_FE,32.4,kWh/100mi,,Approved as kWh/100mi unit interpretation; raw number preserved. Legacy comment saying kWh/km was incorrect.,Legacy helper algebra; explicit FuelEconomy KW-HR/100Miles metadata; EPA EV methodology (https://www.epa.gov/greenvehicles/fuel-economy-and-ev-range-testing; https://www.epa.gov/fueleconomy/text-version-electric-vehicle-label; https://nepis.epa.gov/Exe/ZyPURL.cgi?Dockey=P101698T.txt).,ACTIVE_DETERMINISTIC_UNIT_INTERPRETATION,Raw numeric value is never replaced. Stale source/version/key/value mismatches must fail or quarantine.
EPA_TESTCAR_2014_PRESENT,5E8E150CD53494059FF81554632CDDB4A74B857E5E7F24566BE8EC92FDA1F507,EPA-TESTCAR-ROW-5938,EPA-LEGACY-ROW-2026,RND_ADJ_FE,34.4,kWh/100mi,,Approved as kWh/100mi unit interpretation; raw number preserved. Legacy comment saying kWh/km was incorrect.,Legacy helper algebra; explicit FuelEconomy KW-HR/100Miles metadata; EPA EV methodology (https://www.epa.gov/greenvehicles/fuel-economy-and-ev-range-testing; https://www.epa.gov/fueleconomy/text-version-electric-vehicle-label; https://nepis.epa.gov/Exe/ZyPURL.cgi?Dockey=P101698T.txt).,ACTIVE_DETERMINISTIC_UNIT_INTERPRETATION,Raw numeric value is never replaced. Stale source/version/key/value mismatches must fail or quarantine.
EPA_TESTCAR_2014_PRESENT,5E8E150CD53494059FF81554632CDDB4A74B857E5E7F24566BE8EC92FDA1F507,EPA-TESTCAR-ROW-5939,EPA-LEGACY-ROW-2027,RND_ADJ_FE,17.7,kWh/100mi,,Approved as kWh/100mi unit interpretation; raw number preserved. Legacy comment saying kWh/km was incorrect.,Legacy helper algebra; explicit FuelEconomy KW-HR/100Miles metadata; EPA EV methodology (https://www.epa.gov/greenvehicles/fuel-economy-and-ev-range-testing; https://www.epa.gov/fueleconomy/text-version-electric-vehicle-label; https://nepis.epa.gov/Exe/ZyPURL.cgi?Dockey=P101698T.txt).,ACTIVE_DETERMINISTIC_UNIT_INTERPRETATION,Raw numeric value is never replaced. Stale source/version/key/value mismatches must fail or quarantine.
EPA_TESTCAR_2014_PRESENT,5E8E150CD53494059FF81554632CDDB4A74B857E5E7F24566BE8EC92FDA1F507,EPA-TESTCAR-ROW-5940,EPA-LEGACY-ROW-2028,RND_ADJ_FE,20.7,kWh/100mi,,Approved as kWh/100mi unit interpretation; raw number preserved. Legacy comment saying kWh/km was incorrect.,Legacy helper algebra; explicit FuelEconomy KW-HR/100Miles metadata; EPA EV methodology (https://www.epa.gov/greenvehicles/fuel-economy-and-ev-range-testing; https://www.epa.gov/fueleconomy/text-version-electric-vehicle-label; https://nepis.epa.gov/Exe/ZyPURL.cgi?Dockey=P101698T.txt).,ACTIVE_DETERMINISTIC_UNIT_INTERPRETATION,Raw numeric value is never replaced. Stale source/version/key/value mismatches must fail or quarantine.
EPA_TESTCAR_2014_PRESENT,5E8E150CD53494059FF81554632CDDB4A74B857E5E7F24566BE8EC92FDA1F507,EPA-TESTCAR-ROW-5941,EPA-LEGACY-ROW-2029,RND_ADJ_FE,21.1,kWh/100mi,,Approved as kWh/100mi unit interpretation; raw number preserved. Legacy comment saying kWh/km was incorrect.,Legacy helper algebra; explicit FuelEconomy KW-HR/100Miles metadata; EPA EV methodology (https://www.epa.gov/greenvehicles/fuel-economy-and-ev-range-testing; https://www.epa.gov/fueleconomy/text-version-electric-vehicle-label; https://nepis.epa.gov/Exe/ZyPURL.cgi?Dockey=P101698T.txt).,ACTIVE_DETERMINISTIC_UNIT_INTERPRETATION,Raw numeric value is never replaced. Stale source/version/key/value mismatches must fail or quarantine.
EPA_TESTCAR_2014_PRESENT,5E8E150CD53494059FF81554632CDDB4A74B857E5E7F24566BE8EC92FDA1F507,EPA-TESTCAR-ROW-5942,EPA-LEGACY-ROW-2030,RND_ADJ_FE,24.9,kWh/100mi,,Approved as kWh/100mi unit interpretation; raw number preserved. Legacy comment saying kWh/km was incorrect.,Legacy helper algebra; explicit FuelEconomy KW-HR/100Miles metadata; EPA EV methodology (https://www.epa.gov/greenvehicles/fuel-economy-and-ev-range-testing; https://www.epa.gov/fueleconomy/text-version-electric-vehicle-label; https://nepis.epa.gov/Exe/ZyPURL.cgi?Dockey=P101698T.txt).,ACTIVE_DETERMINISTIC_UNIT_INTERPRETATION,Raw numeric value is never replaced. Stale source/version/key/value mismatches must fail or quarantine.
EPA_TESTCAR_2014_PRESENT,5E8E150CD53494059FF81554632CDDB4A74B857E5E7F24566BE8EC92FDA1F507,EPA-TESTCAR-ROW-5943,EPA-LEGACY-ROW-2031,RND_ADJ_FE,15.8,kWh/100mi,,Approved as kWh/100mi unit interpretation; raw number preserved. Legacy comment saying kWh/km was incorrect.,Legacy helper algebra; explicit FuelEconomy KW-HR/100Miles metadata; EPA EV methodology (https://www.epa.gov/greenvehicles/fuel-economy-and-ev-range-testing; https://www.epa.gov/fueleconomy/text-version-electric-vehicle-label; https://nepis.epa.gov/Exe/ZyPURL.cgi?Dockey=P101698T.txt).,ACTIVE_DETERMINISTIC_UNIT_INTERPRETATION,Raw numeric value is never replaced. Stale source/version/key/value mismatches must fail or quarantine.
EPA_TESTCAR_2014_PRESENT,5E8E150CD53494059FF81554632CDDB4A74B857E5E7F24566BE8EC92FDA1F507,EPA-TESTCAR-ROW-5944,EPA-LEGACY-ROW-2032,RND_ADJ_FE,18.9,kWh/100mi,,Approved as kWh/100mi unit interpretation; raw number preserved. Legacy comment saying kWh/km was incorrect.,Legacy helper algebra; explicit FuelEconomy KW-HR/100Miles metadata; EPA EV methodology (https://www.epa.gov/greenvehicles/fuel-economy-and-ev-range-testing; https://www.epa.gov/fueleconomy/text-version-electric-vehicle-label; https://nepis.epa.gov/Exe/ZyPURL.cgi?Dockey=P101698T.txt).,ACTIVE_DETERMINISTIC_UNIT_INTERPRETATION,Raw numeric value is never replaced. Stale source/version/key/value mismatches must fail or quarantine.
EPA_TESTCAR_2014_PRESENT,5E8E150CD53494059FF81554632CDDB4A74B857E5E7F24566BE8EC92FDA1F507,EPA-TESTCAR-ROW-5945,EPA-LEGACY-ROW-2033,RND_ADJ_FE,18.9,kWh/100mi,,Approved as kWh/100mi unit interpretation; raw number preserved. Legacy comment saying kWh/km was incorrect.,Legacy helper algebra; explicit FuelEconomy KW-HR/100Miles metadata; EPA EV methodology (https://www.epa.gov/greenvehicles/fuel-economy-and-ev-range-testing; https://www.epa.gov/fueleconomy/text-version-electric-vehicle-label; https://nepis.epa.gov/Exe/ZyPURL.cgi?Dockey=P101698T.txt).,ACTIVE_DETERMINISTIC_UNIT_INTERPRETATION,Raw numeric value is never replaced. Stale source/version/key/value mismatches must fail or quarantine.
EPA_TESTCAR_2014_PRESENT,5E8E150CD53494059FF81554632CDDB4A74B857E5E7F24566BE8EC92FDA1F507,EPA-TESTCAR-ROW-5946,EPA-LEGACY-ROW-2034,RND_ADJ_FE,23.3,kWh/100mi,,Approved as kWh/100mi unit interpretation; raw number preserved. Legacy comment saying kWh/km was incorrect.,Legacy helper algebra; explicit FuelEconomy KW-HR/100Miles metadata; EPA EV methodology (https://www.epa.gov/greenvehicles/fuel-economy-and-ev-range-testing; https://www.epa.gov/fueleconomy/text-version-electric-vehicle-label; https://nepis.epa.gov/Exe/ZyPURL.cgi?Dockey=P101698T.txt).,ACTIVE_DETERMINISTIC_UNIT_INTERPRETATION,Raw numeric value is never replaced. Stale source/version/key/value mismatches must fail or quarantine.
EPA_TESTCAR_2014_PRESENT,5E8E150CD53494059FF81554632CDDB4A74B857E5E7F24566BE8EC92FDA1F507,EPA-TESTCAR-ROW-5947,EPA-LEGACY-ROW-2035,RND_ADJ_FE,15.2,kWh/100mi,,Approved as kWh/100mi unit interpretation; raw number preserved. Legacy comment saying kWh/km was incorrect.,Legacy helper algebra; explicit FuelEconomy KW-HR/100Miles metadata; EPA EV methodology (https://www.epa.gov/greenvehicles/fuel-economy-and-ev-range-testing; https://www.epa.gov/fueleconomy/text-version-electric-vehicle-label; https://nepis.epa.gov/Exe/ZyPURL.cgi?Dockey=P101698T.txt).,ACTIVE_DETERMINISTIC_UNIT_INTERPRETATION,Raw numeric value is never replaced. Stale source/version/key/value mismatches must fail or quarantine.
EPA_TESTCAR_2014_PRESENT,5E8E150CD53494059FF81554632CDDB4A74B857E5E7F24566BE8EC92FDA1F507,EPA-TESTCAR-ROW-5948,EPA-LEGACY-ROW-2036,RND_ADJ_FE,19.1,kWh/100mi,,Approved as kWh/100mi unit interpretation; raw number preserved. Legacy comment saying kWh/km was incorrect.,Legacy helper algebra; explicit FuelEconomy KW-HR/100Miles metadata; EPA EV methodology (https://www.epa.gov/greenvehicles/fuel-economy-and-ev-range-testing; https://www.epa.gov/fueleconomy/text-version-electric-vehicle-label; https://nepis.epa.gov/Exe/ZyPURL.cgi?Dockey=P101698T.txt).,ACTIVE_DETERMINISTIC_UNIT_INTERPRETATION,Raw numeric value is never replaced. Stale source/version/key/value mismatches must fail or quarantine.
EPA_TESTCAR_LEGACY,8443C330344022C129B6E8403839376162C5431AC0BC4EE47F553C3E8CD12B45,EPA-LEGACY-ROW-2064,EPA-LEGACY-ROW-2064,RND_ADJ_FE,19.6,,,Exact record is absent from the refreshed source; historical entry remains retired.,Legacy helper algebra; explicit FuelEconomy KW-HR/100Miles metadata; EPA EV methodology (https://www.epa.gov/greenvehicles/fuel-economy-and-ev-range-testing; https://www.epa.gov/fueleconomy/text-version-electric-vehicle-label; https://nepis.epa.gov/Exe/ZyPURL.cgi?Dockey=P101698T.txt).,RETIRED_SOURCE_RECORD_ABSENT,Raw numeric value is never replaced. Stale source/version/key/value mismatches must fail or quarantine.
EPA_TESTCAR_LEGACY,8443C330344022C129B6E8403839376162C5431AC0BC4EE47F553C3E8CD12B45,EPA-LEGACY-ROW-2065,EPA-LEGACY-ROW-2065,RND_ADJ_FE,23.7,,,Exact record is absent from the refreshed source; historical entry remains retired.,Legacy helper algebra; explicit FuelEconomy KW-HR/100Miles metadata; EPA EV methodology (https://www.epa.gov/greenvehicles/fuel-economy-and-ev-range-testing; https://www.epa.gov/fueleconomy/text-version-electric-vehicle-label; https://nepis.epa.gov/Exe/ZyPURL.cgi?Dockey=P101698T.txt).,RETIRED_SOURCE_RECORD_ABSENT,Raw numeric value is never replaced. Stale source/version/key/value mismatches must fail or quarantine.
EPA_TESTCAR_2014_PRESENT,5E8E150CD53494059FF81554632CDDB4A74B857E5E7F24566BE8EC92FDA1F507,EPA-TESTCAR-ROW-5978,EPA-LEGACY-ROW-2066,RND_ADJ_FE,18.3,kWh/100mi,,Approved as kWh/100mi unit interpretation; raw number preserved. Legacy comment saying kWh/km was incorrect.,Legacy helper algebra; explicit FuelEconomy KW-HR/100Miles metadata; EPA EV methodology (https://www.epa.gov/greenvehicles/fuel-economy-and-ev-range-testing; https://www.epa.gov/fueleconomy/text-version-electric-vehicle-label; https://nepis.epa.gov/Exe/ZyPURL.cgi?Dockey=P101698T.txt).,ACTIVE_DETERMINISTIC_UNIT_INTERPRETATION,Raw numeric value is never replaced. Stale source/version/key/value mismatches must fail or quarantine.
EPA_TESTCAR_2014_PRESENT,5E8E150CD53494059FF81554632CDDB4A74B857E5E7F24566BE8EC92FDA1F507,EPA-TESTCAR-ROW-5979,EPA-LEGACY-ROW-2067,RND_ADJ_FE,22.8,kWh/100mi,,Approved as kWh/100mi unit interpretation; raw number preserved. Legacy comment saying kWh/km was incorrect.,Legacy helper algebra; explicit FuelEconomy KW-HR/100Miles metadata; EPA EV methodology (https://www.epa.gov/greenvehicles/fuel-economy-and-ev-range-testing; https://www.epa.gov/fueleconomy/text-version-electric-vehicle-label; https://nepis.epa.gov/Exe/ZyPURL.cgi?Dockey=P101698T.txt).,ACTIVE_DETERMINISTIC_UNIT_INTERPRETATION,Raw numeric value is never replaced. Stale source/version/key/value mismatches must fail or quarantine.
EPA_TESTCAR_2014_PRESENT,5E8E150CD53494059FF81554632CDDB4A74B857E5E7F24566BE8EC92FDA1F507,EPA-TESTCAR-ROW-5980,EPA-LEGACY-ROW-2068,RND_ADJ_FE,18,kWh/100mi,,Approved as kWh/100mi unit interpretation; raw number preserved. Legacy comment saying kWh/km was incorrect.,Legacy helper algebra; explicit FuelEconomy KW-HR/100Miles metadata; EPA EV methodology (https://www.epa.gov/greenvehicles/fuel-economy-and-ev-range-testing; https://www.epa.gov/fueleconomy/text-version-electric-vehicle-label; https://nepis.epa.gov/Exe/ZyPURL.cgi?Dockey=P101698T.txt).,ACTIVE_DETERMINISTIC_UNIT_INTERPRETATION,Raw numeric value is never replaced. Stale source/version/key/value mismatches must fail or quarantine.
EPA_TESTCAR_2014_PRESENT,5E8E150CD53494059FF81554632CDDB4A74B857E5E7F24566BE8EC92FDA1F507,EPA-TESTCAR-ROW-5981,EPA-LEGACY-ROW-2069,RND_ADJ_FE,22.4,kWh/100mi,,Approved as kWh/100mi unit interpretation; raw number preserved. Legacy comment saying kWh/km was incorrect.,Legacy helper algebra; explicit FuelEconomy KW-HR/100Miles metadata; EPA EV methodology (https://www.epa.gov/greenvehicles/fuel-economy-and-ev-range-testing; https://www.epa.gov/fueleconomy/text-version-electric-vehicle-label; https://nepis.epa.gov/Exe/ZyPURL.cgi?Dockey=P101698T.txt).,ACTIVE_DETERMINISTIC_UNIT_INTERPRETATION,Raw numeric value is never replaced. Stale source/version/key/value mismatches must fail or quarantine.
EPA_TESTCAR_2014_PRESENT,5E8E150CD53494059FF81554632CDDB4A74B857E5E7F24566BE8EC92FDA1F507,EPA-TESTCAR-ROW-6203,EPA-LEGACY-ROW-2287,RND_ADJ_FE,29,kWh/100mi,,Approved as kWh/100mi unit interpretation; raw number preserved. Legacy comment saying kWh/km was incorrect.,Legacy helper algebra; explicit FuelEconomy KW-HR/100Miles metadata; EPA EV methodology (https://www.epa.gov/greenvehicles/fuel-economy-and-ev-range-testing; https://www.epa.gov/fueleconomy/text-version-electric-vehicle-label; https://nepis.epa.gov/Exe/ZyPURL.cgi?Dockey=P101698T.txt).,ACTIVE_DETERMINISTIC_UNIT_INTERPRETATION,Raw numeric value is never replaced. Stale source/version/key/value mismatches must fail or quarantine.
EPA_TESTCAR_2014_PRESENT,5E8E150CD53494059FF81554632CDDB4A74B857E5E7F24566BE8EC92FDA1F507,EPA-TESTCAR-ROW-6204,EPA-LEGACY-ROW-2288,RND_ADJ_FE,27.4,kWh/100mi,,Approved as kWh/100mi unit interpretation; raw number preserved. Legacy comment saying kWh/km was incorrect.,Legacy helper algebra; explicit FuelEconomy KW-HR/100Miles metadata; EPA EV methodology (https://www.epa.gov/greenvehicles/fuel-economy-and-ev-range-testing; https://www.epa.gov/fueleconomy/text-version-electric-vehicle-label; https://nepis.epa.gov/Exe/ZyPURL.cgi?Dockey=P101698T.txt).,ACTIVE_DETERMINISTIC_UNIT_INTERPRETATION,Raw numeric value is never replaced. Stale source/version/key/value mismatches must fail or quarantine.
EPA_TESTCAR_2014_PRESENT,5E8E150CD53494059FF81554632CDDB4A74B857E5E7F24566BE8EC92FDA1F507,EPA-TESTCAR-ROW-6205,EPA-LEGACY-ROW-2289,RND_ADJ_FE,28.9,kWh/100mi,,Approved as kWh/100mi unit interpretation; raw number preserved. Legacy comment saying kWh/km was incorrect.,Legacy helper algebra; explicit FuelEconomy KW-HR/100Miles metadata; EPA EV methodology (https://www.epa.gov/greenvehicles/fuel-economy-and-ev-range-testing; https://www.epa.gov/fueleconomy/text-version-electric-vehicle-label; https://nepis.epa.gov/Exe/ZyPURL.cgi?Dockey=P101698T.txt).,ACTIVE_DETERMINISTIC_UNIT_INTERPRETATION,Raw numeric value is never replaced. Stale source/version/key/value mismatches must fail or quarantine.
EPA_TESTCAR_2014_PRESENT,5E8E150CD53494059FF81554632CDDB4A74B857E5E7F24566BE8EC92FDA1F507,EPA-TESTCAR-ROW-6206,EPA-LEGACY-ROW-2290,RND_ADJ_FE,30.4,kWh/100mi,,Approved as kWh/100mi unit interpretation; raw number preserved. Legacy comment saying kWh/km was incorrect.,Legacy helper algebra; explicit FuelEconomy KW-HR/100Miles metadata; EPA EV methodology (https://www.epa.gov/greenvehicles/fuel-economy-and-ev-range-testing; https://www.epa.gov/fueleconomy/text-version-electric-vehicle-label; https://nepis.epa.gov/Exe/ZyPURL.cgi?Dockey=P101698T.txt).,ACTIVE_DETERMINISTIC_UNIT_INTERPRETATION,Raw numeric value is never replaced. Stale source/version/key/value mismatches must fail or quarantine.
EPA_TESTCAR_2014_PRESENT,5E8E150CD53494059FF81554632CDDB4A74B857E5E7F24566BE8EC92FDA1F507,EPA-TESTCAR-ROW-6207,EPA-LEGACY-ROW-2291,RND_ADJ_FE,32.7,kWh/100mi,,Approved as kWh/100mi unit interpretation; raw number preserved. Legacy comment saying kWh/km was incorrect.,Legacy helper algebra; explicit FuelEconomy KW-HR/100Miles metadata; EPA EV methodology (https://www.epa.gov/greenvehicles/fuel-economy-and-ev-range-testing; https://www.epa.gov/fueleconomy/text-version-electric-vehicle-label; https://nepis.epa.gov/Exe/ZyPURL.cgi?Dockey=P101698T.txt).,ACTIVE_DETERMINISTIC_UNIT_INTERPRETATION,Raw numeric value is never replaced. Stale source/version/key/value mismatches must fail or quarantine.
EPA_TESTCAR_2014_PRESENT,5E8E150CD53494059FF81554632CDDB4A74B857E5E7F24566BE8EC92FDA1F507,EPA-TESTCAR-ROW-6208,EPA-LEGACY-ROW-2292,RND_ADJ_FE,30,kWh/100mi,,Approved as kWh/100mi unit interpretation; raw number preserved. Legacy comment saying kWh/km was incorrect.,Legacy helper algebra; explicit FuelEconomy KW-HR/100Miles metadata; EPA EV methodology (https://www.epa.gov/greenvehicles/fuel-economy-and-ev-range-testing; https://www.epa.gov/fueleconomy/text-version-electric-vehicle-label; https://nepis.epa.gov/Exe/ZyPURL.cgi?Dockey=P101698T.txt).,ACTIVE_DETERMINISTIC_UNIT_INTERPRETATION,Raw numeric value is never replaced. Stale source/version/key/value mismatches must fail or quarantine.
EPA_TESTCAR_2014_PRESENT,5E8E150CD53494059FF81554632CDDB4A74B857E5E7F24566BE8EC92FDA1F507,EPA-TESTCAR-ROW-6209,EPA-LEGACY-ROW-2293,RND_ADJ_FE,24.8,kWh/100mi,,Approved as kWh/100mi unit interpretation; raw number preserved. Legacy comment saying kWh/km was incorrect.,Legacy helper algebra; explicit FuelEconomy KW-HR/100Miles metadata; EPA EV methodology (https://www.epa.gov/greenvehicles/fuel-economy-and-ev-range-testing; https://www.epa.gov/fueleconomy/text-version-electric-vehicle-label; https://nepis.epa.gov/Exe/ZyPURL.cgi?Dockey=P101698T.txt).,ACTIVE_DETERMINISTIC_UNIT_INTERPRETATION,Raw numeric value is never replaced. Stale source/version/key/value mismatches must fail or quarantine.
EPA_TESTCAR_2014_PRESENT,5E8E150CD53494059FF81554632CDDB4A74B857E5E7F24566BE8EC92FDA1F507,EPA-TESTCAR-ROW-6210,EPA-LEGACY-ROW-2294,RND_ADJ_FE,25.1,kWh/100mi,,Approved as kWh/100mi unit interpretation; raw number preserved. Legacy comment saying kWh/km was incorrect.,Legacy helper algebra; explicit FuelEconomy KW-HR/100Miles metadata; EPA EV methodology (https://www.epa.gov/greenvehicles/fuel-economy-and-ev-range-testing; https://www.epa.gov/fueleconomy/text-version-electric-vehicle-label; https://nepis.epa.gov/Exe/ZyPURL.cgi?Dockey=P101698T.txt).,ACTIVE_DETERMINISTIC_UNIT_INTERPRETATION,Raw numeric value is never replaced. Stale source/version/key/value mismatches must fail or quarantine.
EPA_TESTCAR_2014_PRESENT,5E8E150CD53494059FF81554632CDDB4A74B857E5E7F24566BE8EC92FDA1F507,EPA-TESTCAR-ROW-6211,EPA-LEGACY-ROW-2295,RND_ADJ_FE,30.8,kWh/100mi,,Approved as kWh/100mi unit interpretation; raw number preserved. Legacy comment saying kWh/km was incorrect.,Legacy helper algebra; explicit FuelEconomy KW-HR/100Miles metadata; EPA EV methodology (https://www.epa.gov/greenvehicles/fuel-economy-and-ev-range-testing; https://www.epa.gov/fueleconomy/text-version-electric-vehicle-label; https://nepis.epa.gov/Exe/ZyPURL.cgi?Dockey=P101698T.txt).,ACTIVE_DETERMINISTIC_UNIT_INTERPRETATION,Raw numeric value is never replaced. Stale source/version/key/value mismatches must fail or quarantine.
EPA_TESTCAR_2014_PRESENT,5E8E150CD53494059FF81554632CDDB4A74B857E5E7F24566BE8EC92FDA1F507,EPA-TESTCAR-ROW-6212,EPA-LEGACY-ROW-2296,RND_ADJ_FE,31.2,kWh/100mi,,Approved as kWh/100mi unit interpretation; raw number preserved. Legacy comment saying kWh/km was incorrect.,Legacy helper algebra; explicit FuelEconomy KW-HR/100Miles metadata; EPA EV methodology (https://www.epa.gov/greenvehicles/fuel-economy-and-ev-range-testing; https://www.epa.gov/fueleconomy/text-version-electric-vehicle-label; https://nepis.epa.gov/Exe/ZyPURL.cgi?Dockey=P101698T.txt).,ACTIVE_DETERMINISTIC_UNIT_INTERPRETATION,Raw numeric value is never replaced. Stale source/version/key/value mismatches must fail or quarantine.
EPA_TESTCAR_2014_PRESENT,5E8E150CD53494059FF81554632CDDB4A74B857E5E7F24566BE8EC92FDA1F507,EPA-TESTCAR-ROW-6213,EPA-LEGACY-ROW-2297,RND_ADJ_FE,25.7,kWh/100mi,,Approved as kWh/100mi unit interpretation; raw number preserved. Legacy comment saying kWh/km was incorrect.,Legacy helper algebra; explicit FuelEconomy KW-HR/100Miles metadata; EPA EV methodology (https://www.epa.gov/greenvehicles/fuel-economy-and-ev-range-testing; https://www.epa.gov/fueleconomy/text-version-electric-vehicle-label; https://nepis.epa.gov/Exe/ZyPURL.cgi?Dockey=P101698T.txt).,ACTIVE_DETERMINISTIC_UNIT_INTERPRETATION,Raw numeric value is never replaced. Stale source/version/key/value mismatches must fail or quarantine.
EPA_TESTCAR_2014_PRESENT,5E8E150CD53494059FF81554632CDDB4A74B857E5E7F24566BE8EC92FDA1F507,EPA-TESTCAR-ROW-6214,EPA-LEGACY-ROW-2298,RND_ADJ_FE,22.7,kWh/100mi,,Approved as kWh/100mi unit interpretation; raw number preserved. Legacy comment saying kWh/km was incorrect.,Legacy helper algebra; explicit FuelEconomy KW-HR/100Miles metadata; EPA EV methodology (https://www.epa.gov/greenvehicles/fuel-economy-and-ev-range-testing; https://www.epa.gov/fueleconomy/text-version-electric-vehicle-label; https://nepis.epa.gov/Exe/ZyPURL.cgi?Dockey=P101698T.txt).,ACTIVE_DETERMINISTIC_UNIT_INTERPRETATION,Raw numeric value is never replaced. Stale source/version/key/value mismatches must fail or quarantine.
EPA_TESTCAR_2014_PRESENT,5E8E150CD53494059FF81554632CDDB4A74B857E5E7F24566BE8EC92FDA1F507,EPA-TESTCAR-ROW-6215,EPA-LEGACY-ROW-2299,RND_ADJ_FE,29,kWh/100mi,,Approved as kWh/100mi unit interpretation; raw number preserved. Legacy comment saying kWh/km was incorrect.,Legacy helper algebra; explicit FuelEconomy KW-HR/100Miles metadata; EPA EV methodology (https://www.epa.gov/greenvehicles/fuel-economy-and-ev-range-testing; https://www.epa.gov/fueleconomy/text-version-electric-vehicle-label; https://nepis.epa.gov/Exe/ZyPURL.cgi?Dockey=P101698T.txt).,ACTIVE_DETERMINISTIC_UNIT_INTERPRETATION,Raw numeric value is never replaced. Stale source/version/key/value mismatches must fail or quarantine.
EPA_TESTCAR_2014_PRESENT,5E8E150CD53494059FF81554632CDDB4A74B857E5E7F24566BE8EC92FDA1F507,EPA-TESTCAR-ROW-6216,EPA-LEGACY-ROW-2300,RND_ADJ_FE,22.8,kWh/100mi,,Approved as kWh/100mi unit interpretation; raw number preserved. Legacy comment saying kWh/km was incorrect.,Legacy helper algebra; explicit FuelEconomy KW-HR/100Miles metadata; EPA EV methodology (https://www.epa.gov/greenvehicles/fuel-economy-and-ev-range-testing; https://www.epa.gov/fueleconomy/text-version-electric-vehicle-label; https://nepis.epa.gov/Exe/ZyPURL.cgi?Dockey=P101698T.txt).,ACTIVE_DETERMINISTIC_UNIT_INTERPRETATION,Raw numeric value is never replaced. Stale source/version/key/value mismatches must fail or quarantine.
EPA_TESTCAR_2014_PRESENT,5E8E150CD53494059FF81554632CDDB4A74B857E5E7F24566BE8EC92FDA1F507,EPA-TESTCAR-ROW-6217,EPA-LEGACY-ROW-2301,RND_ADJ_FE,29.3,kWh/100mi,,Approved as kWh/100mi unit interpretation; raw number preserved. Legacy comment saying kWh/km was incorrect.,Legacy helper algebra; explicit FuelEconomy KW-HR/100Miles metadata; EPA EV methodology (https://www.epa.gov/greenvehicles/fuel-economy-and-ev-range-testing; https://www.epa.gov/fueleconomy/text-version-electric-vehicle-label; https://nepis.epa.gov/Exe/ZyPURL.cgi?Dockey=P101698T.txt).,ACTIVE_DETERMINISTIC_UNIT_INTERPRETATION,Raw numeric value is never replaced. Stale source/version/key/value mismatches must fail or quarantine.
EPA_TESTCAR_2014_PRESENT,5E8E150CD53494059FF81554632CDDB4A74B857E5E7F24566BE8EC92FDA1F507,EPA-TESTCAR-ROW-6245,EPA-LEGACY-ROW-2329,RND_ADJ_FE,18.4,kWh/100mi,,Approved as kWh/100mi unit interpretation; raw number preserved. Legacy comment saying kWh/km was incorrect.,Legacy helper algebra; explicit FuelEconomy KW-HR/100Miles metadata; EPA EV methodology (https://www.epa.gov/greenvehicles/fuel-economy-and-ev-range-testing; https://www.epa.gov/fueleconomy/text-version-electric-vehicle-label; https://nepis.epa.gov/Exe/ZyPURL.cgi?Dockey=P101698T.txt).,ACTIVE_DETERMINISTIC_UNIT_INTERPRETATION,Raw numeric value is never replaced. Stale source/version/key/value mismatches must fail or quarantine.
EPA_TESTCAR_2014_PRESENT,5E8E150CD53494059FF81554632CDDB4A74B857E5E7F24566BE8EC92FDA1F507,EPA-TESTCAR-ROW-6246,EPA-LEGACY-ROW-2330,RND_ADJ_FE,23,kWh/100mi,,Approved as kWh/100mi unit interpretation; raw number preserved. Legacy comment saying kWh/km was incorrect.,Legacy helper algebra; explicit FuelEconomy KW-HR/100Miles metadata; EPA EV methodology (https://www.epa.gov/greenvehicles/fuel-economy-and-ev-range-testing; https://www.epa.gov/fueleconomy/text-version-electric-vehicle-label; https://nepis.epa.gov/Exe/ZyPURL.cgi?Dockey=P101698T.txt).,ACTIVE_DETERMINISTIC_UNIT_INTERPRETATION,Raw numeric value is never replaced. Stale source/version/key/value mismatches must fail or quarantine.
EPA_TESTCAR_2014_PRESENT,5E8E150CD53494059FF81554632CDDB4A74B857E5E7F24566BE8EC92FDA1F507,EPA-TESTCAR-ROW-6384,EPA-LEGACY-ROW-2468,RND_ADJ_FE,18.9,kWh/100mi,,Approved as kWh/100mi unit interpretation; raw number preserved. Legacy comment saying kWh/km was incorrect.,Legacy helper algebra; explicit FuelEconomy KW-HR/100Miles metadata; EPA EV methodology (https://www.epa.gov/greenvehicles/fuel-economy-and-ev-range-testing; https://www.epa.gov/fueleconomy/text-version-electric-vehicle-label; https://nepis.epa.gov/Exe/ZyPURL.cgi?Dockey=P101698T.txt).,ACTIVE_DETERMINISTIC_UNIT_INTERPRETATION,Raw numeric value is never replaced. Stale source/version/key/value mismatches must fail or quarantine.
EPA_TESTCAR_2014_PRESENT,5E8E150CD53494059FF81554632CDDB4A74B857E5E7F24566BE8EC92FDA1F507,EPA-TESTCAR-ROW-6385,EPA-LEGACY-ROW-2469,RND_ADJ_FE,20.5,kWh/100mi,,Approved as kWh/100mi unit interpretation; raw number preserved. Legacy comment saying kWh/km was incorrect.,Legacy helper algebra; explicit FuelEconomy KW-HR/100Miles metadata; EPA EV methodology (https://www.epa.gov/greenvehicles/fuel-economy-and-ev-range-testing; https://www.epa.gov/fueleconomy/text-version-electric-vehicle-label; https://nepis.epa.gov/Exe/ZyPURL.cgi?Dockey=P101698T.txt).,ACTIVE_DETERMINISTIC_UNIT_INTERPRETATION,Raw numeric value is never replaced. Stale source/version/key/value mismatches must fail or quarantine.
EPA_TESTCAR_2014_PRESENT,5E8E150CD53494059FF81554632CDDB4A74B857E5E7F24566BE8EC92FDA1F507,EPA-TESTCAR-ROW-6386,EPA-LEGACY-ROW-2470,RND_ADJ_FE,26,kWh/100mi,,Approved as kWh/100mi unit interpretation; raw number preserved. Legacy comment saying kWh/km was incorrect.,Legacy helper algebra; explicit FuelEconomy KW-HR/100Miles metadata; EPA EV methodology (https://www.epa.gov/greenvehicles/fuel-economy-and-ev-range-testing; https://www.epa.gov/fueleconomy/text-version-electric-vehicle-label; https://nepis.epa.gov/Exe/ZyPURL.cgi?Dockey=P101698T.txt).,ACTIVE_DETERMINISTIC_UNIT_INTERPRETATION,Raw numeric value is never replaced. Stale source/version/key/value mismatches must fail or quarantine.
EPA_TESTCAR_2014_PRESENT,5E8E150CD53494059FF81554632CDDB4A74B857E5E7F24566BE8EC92FDA1F507,EPA-TESTCAR-ROW-6387,EPA-LEGACY-ROW-2471,RND_ADJ_FE,29.1,kWh/100mi,,Approved as kWh/100mi unit interpretation; raw number preserved. Legacy comment saying kWh/km was incorrect.,Legacy helper algebra; explicit FuelEconomy KW-HR/100Miles metadata; EPA EV methodology (https://www.epa.gov/greenvehicles/fuel-economy-and-ev-range-testing; https://www.epa.gov/fueleconomy/text-version-electric-vehicle-label; https://nepis.epa.gov/Exe/ZyPURL.cgi?Dockey=P101698T.txt).,ACTIVE_DETERMINISTIC_UNIT_INTERPRETATION,Raw numeric value is never replaced. Stale source/version/key/value mismatches must fail or quarantine.
EPA_TESTCAR_2014_PRESENT,5E8E150CD53494059FF81554632CDDB4A74B857E5E7F24566BE8EC92FDA1F507,EPA-TESTCAR-ROW-6388,EPA-LEGACY-ROW-2472,RND_ADJ_FE,27.7,kWh/100mi,,Approved as kWh/100mi unit interpretation; raw number preserved. Legacy comment saying kWh/km was incorrect.,Legacy helper algebra; explicit FuelEconomy KW-HR/100Miles metadata; EPA EV methodology (https://www.epa.gov/greenvehicles/fuel-economy-and-ev-range-testing; https://www.epa.gov/fueleconomy/text-version-electric-vehicle-label; https://nepis.epa.gov/Exe/ZyPURL.cgi?Dockey=P101698T.txt).,ACTIVE_DETERMINISTIC_UNIT_INTERPRETATION,Raw numeric value is never replaced. Stale source/version/key/value mismatches must fail or quarantine.
EPA_TESTCAR_2014_PRESENT,5E8E150CD53494059FF81554632CDDB4A74B857E5E7F24566BE8EC92FDA1F507,EPA-TESTCAR-ROW-6389,EPA-LEGACY-ROW-2473,RND_ADJ_FE,30.2,kWh/100mi,,Approved as kWh/100mi unit interpretation; raw number preserved. Legacy comment saying kWh/km was incorrect.,Legacy helper algebra; explicit FuelEconomy KW-HR/100Miles metadata; EPA EV methodology (https://www.epa.gov/greenvehicles/fuel-economy-and-ev-range-testing; https://www.epa.gov/fueleconomy/text-version-electric-vehicle-label; https://nepis.epa.gov/Exe/ZyPURL.cgi?Dockey=P101698T.txt).,ACTIVE_DETERMINISTIC_UNIT_INTERPRETATION,Raw numeric value is never replaced. Stale source/version/key/value mismatches must fail or quarantine.
EPA_TESTCAR_2014_PRESENT,5E8E150CD53494059FF81554632CDDB4A74B857E5E7F24566BE8EC92FDA1F507,EPA-TESTCAR-ROW-6390,EPA-LEGACY-ROW-2474,RND_ADJ_FE,31.7,kWh/100mi,,Approved as kWh/100mi unit interpretation; raw number preserved. Legacy comment saying kWh/km was incorrect.,Legacy helper algebra; explicit FuelEconomy KW-HR/100Miles metadata; EPA EV methodology (https://www.epa.gov/greenvehicles/fuel-economy-and-ev-range-testing; https://www.epa.gov/fueleconomy/text-version-electric-vehicle-label; https://nepis.epa.gov/Exe/ZyPURL.cgi?Dockey=P101698T.txt).,ACTIVE_DETERMINISTIC_UNIT_INTERPRETATION,Raw numeric value is never replaced. Stale source/version/key/value mismatches must fail or quarantine.
EPA_TESTCAR_2014_PRESENT,5E8E150CD53494059FF81554632CDDB4A74B857E5E7F24566BE8EC92FDA1F507,EPA-TESTCAR-ROW-6391,EPA-LEGACY-ROW-2475,RND_ADJ_FE,30,kWh/100mi,,Approved as kWh/100mi unit interpretation; raw number preserved. Legacy comment saying kWh/km was incorrect.,Legacy helper algebra; explicit FuelEconomy KW-HR/100Miles metadata; EPA EV methodology (https://www.epa.gov/greenvehicles/fuel-economy-and-ev-range-testing; https://www.epa.gov/fueleconomy/text-version-electric-vehicle-label; https://nepis.epa.gov/Exe/ZyPURL.cgi?Dockey=P101698T.txt).,ACTIVE_DETERMINISTIC_UNIT_INTERPRETATION,Raw numeric value is never replaced. Stale source/version/key/value mismatches must fail or quarantine.
EPA_TESTCAR_2014_PRESENT,5E8E150CD53494059FF81554632CDDB4A74B857E5E7F24566BE8EC92FDA1F507,EPA-TESTCAR-ROW-6395,EPA-LEGACY-ROW-2479,RND_ADJ_FE,31.9,kWh/100mi,,Approved as kWh/100mi unit interpretation; raw number preserved. Legacy comment saying kWh/km was incorrect.,Legacy helper algebra; explicit FuelEconomy KW-HR/100Miles metadata; EPA EV methodology (https://www.epa.gov/greenvehicles/fuel-economy-and-ev-range-testing; https://www.epa.gov/fueleconomy/text-version-electric-vehicle-label; https://nepis.epa.gov/Exe/ZyPURL.cgi?Dockey=P101698T.txt).,ACTIVE_DETERMINISTIC_UNIT_INTERPRETATION,Raw numeric value is never replaced. Stale source/version/key/value mismatches must fail or quarantine.
EPA_TESTCAR_2014_PRESENT,5E8E150CD53494059FF81554632CDDB4A74B857E5E7F24566BE8EC92FDA1F507,EPA-TESTCAR-ROW-6396,EPA-LEGACY-ROW-2480,RND_ADJ_FE,30.5,kWh/100mi,,Approved as kWh/100mi unit interpretation; raw number preserved. Legacy comment saying kWh/km was incorrect.,Legacy helper algebra; explicit FuelEconomy KW-HR/100Miles metadata; EPA EV methodology (https://www.epa.gov/greenvehicles/fuel-economy-and-ev-range-testing; https://www.epa.gov/fueleconomy/text-version-electric-vehicle-label; https://nepis.epa.gov/Exe/ZyPURL.cgi?Dockey=P101698T.txt).,ACTIVE_DETERMINISTIC_UNIT_INTERPRETATION,Raw numeric value is never replaced. Stale source/version/key/value mismatches must fail or quarantine.
EPA_TESTCAR_2014_PRESENT,5E8E150CD53494059FF81554632CDDB4A74B857E5E7F24566BE8EC92FDA1F507,EPA-TESTCAR-ROW-6400,EPA-LEGACY-ROW-2484,RND_ADJ_FE,32.3,kWh/100mi,,Approved as kWh/100mi unit interpretation; raw number preserved. Legacy comment saying kWh/km was incorrect.,Legacy helper algebra; explicit FuelEconomy KW-HR/100Miles metadata; EPA EV methodology (https://www.epa.gov/greenvehicles/fuel-economy-and-ev-range-testing; https://www.epa.gov/fueleconomy/text-version-electric-vehicle-label; https://nepis.epa.gov/Exe/ZyPURL.cgi?Dockey=P101698T.txt).,ACTIVE_DETERMINISTIC_UNIT_INTERPRETATION,Raw numeric value is never replaced. Stale source/version/key/value mismatches must fail or quarantine.
EPA_TESTCAR_2014_PRESENT,5E8E150CD53494059FF81554632CDDB4A74B857E5E7F24566BE8EC92FDA1F507,EPA-TESTCAR-ROW-6401,EPA-LEGACY-ROW-2485,RND_ADJ_FE,35.4,kWh/100mi,,Approved as kWh/100mi unit interpretation; raw number preserved. Legacy comment saying kWh/km was incorrect.,Legacy helper algebra; explicit FuelEconomy KW-HR/100Miles metadata; EPA EV methodology (https://www.epa.gov/greenvehicles/fuel-economy-and-ev-range-testing; https://www.epa.gov/fueleconomy/text-version-electric-vehicle-label; https://nepis.epa.gov/Exe/ZyPURL.cgi?Dockey=P101698T.txt).,ACTIVE_DETERMINISTIC_UNIT_INTERPRETATION,Raw numeric value is never replaced. Stale source/version/key/value mismatches must fail or quarantine.
EPA_TESTCAR_2014_PRESENT,5E8E150CD53494059FF81554632CDDB4A74B857E5E7F24566BE8EC92FDA1F507,EPA-TESTCAR-ROW-6403,EPA-LEGACY-ROW-2487,RND_ADJ_FE,38.6,kWh/100mi,,Approved as kWh/100mi unit interpretation; raw number preserved. Legacy comment saying kWh/km was incorrect.,Legacy helper algebra; explicit FuelEconomy KW-HR/100Miles metadata; EPA EV methodology (https://www.epa.gov/greenvehicles/fuel-economy-and-ev-range-testing; https://www.epa.gov/fueleconomy/text-version-electric-vehicle-label; https://nepis.epa.gov/Exe/ZyPURL.cgi?Dockey=P101698T.txt).,ACTIVE_DETERMINISTIC_UNIT_INTERPRETATION,Raw numeric value is never replaced. Stale source/version/key/value mismatches must fail or quarantine.
EPA_TESTCAR_2014_PRESENT,5E8E150CD53494059FF81554632CDDB4A74B857E5E7F24566BE8EC92FDA1F507,EPA-TESTCAR-ROW-6404,EPA-LEGACY-ROW-2488,RND_ADJ_FE,26.9,kWh/100mi,,Approved as kWh/100mi unit interpretation; raw number preserved. Legacy comment saying kWh/km was incorrect.,Legacy helper algebra; explicit FuelEconomy KW-HR/100Miles metadata; EPA EV methodology (https://www.epa.gov/greenvehicles/fuel-economy-and-ev-range-testing; https://www.epa.gov/fueleconomy/text-version-electric-vehicle-label; https://nepis.epa.gov/Exe/ZyPURL.cgi?Dockey=P101698T.txt).,ACTIVE_DETERMINISTIC_UNIT_INTERPRETATION,Raw numeric value is never replaced. Stale source/version/key/value mismatches must fail or quarantine.
EPA_TESTCAR_2014_PRESENT,5E8E150CD53494059FF81554632CDDB4A74B857E5E7F24566BE8EC92FDA1F507,EPA-TESTCAR-ROW-6405,EPA-LEGACY-ROW-2489,RND_ADJ_FE,30.8,kWh/100mi,,Approved as kWh/100mi unit interpretation; raw number preserved. Legacy comment saying kWh/km was incorrect.,Legacy helper algebra; explicit FuelEconomy KW-HR/100Miles metadata; EPA EV methodology (https://www.epa.gov/greenvehicles/fuel-economy-and-ev-range-testing; https://www.epa.gov/fueleconomy/text-version-electric-vehicle-label; https://nepis.epa.gov/Exe/ZyPURL.cgi?Dockey=P101698T.txt).,ACTIVE_DETERMINISTIC_UNIT_INTERPRETATION,Raw numeric value is never replaced. Stale source/version/key/value mismatches must fail or quarantine.
EPA_TESTCAR_2014_PRESENT,5E8E150CD53494059FF81554632CDDB4A74B857E5E7F24566BE8EC92FDA1F507,EPA-TESTCAR-ROW-6521,EPA-LEGACY-ROW-2605,RND_ADJ_FE,29,kWh/100mi,,Approved as kWh/100mi unit interpretation; raw number preserved. Legacy comment saying kWh/km was incorrect.,Legacy helper algebra; explicit FuelEconomy KW-HR/100Miles metadata; EPA EV methodology (https://www.epa.gov/greenvehicles/fuel-economy-and-ev-range-testing; https://www.epa.gov/fueleconomy/text-version-electric-vehicle-label; https://nepis.epa.gov/Exe/ZyPURL.cgi?Dockey=P101698T.txt).,ACTIVE_DETERMINISTIC_UNIT_INTERPRETATION,Raw numeric value is never replaced. Stale source/version/key/value mismatches must fail or quarantine.
EPA_TESTCAR_2014_PRESENT,5E8E150CD53494059FF81554632CDDB4A74B857E5E7F24566BE8EC92FDA1F507,EPA-TESTCAR-ROW-6522,EPA-LEGACY-ROW-2606,RND_ADJ_FE,36.1,kWh/100mi,,Approved as kWh/100mi unit interpretation; raw number preserved. Legacy comment saying kWh/km was incorrect.,Legacy helper algebra; explicit FuelEconomy KW-HR/100Miles metadata; EPA EV methodology (https://www.epa.gov/greenvehicles/fuel-economy-and-ev-range-testing; https://www.epa.gov/fueleconomy/text-version-electric-vehicle-label; https://nepis.epa.gov/Exe/ZyPURL.cgi?Dockey=P101698T.txt).,ACTIVE_DETERMINISTIC_UNIT_INTERPRETATION,Raw numeric value is never replaced. Stale source/version/key/value mismatches must fail or quarantine.
EPA_TESTCAR_2014_PRESENT,5E8E150CD53494059FF81554632CDDB4A74B857E5E7F24566BE8EC92FDA1F507,EPA-TESTCAR-ROW-6523,EPA-LEGACY-ROW-2607,RND_ADJ_FE,29.6,kWh/100mi,,Approved as kWh/100mi unit interpretation; raw number preserved. Legacy comment saying kWh/km was incorrect.,Legacy helper algebra; explicit FuelEconomy KW-HR/100Miles metadata; EPA EV methodology (https://www.epa.gov/greenvehicles/fuel-economy-and-ev-range-testing; https://www.epa.gov/fueleconomy/text-version-electric-vehicle-label; https://nepis.epa.gov/Exe/ZyPURL.cgi?Dockey=P101698T.txt).,ACTIVE_DETERMINISTIC_UNIT_INTERPRETATION,Raw numeric value is never replaced. Stale source/version/key/value mismatches must fail or quarantine.
EPA_TESTCAR_2014_PRESENT,5E8E150CD53494059FF81554632CDDB4A74B857E5E7F24566BE8EC92FDA1F507,EPA-TESTCAR-ROW-6614,EPA-LEGACY-ROW-2698,RND_ADJ_FE,26.7,kWh/100mi,,Approved as kWh/100mi unit interpretation; raw number preserved. Legacy comment saying kWh/km was incorrect.,Legacy helper algebra; explicit FuelEconomy KW-HR/100Miles metadata; EPA EV methodology (https://www.epa.gov/greenvehicles/fuel-economy-and-ev-range-testing; https://www.epa.gov/fueleconomy/text-version-electric-vehicle-label; https://nepis.epa.gov/Exe/ZyPURL.cgi?Dockey=P101698T.txt).,ACTIVE_DETERMINISTIC_UNIT_INTERPRETATION,Raw numeric value is never replaced. Stale source/version/key/value mismatches must fail or quarantine.
EPA_TESTCAR_2014_PRESENT,5E8E150CD53494059FF81554632CDDB4A74B857E5E7F24566BE8EC92FDA1F507,EPA-TESTCAR-ROW-6615,EPA-LEGACY-ROW-2699,RND_ADJ_FE,31,kWh/100mi,,Approved as kWh/100mi unit interpretation; raw number preserved. Legacy comment saying kWh/km was incorrect.,Legacy helper algebra; explicit FuelEconomy KW-HR/100Miles metadata; EPA EV methodology (https://www.epa.gov/greenvehicles/fuel-economy-and-ev-range-testing; https://www.epa.gov/fueleconomy/text-version-electric-vehicle-label; https://nepis.epa.gov/Exe/ZyPURL.cgi?Dockey=P101698T.txt).,ACTIVE_DETERMINISTIC_UNIT_INTERPRETATION,Raw numeric value is never replaced. Stale source/version/key/value mismatches must fail or quarantine.
EPA_TESTCAR_2014_PRESENT,5E8E150CD53494059FF81554632CDDB4A74B857E5E7F24566BE8EC92FDA1F507,EPA-TESTCAR-ROW-6616,EPA-LEGACY-ROW-2700,RND_ADJ_FE,30.5,kWh/100mi,,Approved as kWh/100mi unit interpretation; raw number preserved. Legacy comment saying kWh/km was incorrect.,Legacy helper algebra; explicit FuelEconomy KW-HR/100Miles metadata; EPA EV methodology (https://www.epa.gov/greenvehicles/fuel-economy-and-ev-range-testing; https://www.epa.gov/fueleconomy/text-version-electric-vehicle-label; https://nepis.epa.gov/Exe/ZyPURL.cgi?Dockey=P101698T.txt).,ACTIVE_DETERMINISTIC_UNIT_INTERPRETATION,Raw numeric value is never replaced. Stale source/version/key/value mismatches must fail or quarantine.
EPA_TESTCAR_2014_PRESENT,5E8E150CD53494059FF81554632CDDB4A74B857E5E7F24566BE8EC92FDA1F507,EPA-TESTCAR-ROW-6617,EPA-LEGACY-ROW-2701,RND_ADJ_FE,28.2,kWh/100mi,,Approved as kWh/100mi unit interpretation; raw number preserved. Legacy comment saying kWh/km was incorrect.,Legacy helper algebra; explicit FuelEconomy KW-HR/100Miles metadata; EPA EV methodology (https://www.epa.gov/greenvehicles/fuel-economy-and-ev-range-testing; https://www.epa.gov/fueleconomy/text-version-electric-vehicle-label; https://nepis.epa.gov/Exe/ZyPURL.cgi?Dockey=P101698T.txt).,ACTIVE_DETERMINISTIC_UNIT_INTERPRETATION,Raw numeric value is never replaced. Stale source/version/key/value mismatches must fail or quarantine.
EPA_TESTCAR_2014_PRESENT,5E8E150CD53494059FF81554632CDDB4A74B857E5E7F24566BE8EC92FDA1F507,EPA-TESTCAR-ROW-6618,EPA-LEGACY-ROW-2702,RND_ADJ_FE,32.2,kWh/100mi,,Approved as kWh/100mi unit interpretation; raw number preserved. Legacy comment saying kWh/km was incorrect.,Legacy helper algebra; explicit FuelEconomy KW-HR/100Miles metadata; EPA EV methodology (https://www.epa.gov/greenvehicles/fuel-economy-and-ev-range-testing; https://www.epa.gov/fueleconomy/text-version-electric-vehicle-label; https://nepis.epa.gov/Exe/ZyPURL.cgi?Dockey=P101698T.txt).,ACTIVE_DETERMINISTIC_UNIT_INTERPRETATION,Raw numeric value is never replaced. Stale source/version/key/value mismatches must fail or quarantine.
EPA_TESTCAR_2014_PRESENT,5E8E150CD53494059FF81554632CDDB4A74B857E5E7F24566BE8EC92FDA1F507,EPA-TESTCAR-ROW-6619,EPA-LEGACY-ROW-2703,RND_ADJ_FE,26.7,kWh/100mi,,Approved as kWh/100mi unit interpretation; raw number preserved. Legacy comment saying kWh/km was incorrect.,Legacy helper algebra; explicit FuelEconomy KW-HR/100Miles metadata; EPA EV methodology (https://www.epa.gov/greenvehicles/fuel-economy-and-ev-range-testing; https://www.epa.gov/fueleconomy/text-version-electric-vehicle-label; https://nepis.epa.gov/Exe/ZyPURL.cgi?Dockey=P101698T.txt).,ACTIVE_DETERMINISTIC_UNIT_INTERPRETATION,Raw numeric value is never replaced. Stale source/version/key/value mismatches must fail or quarantine.
EPA_TESTCAR_2014_PRESENT,5E8E150CD53494059FF81554632CDDB4A74B857E5E7F24566BE8EC92FDA1F507,EPA-TESTCAR-ROW-6620,EPA-LEGACY-ROW-2704,RND_ADJ_FE,29.7,kWh/100mi,,Approved as kWh/100mi unit interpretation; raw number preserved. Legacy comment saying kWh/km was incorrect.,Legacy helper algebra; explicit FuelEconomy KW-HR/100Miles metadata; EPA EV methodology (https://www.epa.gov/greenvehicles/fuel-economy-and-ev-range-testing; https://www.epa.gov/fueleconomy/text-version-electric-vehicle-label; https://nepis.epa.gov/Exe/ZyPURL.cgi?Dockey=P101698T.txt).,ACTIVE_DETERMINISTIC_UNIT_INTERPRETATION,Raw numeric value is never replaced. Stale source/version/key/value mismatches must fail or quarantine.
EPA_TESTCAR_2014_PRESENT,5E8E150CD53494059FF81554632CDDB4A74B857E5E7F24566BE8EC92FDA1F507,EPA-TESTCAR-ROW-6621,EPA-LEGACY-ROW-2705,RND_ADJ_FE,28.4,kWh/100mi,,Approved as kWh/100mi unit interpretation; raw number preserved. Legacy comment saying kWh/km was incorrect.,Legacy helper algebra; explicit FuelEconomy KW-HR/100Miles metadata; EPA EV methodology (https://www.epa.gov/greenvehicles/fuel-economy-and-ev-range-testing; https://www.epa.gov/fueleconomy/text-version-electric-vehicle-label; https://nepis.epa.gov/Exe/ZyPURL.cgi?Dockey=P101698T.txt).,ACTIVE_DETERMINISTIC_UNIT_INTERPRETATION,Raw numeric value is never replaced. Stale source/version/key/value mismatches must fail or quarantine.
EPA_TESTCAR_2014_PRESENT,5E8E150CD53494059FF81554632CDDB4A74B857E5E7F24566BE8EC92FDA1F507,EPA-TESTCAR-ROW-6622,EPA-LEGACY-ROW-2706,RND_ADJ_FE,32.9,kWh/100mi,,Approved as kWh/100mi unit interpretation; raw number preserved. Legacy comment saying kWh/km was incorrect.,Legacy helper algebra; explicit FuelEconomy KW-HR/100Miles metadata; EPA EV methodology (https://www.epa.gov/greenvehicles/fuel-economy-and-ev-range-testing; https://www.epa.gov/fueleconomy/text-version-electric-vehicle-label; https://nepis.epa.gov/Exe/ZyPURL.cgi?Dockey=P101698T.txt).,ACTIVE_DETERMINISTIC_UNIT_INTERPRETATION,Raw numeric value is never replaced. Stale source/version/key/value mismatches must fail or quarantine.
EPA_TESTCAR_2014_PRESENT,5E8E150CD53494059FF81554632CDDB4A74B857E5E7F24566BE8EC92FDA1F507,EPA-TESTCAR-ROW-6623,EPA-LEGACY-ROW-2707,RND_ADJ_FE,26.4,kWh/100mi,,Approved as kWh/100mi unit interpretation; raw number preserved. Legacy comment saying kWh/km was incorrect.,Legacy helper algebra; explicit FuelEconomy KW-HR/100Miles metadata; EPA EV methodology (https://www.epa.gov/greenvehicles/fuel-economy-and-ev-range-testing; https://www.epa.gov/fueleconomy/text-version-electric-vehicle-label; https://nepis.epa.gov/Exe/ZyPURL.cgi?Dockey=P101698T.txt).,ACTIVE_DETERMINISTIC_UNIT_INTERPRETATION,Raw numeric value is never replaced. Stale source/version/key/value mismatches must fail or quarantine.
EPA_TESTCAR_2014_PRESENT,5E8E150CD53494059FF81554632CDDB4A74B857E5E7F24566BE8EC92FDA1F507,EPA-TESTCAR-ROW-6626,EPA-LEGACY-ROW-2710,RND_ADJ_FE,24.8,kWh/100mi,,Approved as kWh/100mi unit interpretation; raw number preserved. Legacy comment saying kWh/km was incorrect.,Legacy helper algebra; explicit FuelEconomy KW-HR/100Miles metadata; EPA EV methodology (https://www.epa.gov/greenvehicles/fuel-economy-and-ev-range-testing; https://www.epa.gov/fueleconomy/text-version-electric-vehicle-label; https://nepis.epa.gov/Exe/ZyPURL.cgi?Dockey=P101698T.txt).,ACTIVE_DETERMINISTIC_UNIT_INTERPRETATION,Raw numeric value is never replaced. Stale source/version/key/value mismatches must fail or quarantine.
EPA_TESTCAR_2014_PRESENT,5E8E150CD53494059FF81554632CDDB4A74B857E5E7F24566BE8EC92FDA1F507,EPA-TESTCAR-ROW-6628,EPA-LEGACY-ROW-2712,RND_ADJ_FE,26.3,kWh/100mi,,Approved as kWh/100mi unit interpretation; raw number preserved. Legacy comment saying kWh/km was incorrect.,Legacy helper algebra; explicit FuelEconomy KW-HR/100Miles metadata; EPA EV methodology (https://www.epa.gov/greenvehicles/fuel-economy-and-ev-range-testing; https://www.epa.gov/fueleconomy/text-version-electric-vehicle-label; https://nepis.epa.gov/Exe/ZyPURL.cgi?Dockey=P101698T.txt).,ACTIVE_DETERMINISTIC_UNIT_INTERPRETATION,Raw numeric value is never replaced. Stale source/version/key/value mismatches must fail or quarantine.
EPA_TESTCAR_2014_PRESENT,5E8E150CD53494059FF81554632CDDB4A74B857E5E7F24566BE8EC92FDA1F507,EPA-TESTCAR-ROW-6638,EPA-LEGACY-ROW-2722,RND_ADJ_FE,39.9,kWh/100mi,,Approved as kWh/100mi unit interpretation; raw number preserved. Legacy comment saying kWh/km was incorrect.,Legacy helper algebra; explicit FuelEconomy KW-HR/100Miles metadata; EPA EV methodology (https://www.epa.gov/greenvehicles/fuel-economy-and-ev-range-testing; https://www.epa.gov/fueleconomy/text-version-electric-vehicle-label; https://nepis.epa.gov/Exe/ZyPURL.cgi?Dockey=P101698T.txt).,ACTIVE_DETERMINISTIC_UNIT_INTERPRETATION,Raw numeric value is never replaced. Stale source/version/key/value mismatches must fail or quarantine.
EPA_TESTCAR_2014_PRESENT,5E8E150CD53494059FF81554632CDDB4A74B857E5E7F24566BE8EC92FDA1F507,EPA-TESTCAR-ROW-7016,EPA-LEGACY-ROW-3101,RND_ADJ_FE,34.7,kWh/100mi,,Approved as kWh/100mi unit interpretation; raw number preserved. Legacy comment saying kWh/km was incorrect.,Legacy helper algebra; explicit FuelEconomy KW-HR/100Miles metadata; EPA EV methodology (https://www.epa.gov/greenvehicles/fuel-economy-and-ev-range-testing; https://www.epa.gov/fueleconomy/text-version-electric-vehicle-label; https://nepis.epa.gov/Exe/ZyPURL.cgi?Dockey=P101698T.txt).,ACTIVE_DETERMINISTIC_UNIT_INTERPRETATION,Raw numeric value is never replaced. Stale source/version/key/value mismatches must fail or quarantine.
EPA_TESTCAR_2014_PRESENT,5E8E150CD53494059FF81554632CDDB4A74B857E5E7F24566BE8EC92FDA1F507,EPA-TESTCAR-ROW-7017,EPA-LEGACY-ROW-3102,RND_ADJ_FE,31.5,kWh/100mi,,Approved as kWh/100mi unit interpretation; raw number preserved. Legacy comment saying kWh/km was incorrect.,Legacy helper algebra; explicit FuelEconomy KW-HR/100Miles metadata; EPA EV methodology (https://www.epa.gov/greenvehicles/fuel-economy-and-ev-range-testing; https://www.epa.gov/fueleconomy/text-version-electric-vehicle-label; https://nepis.epa.gov/Exe/ZyPURL.cgi?Dockey=P101698T.txt).,ACTIVE_DETERMINISTIC_UNIT_INTERPRETATION,Raw numeric value is never replaced. Stale source/version/key/value mismatches must fail or quarantine.
EPA_TESTCAR_2014_PRESENT,5E8E150CD53494059FF81554632CDDB4A74B857E5E7F24566BE8EC92FDA1F507,EPA-TESTCAR-ROW-7018,EPA-LEGACY-ROW-3103,RND_ADJ_FE,31,kWh/100mi,,Approved as kWh/100mi unit interpretation; raw number preserved. Legacy comment saying kWh/km was incorrect.,Legacy helper algebra; explicit FuelEconomy KW-HR/100Miles metadata; EPA EV methodology (https://www.epa.gov/greenvehicles/fuel-economy-and-ev-range-testing; https://www.epa.gov/fueleconomy/text-version-electric-vehicle-label; https://nepis.epa.gov/Exe/ZyPURL.cgi?Dockey=P101698T.txt).,ACTIVE_DETERMINISTIC_UNIT_INTERPRETATION,Raw numeric value is never replaced. Stale source/version/key/value mismatches must fail or quarantine.
EPA_TESTCAR_2014_PRESENT,5E8E150CD53494059FF81554632CDDB4A74B857E5E7F24566BE8EC92FDA1F507,EPA-TESTCAR-ROW-7019,EPA-LEGACY-ROW-3104,RND_ADJ_FE,30.8,kWh/100mi,,Approved as kWh/100mi unit interpretation; raw number preserved. Legacy comment saying kWh/km was incorrect.,Legacy helper algebra; explicit FuelEconomy KW-HR/100Miles metadata; EPA EV methodology (https://www.epa.gov/greenvehicles/fuel-economy-and-ev-range-testing; https://www.epa.gov/fueleconomy/text-version-electric-vehicle-label; https://nepis.epa.gov/Exe/ZyPURL.cgi?Dockey=P101698T.txt).,ACTIVE_DETERMINISTIC_UNIT_INTERPRETATION,Raw numeric value is never replaced. Stale source/version/key/value mismatches must fail or quarantine.
EPA_TESTCAR_2014_PRESENT,5E8E150CD53494059FF81554632CDDB4A74B857E5E7F24566BE8EC92FDA1F507,EPA-TESTCAR-ROW-7020,EPA-LEGACY-ROW-3105,RND_ADJ_FE,32.9,kWh/100mi,,Approved as kWh/100mi unit interpretation; raw number preserved. Legacy comment saying kWh/km was incorrect.,Legacy helper algebra; explicit FuelEconomy KW-HR/100Miles metadata; EPA EV methodology (https://www.epa.gov/greenvehicles/fuel-economy-and-ev-range-testing; https://www.epa.gov/fueleconomy/text-version-electric-vehicle-label; https://nepis.epa.gov/Exe/ZyPURL.cgi?Dockey=P101698T.txt).,ACTIVE_DETERMINISTIC_UNIT_INTERPRETATION,Raw numeric value is never replaced. Stale source/version/key/value mismatches must fail or quarantine.
EPA_TESTCAR_2014_PRESENT,5E8E150CD53494059FF81554632CDDB4A74B857E5E7F24566BE8EC92FDA1F507,EPA-TESTCAR-ROW-7021,EPA-LEGACY-ROW-3106,RND_ADJ_FE,30.3,kWh/100mi,,Approved as kWh/100mi unit interpretation; raw number preserved. Legacy comment saying kWh/km was incorrect.,Legacy helper algebra; explicit FuelEconomy KW-HR/100Miles metadata; EPA EV methodology (https://www.epa.gov/greenvehicles/fuel-economy-and-ev-range-testing; https://www.epa.gov/fueleconomy/text-version-electric-vehicle-label; https://nepis.epa.gov/Exe/ZyPURL.cgi?Dockey=P101698T.txt).,ACTIVE_DETERMINISTIC_UNIT_INTERPRETATION,Raw numeric value is never replaced. Stale source/version/key/value mismatches must fail or quarantine.
EPA_TESTCAR_2014_PRESENT,5E8E150CD53494059FF81554632CDDB4A74B857E5E7F24566BE8EC92FDA1F507,EPA-TESTCAR-ROW-7022,EPA-LEGACY-ROW-3107,RND_ADJ_FE,28.8,kWh/100mi,,Approved as kWh/100mi unit interpretation; raw number preserved. Legacy comment saying kWh/km was incorrect.,Legacy helper algebra; explicit FuelEconomy KW-HR/100Miles metadata; EPA EV methodology (https://www.epa.gov/greenvehicles/fuel-economy-and-ev-range-testing; https://www.epa.gov/fueleconomy/text-version-electric-vehicle-label; https://nepis.epa.gov/Exe/ZyPURL.cgi?Dockey=P101698T.txt).,ACTIVE_DETERMINISTIC_UNIT_INTERPRETATION,Raw numeric value is never replaced. Stale source/version/key/value mismatches must fail or quarantine.
EPA_TESTCAR_2014_PRESENT,5E8E150CD53494059FF81554632CDDB4A74B857E5E7F24566BE8EC92FDA1F507,EPA-TESTCAR-ROW-7055,EPA-LEGACY-ROW-3140,RND_ADJ_FE,29.5,kWh/100mi,,Approved as kWh/100mi unit interpretation; raw number preserved. Legacy comment saying kWh/km was incorrect.,Legacy helper algebra; explicit FuelEconomy KW-HR/100Miles metadata; EPA EV methodology (https://www.epa.gov/greenvehicles/fuel-economy-and-ev-range-testing; https://www.epa.gov/fueleconomy/text-version-electric-vehicle-label; https://nepis.epa.gov/Exe/ZyPURL.cgi?Dockey=P101698T.txt).,ACTIVE_DETERMINISTIC_UNIT_INTERPRETATION,Raw numeric value is never replaced. Stale source/version/key/value mismatches must fail or quarantine.
EPA_TESTCAR_2014_PRESENT,5E8E150CD53494059FF81554632CDDB4A74B857E5E7F24566BE8EC92FDA1F507,EPA-TESTCAR-ROW-7056,EPA-LEGACY-ROW-3141,RND_ADJ_FE,24.8,kWh/100mi,,Approved as kWh/100mi unit interpretation; raw number preserved. Legacy comment saying kWh/km was incorrect.,Legacy helper algebra; explicit FuelEconomy KW-HR/100Miles metadata; EPA EV methodology (https://www.epa.gov/greenvehicles/fuel-economy-and-ev-range-testing; https://www.epa.gov/fueleconomy/text-version-electric-vehicle-label; https://nepis.epa.gov/Exe/ZyPURL.cgi?Dockey=P101698T.txt).,ACTIVE_DETERMINISTIC_UNIT_INTERPRETATION,Raw numeric value is never replaced. Stale source/version/key/value mismatches must fail or quarantine.
EPA_TESTCAR_2014_PRESENT,5E8E150CD53494059FF81554632CDDB4A74B857E5E7F24566BE8EC92FDA1F507,EPA-TESTCAR-ROW-7057,EPA-LEGACY-ROW-3142,RND_ADJ_FE,30.2,kWh/100mi,,Approved as kWh/100mi unit interpretation; raw number preserved. Legacy comment saying kWh/km was incorrect.,Legacy helper algebra; explicit FuelEconomy KW-HR/100Miles metadata; EPA EV methodology (https://www.epa.gov/greenvehicles/fuel-economy-and-ev-range-testing; https://www.epa.gov/fueleconomy/text-version-electric-vehicle-label; https://nepis.epa.gov/Exe/ZyPURL.cgi?Dockey=P101698T.txt).,ACTIVE_DETERMINISTIC_UNIT_INTERPRETATION,Raw numeric value is never replaced. Stale source/version/key/value mismatches must fail or quarantine.
EPA_TESTCAR_2014_PRESENT,5E8E150CD53494059FF81554632CDDB4A74B857E5E7F24566BE8EC92FDA1F507,EPA-TESTCAR-ROW-7058,EPA-LEGACY-ROW-3143,RND_ADJ_FE,25,kWh/100mi,,Approved as kWh/100mi unit interpretation; raw number preserved. Legacy comment saying kWh/km was incorrect.,Legacy helper algebra; explicit FuelEconomy KW-HR/100Miles metadata; EPA EV methodology (https://www.epa.gov/greenvehicles/fuel-economy-and-ev-range-testing; https://www.epa.gov/fueleconomy/text-version-electric-vehicle-label; https://nepis.epa.gov/Exe/ZyPURL.cgi?Dockey=P101698T.txt).,ACTIVE_DETERMINISTIC_UNIT_INTERPRETATION,Raw numeric value is never replaced. Stale source/version/key/value mismatches must fail or quarantine.
EPA_TESTCAR_2014_PRESENT,5E8E150CD53494059FF81554632CDDB4A74B857E5E7F24566BE8EC92FDA1F507,EPA-TESTCAR-ROW-7059,EPA-LEGACY-ROW-3144,RND_ADJ_FE,28.8,kWh/100mi,,Approved as kWh/100mi unit interpretation; raw number preserved. Legacy comment saying kWh/km was incorrect.,Legacy helper algebra; explicit FuelEconomy KW-HR/100Miles metadata; EPA EV methodology (https://www.epa.gov/greenvehicles/fuel-economy-and-ev-range-testing; https://www.epa.gov/fueleconomy/text-version-electric-vehicle-label; https://nepis.epa.gov/Exe/ZyPURL.cgi?Dockey=P101698T.txt).,ACTIVE_DETERMINISTIC_UNIT_INTERPRETATION,Raw numeric value is never replaced. Stale source/version/key/value mismatches must fail or quarantine.
EPA_TESTCAR_2014_PRESENT,5E8E150CD53494059FF81554632CDDB4A74B857E5E7F24566BE8EC92FDA1F507,EPA-TESTCAR-ROW-7060,EPA-LEGACY-ROW-3145,RND_ADJ_FE,30.6,kWh/100mi,,Approved as kWh/100mi unit interpretation; raw number preserved. Legacy comment saying kWh/km was incorrect.,Legacy helper algebra; explicit FuelEconomy KW-HR/100Miles metadata; EPA EV methodology (https://www.epa.gov/greenvehicles/fuel-economy-and-ev-range-testing; https://www.epa.gov/fueleconomy/text-version-electric-vehicle-label; https://nepis.epa.gov/Exe/ZyPURL.cgi?Dockey=P101698T.txt).,ACTIVE_DETERMINISTIC_UNIT_INTERPRETATION,Raw numeric value is never replaced. Stale source/version/key/value mismatches must fail or quarantine.
EPA_TESTCAR_2014_PRESENT,5E8E150CD53494059FF81554632CDDB4A74B857E5E7F24566BE8EC92FDA1F507,EPA-TESTCAR-ROW-7061,EPA-LEGACY-ROW-3146,RND_ADJ_FE,26.7,kWh/100mi,,Approved as kWh/100mi unit interpretation; raw number preserved. Legacy comment saying kWh/km was incorrect.,Legacy helper algebra; explicit FuelEconomy KW-HR/100Miles metadata; EPA EV methodology (https://www.epa.gov/greenvehicles/fuel-economy-and-ev-range-testing; https://www.epa.gov/fueleconomy/text-version-electric-vehicle-label; https://nepis.epa.gov/Exe/ZyPURL.cgi?Dockey=P101698T.txt).,ACTIVE_DETERMINISTIC_UNIT_INTERPRETATION,Raw numeric value is never replaced. Stale source/version/key/value mismatches must fail or quarantine.
EPA_TESTCAR_2014_PRESENT,5E8E150CD53494059FF81554632CDDB4A74B857E5E7F24566BE8EC92FDA1F507,EPA-TESTCAR-ROW-7062,EPA-LEGACY-ROW-3147,RND_ADJ_FE,28.4,kWh/100mi,,Approved as kWh/100mi unit interpretation; raw number preserved. Legacy comment saying kWh/km was incorrect.,Legacy helper algebra; explicit FuelEconomy KW-HR/100Miles metadata; EPA EV methodology (https://www.epa.gov/greenvehicles/fuel-economy-and-ev-range-testing; https://www.epa.gov/fueleconomy/text-version-electric-vehicle-label; https://nepis.epa.gov/Exe/ZyPURL.cgi?Dockey=P101698T.txt).,ACTIVE_DETERMINISTIC_UNIT_INTERPRETATION,Raw numeric value is never replaced. Stale source/version/key/value mismatches must fail or quarantine.
EPA_TESTCAR_2014_PRESENT,5E8E150CD53494059FF81554632CDDB4A74B857E5E7F24566BE8EC92FDA1F507,EPA-TESTCAR-ROW-7063,EPA-LEGACY-ROW-3148,RND_ADJ_FE,26.4,kWh/100mi,,Approved as kWh/100mi unit interpretation; raw number preserved. Legacy comment saying kWh/km was incorrect.,Legacy helper algebra; explicit FuelEconomy KW-HR/100Miles metadata; EPA EV methodology (https://www.epa.gov/greenvehicles/fuel-economy-and-ev-range-testing; https://www.epa.gov/fueleconomy/text-version-electric-vehicle-label; https://nepis.epa.gov/Exe/ZyPURL.cgi?Dockey=P101698T.txt).,ACTIVE_DETERMINISTIC_UNIT_INTERPRETATION,Raw numeric value is never replaced. Stale source/version/key/value mismatches must fail or quarantine.
EPA_TESTCAR_2014_PRESENT,5E8E150CD53494059FF81554632CDDB4A74B857E5E7F24566BE8EC92FDA1F507,EPA-TESTCAR-ROW-7064,EPA-LEGACY-ROW-3149,RND_ADJ_FE,30.8,kWh/100mi,,Approved as kWh/100mi unit interpretation; raw number preserved. Legacy comment saying kWh/km was incorrect.,Legacy helper algebra; explicit FuelEconomy KW-HR/100Miles metadata; EPA EV methodology (https://www.epa.gov/greenvehicles/fuel-economy-and-ev-range-testing; https://www.epa.gov/fueleconomy/text-version-electric-vehicle-label; https://nepis.epa.gov/Exe/ZyPURL.cgi?Dockey=P101698T.txt).,ACTIVE_DETERMINISTIC_UNIT_INTERPRETATION,Raw numeric value is never replaced. Stale source/version/key/value mismatches must fail or quarantine.
EPA_TESTCAR_2014_PRESENT,5E8E150CD53494059FF81554632CDDB4A74B857E5E7F24566BE8EC92FDA1F507,EPA-TESTCAR-ROW-7065,EPA-LEGACY-ROW-3150,RND_ADJ_FE,29.6,kWh/100mi,,Approved as kWh/100mi unit interpretation; raw number preserved. Legacy comment saying kWh/km was incorrect.,Legacy helper algebra; explicit FuelEconomy KW-HR/100Miles metadata; EPA EV methodology (https://www.epa.gov/greenvehicles/fuel-economy-and-ev-range-testing; https://www.epa.gov/fueleconomy/text-version-electric-vehicle-label; https://nepis.epa.gov/Exe/ZyPURL.cgi?Dockey=P101698T.txt).,ACTIVE_DETERMINISTIC_UNIT_INTERPRETATION,Raw numeric value is never replaced. Stale source/version/key/value mismatches must fail or quarantine.
EPA_TESTCAR_2014_PRESENT,5E8E150CD53494059FF81554632CDDB4A74B857E5E7F24566BE8EC92FDA1F507,EPA-TESTCAR-ROW-7066,EPA-LEGACY-ROW-3151,RND_ADJ_FE,33.6,kWh/100mi,,Approved as kWh/100mi unit interpretation; raw number preserved. Legacy comment saying kWh/km was incorrect.,Legacy helper algebra; explicit FuelEconomy KW-HR/100Miles metadata; EPA EV methodology (https://www.epa.gov/greenvehicles/fuel-economy-and-ev-range-testing; https://www.epa.gov/fueleconomy/text-version-electric-vehicle-label; https://nepis.epa.gov/Exe/ZyPURL.cgi?Dockey=P101698T.txt).,ACTIVE_DETERMINISTIC_UNIT_INTERPRETATION,Raw numeric value is never replaced. Stale source/version/key/value mismatches must fail or quarantine.
EPA_TESTCAR_2014_PRESENT,5E8E150CD53494059FF81554632CDDB4A74B857E5E7F24566BE8EC92FDA1F507,EPA-TESTCAR-ROW-7067,EPA-LEGACY-ROW-3152,RND_ADJ_FE,31.4,kWh/100mi,,Approved as kWh/100mi unit interpretation; raw number preserved. Legacy comment saying kWh/km was incorrect.,Legacy helper algebra; explicit FuelEconomy KW-HR/100Miles metadata; EPA EV methodology (https://www.epa.gov/greenvehicles/fuel-economy-and-ev-range-testing; https://www.epa.gov/fueleconomy/text-version-electric-vehicle-label; https://nepis.epa.gov/Exe/ZyPURL.cgi?Dockey=P101698T.txt).,ACTIVE_DETERMINISTIC_UNIT_INTERPRETATION,Raw numeric value is never replaced. Stale source/version/key/value mismatches must fail or quarantine.
EPA_TESTCAR_2014_PRESENT,5E8E150CD53494059FF81554632CDDB4A74B857E5E7F24566BE8EC92FDA1F507,EPA-TESTCAR-ROW-7068,EPA-LEGACY-ROW-3153,RND_ADJ_FE,33.5,kWh/100mi,,Approved as kWh/100mi unit interpretation; raw number preserved. Legacy comment saying kWh/km was incorrect.,Legacy helper algebra; explicit FuelEconomy KW-HR/100Miles metadata; EPA EV methodology (https://www.epa.gov/greenvehicles/fuel-economy-and-ev-range-testing; https://www.epa.gov/fueleconomy/text-version-electric-vehicle-label; https://nepis.epa.gov/Exe/ZyPURL.cgi?Dockey=P101698T.txt).,ACTIVE_DETERMINISTIC_UNIT_INTERPRETATION,Raw numeric value is never replaced. Stale source/version/key/value mismatches must fail or quarantine.
EPA_TESTCAR_2014_PRESENT,5E8E150CD53494059FF81554632CDDB4A74B857E5E7F24566BE8EC92FDA1F507,EPA-TESTCAR-ROW-7069,EPA-LEGACY-ROW-3154,RND_ADJ_FE,29.8,kWh/100mi,,Approved as kWh/100mi unit interpretation; raw number preserved. Legacy comment saying kWh/km was incorrect.,Legacy helper algebra; explicit FuelEconomy KW-HR/100Miles metadata; EPA EV methodology (https://www.epa.gov/greenvehicles/fuel-economy-and-ev-range-testing; https://www.epa.gov/fueleconomy/text-version-electric-vehicle-label; https://nepis.epa.gov/Exe/ZyPURL.cgi?Dockey=P101698T.txt).,ACTIVE_DETERMINISTIC_UNIT_INTERPRETATION,Raw numeric value is never replaced. Stale source/version/key/value mismatches must fail or quarantine.
EPA_TESTCAR_2014_PRESENT,5E8E150CD53494059FF81554632CDDB4A74B857E5E7F24566BE8EC92FDA1F507,EPA-TESTCAR-ROW-7070,EPA-LEGACY-ROW-3155,RND_ADJ_FE,31,kWh/100mi,,Approved as kWh/100mi unit interpretation; raw number preserved. Legacy comment saying kWh/km was incorrect.,Legacy helper algebra; explicit FuelEconomy KW-HR/100Miles metadata; EPA EV methodology (https://www.epa.gov/greenvehicles/fuel-economy-and-ev-range-testing; https://www.epa.gov/fueleconomy/text-version-electric-vehicle-label; https://nepis.epa.gov/Exe/ZyPURL.cgi?Dockey=P101698T.txt).,ACTIVE_DETERMINISTIC_UNIT_INTERPRETATION,Raw numeric value is never replaced. Stale source/version/key/value mismatches must fail or quarantine.
EPA_TESTCAR_2014_PRESENT,5E8E150CD53494059FF81554632CDDB4A74B857E5E7F24566BE8EC92FDA1F507,EPA-TESTCAR-ROW-7071,EPA-LEGACY-ROW-3156,RND_ADJ_FE,33,kWh/100mi,,Approved as kWh/100mi unit interpretation; raw number preserved. Legacy comment saying kWh/km was incorrect.,Legacy helper algebra; explicit FuelEconomy KW-HR/100Miles metadata; EPA EV methodology (https://www.epa.gov/greenvehicles/fuel-economy-and-ev-range-testing; https://www.epa.gov/fueleconomy/text-version-electric-vehicle-label; https://nepis.epa.gov/Exe/ZyPURL.cgi?Dockey=P101698T.txt).,ACTIVE_DETERMINISTIC_UNIT_INTERPRETATION,Raw numeric value is never replaced. Stale source/version/key/value mismatches must fail or quarantine.
EPA_TESTCAR_2014_PRESENT,5E8E150CD53494059FF81554632CDDB4A74B857E5E7F24566BE8EC92FDA1F507,EPA-TESTCAR-ROW-7072,EPA-LEGACY-ROW-3157,RND_ADJ_FE,31.9,kWh/100mi,,Approved as kWh/100mi unit interpretation; raw number preserved. Legacy comment saying kWh/km was incorrect.,Legacy helper algebra; explicit FuelEconomy KW-HR/100Miles metadata; EPA EV methodology (https://www.epa.gov/greenvehicles/fuel-economy-and-ev-range-testing; https://www.epa.gov/fueleconomy/text-version-electric-vehicle-label; https://nepis.epa.gov/Exe/ZyPURL.cgi?Dockey=P101698T.txt).,ACTIVE_DETERMINISTIC_UNIT_INTERPRETATION,Raw numeric value is never replaced. Stale source/version/key/value mismatches must fail or quarantine.
EPA_TESTCAR_2014_PRESENT,5E8E150CD53494059FF81554632CDDB4A74B857E5E7F24566BE8EC92FDA1F507,EPA-TESTCAR-ROW-7073,EPA-LEGACY-ROW-3158,RND_ADJ_FE,33.5,kWh/100mi,,Approved as kWh/100mi unit interpretation; raw number preserved. Legacy comment saying kWh/km was incorrect.,Legacy helper algebra; explicit FuelEconomy KW-HR/100Miles metadata; EPA EV methodology (https://www.epa.gov/greenvehicles/fuel-economy-and-ev-range-testing; https://www.epa.gov/fueleconomy/text-version-electric-vehicle-label; https://nepis.epa.gov/Exe/ZyPURL.cgi?Dockey=P101698T.txt).,ACTIVE_DETERMINISTIC_UNIT_INTERPRETATION,Raw numeric value is never replaced. Stale source/version/key/value mismatches must fail or quarantine.
EPA_TESTCAR_2014_PRESENT,5E8E150CD53494059FF81554632CDDB4A74B857E5E7F24566BE8EC92FDA1F507,EPA-TESTCAR-ROW-7074,EPA-LEGACY-ROW-3159,RND_ADJ_FE,33.7,kWh/100mi,,Approved as kWh/100mi unit interpretation; raw number preserved. Legacy comment saying kWh/km was incorrect.,Legacy helper algebra; explicit FuelEconomy KW-HR/100Miles metadata; EPA EV methodology (https://www.epa.gov/greenvehicles/fuel-economy-and-ev-range-testing; https://www.epa.gov/fueleconomy/text-version-electric-vehicle-label; https://nepis.epa.gov/Exe/ZyPURL.cgi?Dockey=P101698T.txt).,ACTIVE_DETERMINISTIC_UNIT_INTERPRETATION,Raw numeric value is never replaced. Stale source/version/key/value mismatches must fail or quarantine.
EPA_TESTCAR_2014_PRESENT,5E8E150CD53494059FF81554632CDDB4A74B857E5E7F24566BE8EC92FDA1F507,EPA-TESTCAR-ROW-7075,EPA-LEGACY-ROW-3160,RND_ADJ_FE,33.6,kWh/100mi,,Approved as kWh/100mi unit interpretation; raw number preserved. Legacy comment saying kWh/km was incorrect.,Legacy helper algebra; explicit FuelEconomy KW-HR/100Miles metadata; EPA EV methodology (https://www.epa.gov/greenvehicles/fuel-economy-and-ev-range-testing; https://www.epa.gov/fueleconomy/text-version-electric-vehicle-label; https://nepis.epa.gov/Exe/ZyPURL.cgi?Dockey=P101698T.txt).,ACTIVE_DETERMINISTIC_UNIT_INTERPRETATION,Raw numeric value is never replaced. Stale source/version/key/value mismatches must fail or quarantine.
EPA_TESTCAR_2014_PRESENT,5E8E150CD53494059FF81554632CDDB4A74B857E5E7F24566BE8EC92FDA1F507,EPA-TESTCAR-ROW-7076,EPA-LEGACY-ROW-3161,RND_ADJ_FE,27.4,kWh/100mi,,Approved as kWh/100mi unit interpretation; raw number preserved. Legacy comment saying kWh/km was incorrect.,Legacy helper algebra; explicit FuelEconomy KW-HR/100Miles metadata; EPA EV methodology (https://www.epa.gov/greenvehicles/fuel-economy-and-ev-range-testing; https://www.epa.gov/fueleconomy/text-version-electric-vehicle-label; https://nepis.epa.gov/Exe/ZyPURL.cgi?Dockey=P101698T.txt).,ACTIVE_DETERMINISTIC_UNIT_INTERPRETATION,Raw numeric value is never replaced. Stale source/version/key/value mismatches must fail or quarantine.
EPA_TESTCAR_2014_PRESENT,5E8E150CD53494059FF81554632CDDB4A74B857E5E7F24566BE8EC92FDA1F507,EPA-TESTCAR-ROW-7077,EPA-LEGACY-ROW-3162,RND_ADJ_FE,31.5,kWh/100mi,,Approved as kWh/100mi unit interpretation; raw number preserved. Legacy comment saying kWh/km was incorrect.,Legacy helper algebra; explicit FuelEconomy KW-HR/100Miles metadata; EPA EV methodology (https://www.epa.gov/greenvehicles/fuel-economy-and-ev-range-testing; https://www.epa.gov/fueleconomy/text-version-electric-vehicle-label; https://nepis.epa.gov/Exe/ZyPURL.cgi?Dockey=P101698T.txt).,ACTIVE_DETERMINISTIC_UNIT_INTERPRETATION,Raw numeric value is never replaced. Stale source/version/key/value mismatches must fail or quarantine.
EPA_TESTCAR_2014_PRESENT,5E8E150CD53494059FF81554632CDDB4A74B857E5E7F24566BE8EC92FDA1F507,EPA-TESTCAR-ROW-7078,EPA-LEGACY-ROW-3163,RND_ADJ_FE,37.6,kWh/100mi,,Approved as kWh/100mi unit interpretation; raw number preserved. Legacy comment saying kWh/km was incorrect.,Legacy helper algebra; explicit FuelEconomy KW-HR/100Miles metadata; EPA EV methodology (https://www.epa.gov/greenvehicles/fuel-economy-and-ev-range-testing; https://www.epa.gov/fueleconomy/text-version-electric-vehicle-label; https://nepis.epa.gov/Exe/ZyPURL.cgi?Dockey=P101698T.txt).,ACTIVE_DETERMINISTIC_UNIT_INTERPRETATION,Raw numeric value is never replaced. Stale source/version/key/value mismatches must fail or quarantine.
EPA_TESTCAR_2014_PRESENT,5E8E150CD53494059FF81554632CDDB4A74B857E5E7F24566BE8EC92FDA1F507,EPA-TESTCAR-ROW-7083,EPA-LEGACY-ROW-3168,RND_ADJ_FE,40.3,kWh/100mi,,Approved as kWh/100mi unit interpretation; raw number preserved. Legacy comment saying kWh/km was incorrect.,Legacy helper algebra; explicit FuelEconomy KW-HR/100Miles metadata; EPA EV methodology (https://www.epa.gov/greenvehicles/fuel-economy-and-ev-range-testing; https://www.epa.gov/fueleconomy/text-version-electric-vehicle-label; https://nepis.epa.gov/Exe/ZyPURL.cgi?Dockey=P101698T.txt).,ACTIVE_DETERMINISTIC_UNIT_INTERPRETATION,Raw numeric value is never replaced. Stale source/version/key/value mismatches must fail or quarantine.
EPA_TESTCAR_2014_PRESENT,5E8E150CD53494059FF81554632CDDB4A74B857E5E7F24566BE8EC92FDA1F507,EPA-TESTCAR-ROW-7084,EPA-LEGACY-ROW-3169,RND_ADJ_FE,36.6,kWh/100mi,,Approved as kWh/100mi unit interpretation; raw number preserved. Legacy comment saying kWh/km was incorrect.,Legacy helper algebra; explicit FuelEconomy KW-HR/100Miles metadata; EPA EV methodology (https://www.epa.gov/greenvehicles/fuel-economy-and-ev-range-testing; https://www.epa.gov/fueleconomy/text-version-electric-vehicle-label; https://nepis.epa.gov/Exe/ZyPURL.cgi?Dockey=P101698T.txt).,ACTIVE_DETERMINISTIC_UNIT_INTERPRETATION,Raw numeric value is never replaced. Stale source/version/key/value mismatches must fail or quarantine.
EPA_TESTCAR_2014_PRESENT,5E8E150CD53494059FF81554632CDDB4A74B857E5E7F24566BE8EC92FDA1F507,EPA-TESTCAR-ROW-7085,EPA-LEGACY-ROW-3170,RND_ADJ_FE,37.2,kWh/100mi,,Approved as kWh/100mi unit interpretation; raw number preserved. Legacy comment saying kWh/km was incorrect.,Legacy helper algebra; explicit FuelEconomy KW-HR/100Miles metadata; EPA EV methodology (https://www.epa.gov/greenvehicles/fuel-economy-and-ev-range-testing; https://www.epa.gov/fueleconomy/text-version-electric-vehicle-label; https://nepis.epa.gov/Exe/ZyPURL.cgi?Dockey=P101698T.txt).,ACTIVE_DETERMINISTIC_UNIT_INTERPRETATION,Raw numeric value is never replaced. Stale source/version/key/value mismatches must fail or quarantine.
EPA_TESTCAR_2014_PRESENT,5E8E150CD53494059FF81554632CDDB4A74B857E5E7F24566BE8EC92FDA1F507,EPA-TESTCAR-ROW-7090,EPA-LEGACY-ROW-3175,RND_ADJ_FE,33.2,kWh/100mi,,Approved as kWh/100mi unit interpretation; raw number preserved. Legacy comment saying kWh/km was incorrect.,Legacy helper algebra; explicit FuelEconomy KW-HR/100Miles metadata; EPA EV methodology (https://www.epa.gov/greenvehicles/fuel-economy-and-ev-range-testing; https://www.epa.gov/fueleconomy/text-version-electric-vehicle-label; https://nepis.epa.gov/Exe/ZyPURL.cgi?Dockey=P101698T.txt).,ACTIVE_DETERMINISTIC_UNIT_INTERPRETATION,Raw numeric value is never replaced. Stale source/version/key/value mismatches must fail or quarantine.
EPA_TESTCAR_2014_PRESENT,5E8E150CD53494059FF81554632CDDB4A74B857E5E7F24566BE8EC92FDA1F507,EPA-TESTCAR-ROW-7091,EPA-LEGACY-ROW-3176,RND_ADJ_FE,31.8,kWh/100mi,,Approved as kWh/100mi unit interpretation; raw number preserved. Legacy comment saying kWh/km was incorrect.,Legacy helper algebra; explicit FuelEconomy KW-HR/100Miles metadata; EPA EV methodology (https://www.epa.gov/greenvehicles/fuel-economy-and-ev-range-testing; https://www.epa.gov/fueleconomy/text-version-electric-vehicle-label; https://nepis.epa.gov/Exe/ZyPURL.cgi?Dockey=P101698T.txt).,ACTIVE_DETERMINISTIC_UNIT_INTERPRETATION,Raw numeric value is never replaced. Stale source/version/key/value mismatches must fail or quarantine.
EPA_TESTCAR_2014_PRESENT,5E8E150CD53494059FF81554632CDDB4A74B857E5E7F24566BE8EC92FDA1F507,EPA-TESTCAR-ROW-7093,EPA-LEGACY-ROW-3178,RND_ADJ_FE,35.8,kWh/100mi,,Approved as kWh/100mi unit interpretation; raw number preserved. Legacy comment saying kWh/km was incorrect.,Legacy helper algebra; explicit FuelEconomy KW-HR/100Miles metadata; EPA EV methodology (https://www.epa.gov/greenvehicles/fuel-economy-and-ev-range-testing; https://www.epa.gov/fueleconomy/text-version-electric-vehicle-label; https://nepis.epa.gov/Exe/ZyPURL.cgi?Dockey=P101698T.txt).,ACTIVE_DETERMINISTIC_UNIT_INTERPRETATION,Raw numeric value is never replaced. Stale source/version/key/value mismatches must fail or quarantine.
EPA_TESTCAR_2014_PRESENT,5E8E150CD53494059FF81554632CDDB4A74B857E5E7F24566BE8EC92FDA1F507,EPA-TESTCAR-ROW-7097,EPA-LEGACY-ROW-3182,RND_ADJ_FE,34.4,kWh/100mi,,Approved as kWh/100mi unit interpretation; raw number preserved. Legacy comment saying kWh/km was incorrect.,Legacy helper algebra; explicit FuelEconomy KW-HR/100Miles metadata; EPA EV methodology (https://www.epa.gov/greenvehicles/fuel-economy-and-ev-range-testing; https://www.epa.gov/fueleconomy/text-version-electric-vehicle-label; https://nepis.epa.gov/Exe/ZyPURL.cgi?Dockey=P101698T.txt).,ACTIVE_DETERMINISTIC_UNIT_INTERPRETATION,Raw numeric value is never replaced. Stale source/version/key/value mismatches must fail or quarantine.
EPA_TESTCAR_2014_PRESENT,5E8E150CD53494059FF81554632CDDB4A74B857E5E7F24566BE8EC92FDA1F507,EPA-TESTCAR-ROW-7098,EPA-LEGACY-ROW-3183,RND_ADJ_FE,36.3,kWh/100mi,,Approved as kWh/100mi unit interpretation; raw number preserved. Legacy comment saying kWh/km was incorrect.,Legacy helper algebra; explicit FuelEconomy KW-HR/100Miles metadata; EPA EV methodology (https://www.epa.gov/greenvehicles/fuel-economy-and-ev-range-testing; https://www.epa.gov/fueleconomy/text-version-electric-vehicle-label; https://nepis.epa.gov/Exe/ZyPURL.cgi?Dockey=P101698T.txt).,ACTIVE_DETERMINISTIC_UNIT_INTERPRETATION,Raw numeric value is never replaced. Stale source/version/key/value mismatches must fail or quarantine.
EPA_TESTCAR_2014_PRESENT,5E8E150CD53494059FF81554632CDDB4A74B857E5E7F24566BE8EC92FDA1F507,EPA-TESTCAR-ROW-7103,EPA-LEGACY-ROW-3188,RND_ADJ_FE,36,kWh/100mi,,Approved as kWh/100mi unit interpretation; raw number preserved. Legacy comment saying kWh/km was incorrect.,Legacy helper algebra; explicit FuelEconomy KW-HR/100Miles metadata; EPA EV methodology (https://www.epa.gov/greenvehicles/fuel-economy-and-ev-range-testing; https://www.epa.gov/fueleconomy/text-version-electric-vehicle-label; https://nepis.epa.gov/Exe/ZyPURL.cgi?Dockey=P101698T.txt).,ACTIVE_DETERMINISTIC_UNIT_INTERPRETATION,Raw numeric value is never replaced. Stale source/version/key/value mismatches must fail or quarantine.
EPA_TESTCAR_2014_PRESENT,5E8E150CD53494059FF81554632CDDB4A74B857E5E7F24566BE8EC92FDA1F507,EPA-TESTCAR-ROW-7104,EPA-LEGACY-ROW-3189,RND_ADJ_FE,35.7,kWh/100mi,,Approved as kWh/100mi unit interpretation; raw number preserved. Legacy comment saying kWh/km was incorrect.,Legacy helper algebra; explicit FuelEconomy KW-HR/100Miles metadata; EPA EV methodology (https://www.epa.gov/greenvehicles/fuel-economy-and-ev-range-testing; https://www.epa.gov/fueleconomy/text-version-electric-vehicle-label; https://nepis.epa.gov/Exe/ZyPURL.cgi?Dockey=P101698T.txt).,ACTIVE_DETERMINISTIC_UNIT_INTERPRETATION,Raw numeric value is never replaced. Stale source/version/key/value mismatches must fail or quarantine.
EPA_TESTCAR_2014_PRESENT,5E8E150CD53494059FF81554632CDDB4A74B857E5E7F24566BE8EC92FDA1F507,EPA-TESTCAR-ROW-7105,EPA-LEGACY-ROW-3190,RND_ADJ_FE,34.5,kWh/100mi,,Approved as kWh/100mi unit interpretation; raw number preserved. Legacy comment saying kWh/km was incorrect.,Legacy helper algebra; explicit FuelEconomy KW-HR/100Miles metadata; EPA EV methodology (https://www.epa.gov/greenvehicles/fuel-economy-and-ev-range-testing; https://www.epa.gov/fueleconomy/text-version-electric-vehicle-label; https://nepis.epa.gov/Exe/ZyPURL.cgi?Dockey=P101698T.txt).,ACTIVE_DETERMINISTIC_UNIT_INTERPRETATION,Raw numeric value is never replaced. Stale source/version/key/value mismatches must fail or quarantine.
EPA_TESTCAR_2014_PRESENT,5E8E150CD53494059FF81554632CDDB4A74B857E5E7F24566BE8EC92FDA1F507,EPA-TESTCAR-ROW-7110,EPA-LEGACY-ROW-3195,RND_ADJ_FE,35.4,kWh/100mi,,Approved as kWh/100mi unit interpretation; raw number preserved. Legacy comment saying kWh/km was incorrect.,Legacy helper algebra; explicit FuelEconomy KW-HR/100Miles metadata; EPA EV methodology (https://www.epa.gov/greenvehicles/fuel-economy-and-ev-range-testing; https://www.epa.gov/fueleconomy/text-version-electric-vehicle-label; https://nepis.epa.gov/Exe/ZyPURL.cgi?Dockey=P101698T.txt).,ACTIVE_DETERMINISTIC_UNIT_INTERPRETATION,Raw numeric value is never replaced. Stale source/version/key/value mismatches must fail or quarantine.
EPA_TESTCAR_2014_PRESENT,5E8E150CD53494059FF81554632CDDB4A74B857E5E7F24566BE8EC92FDA1F507,EPA-TESTCAR-ROW-7111,EPA-LEGACY-ROW-3196,RND_ADJ_FE,34,kWh/100mi,,Approved as kWh/100mi unit interpretation; raw number preserved. Legacy comment saying kWh/km was incorrect.,Legacy helper algebra; explicit FuelEconomy KW-HR/100Miles metadata; EPA EV methodology (https://www.epa.gov/greenvehicles/fuel-economy-and-ev-range-testing; https://www.epa.gov/fueleconomy/text-version-electric-vehicle-label; https://nepis.epa.gov/Exe/ZyPURL.cgi?Dockey=P101698T.txt).,ACTIVE_DETERMINISTIC_UNIT_INTERPRETATION,Raw numeric value is never replaced. Stale source/version/key/value mismatches must fail or quarantine.
EPA_TESTCAR_2014_PRESENT,5E8E150CD53494059FF81554632CDDB4A74B857E5E7F24566BE8EC92FDA1F507,EPA-TESTCAR-ROW-7116,EPA-LEGACY-ROW-3201,RND_ADJ_FE,34.9,kWh/100mi,,Approved as kWh/100mi unit interpretation; raw number preserved. Legacy comment saying kWh/km was incorrect.,Legacy helper algebra; explicit FuelEconomy KW-HR/100Miles metadata; EPA EV methodology (https://www.epa.gov/greenvehicles/fuel-economy-and-ev-range-testing; https://www.epa.gov/fueleconomy/text-version-electric-vehicle-label; https://nepis.epa.gov/Exe/ZyPURL.cgi?Dockey=P101698T.txt).,ACTIVE_DETERMINISTIC_UNIT_INTERPRETATION,Raw numeric value is never replaced. Stale source/version/key/value mismatches must fail or quarantine.
EPA_TESTCAR_2014_PRESENT,5E8E150CD53494059FF81554632CDDB4A74B857E5E7F24566BE8EC92FDA1F507,EPA-TESTCAR-ROW-7117,EPA-LEGACY-ROW-3202,RND_ADJ_FE,40.9,kWh/100mi,,Approved as kWh/100mi unit interpretation; raw number preserved. Legacy comment saying kWh/km was incorrect.,Legacy helper algebra; explicit FuelEconomy KW-HR/100Miles metadata; EPA EV methodology (https://www.epa.gov/greenvehicles/fuel-economy-and-ev-range-testing; https://www.epa.gov/fueleconomy/text-version-electric-vehicle-label; https://nepis.epa.gov/Exe/ZyPURL.cgi?Dockey=P101698T.txt).,ACTIVE_DETERMINISTIC_UNIT_INTERPRETATION,Raw numeric value is never replaced. Stale source/version/key/value mismatches must fail or quarantine.
EPA_TESTCAR_2014_PRESENT,5E8E150CD53494059FF81554632CDDB4A74B857E5E7F24566BE8EC92FDA1F507,EPA-TESTCAR-ROW-7122,EPA-LEGACY-ROW-3207,RND_ADJ_FE,39.6,kWh/100mi,,Approved as kWh/100mi unit interpretation; raw number preserved. Legacy comment saying kWh/km was incorrect.,Legacy helper algebra; explicit FuelEconomy KW-HR/100Miles metadata; EPA EV methodology (https://www.epa.gov/greenvehicles/fuel-economy-and-ev-range-testing; https://www.epa.gov/fueleconomy/text-version-electric-vehicle-label; https://nepis.epa.gov/Exe/ZyPURL.cgi?Dockey=P101698T.txt).,ACTIVE_DETERMINISTIC_UNIT_INTERPRETATION,Raw numeric value is never replaced. Stale source/version/key/value mismatches must fail or quarantine.
EPA_TESTCAR_2014_PRESENT,5E8E150CD53494059FF81554632CDDB4A74B857E5E7F24566BE8EC92FDA1F507,EPA-TESTCAR-ROW-7123,EPA-LEGACY-ROW-3208,RND_ADJ_FE,37.4,kWh/100mi,,Approved as kWh/100mi unit interpretation; raw number preserved. Legacy comment saying kWh/km was incorrect.,Legacy helper algebra; explicit FuelEconomy KW-HR/100Miles metadata; EPA EV methodology (https://www.epa.gov/greenvehicles/fuel-economy-and-ev-range-testing; https://www.epa.gov/fueleconomy/text-version-electric-vehicle-label; https://nepis.epa.gov/Exe/ZyPURL.cgi?Dockey=P101698T.txt).,ACTIVE_DETERMINISTIC_UNIT_INTERPRETATION,Raw numeric value is never replaced. Stale source/version/key/value mismatches must fail or quarantine.
EPA_TESTCAR_2014_PRESENT,5E8E150CD53494059FF81554632CDDB4A74B857E5E7F24566BE8EC92FDA1F507,EPA-TESTCAR-ROW-7125,EPA-LEGACY-ROW-3210,RND_ADJ_FE,36.7,kWh/100mi,,Approved as kWh/100mi unit interpretation; raw number preserved. Legacy comment saying kWh/km was incorrect.,Legacy helper algebra; explicit FuelEconomy KW-HR/100Miles metadata; EPA EV methodology (https://www.epa.gov/greenvehicles/fuel-economy-and-ev-range-testing; https://www.epa.gov/fueleconomy/text-version-electric-vehicle-label; https://nepis.epa.gov/Exe/ZyPURL.cgi?Dockey=P101698T.txt).,ACTIVE_DETERMINISTIC_UNIT_INTERPRETATION,Raw numeric value is never replaced. Stale source/version/key/value mismatches must fail or quarantine.
EPA_TESTCAR_2014_PRESENT,5E8E150CD53494059FF81554632CDDB4A74B857E5E7F24566BE8EC92FDA1F507,EPA-TESTCAR-ROW-7133,EPA-LEGACY-ROW-3218,RND_ADJ_FE,37.6,kWh/100mi,,Approved as kWh/100mi unit interpretation; raw number preserved. Legacy comment saying kWh/km was incorrect.,Legacy helper algebra; explicit FuelEconomy KW-HR/100Miles metadata; EPA EV methodology (https://www.epa.gov/greenvehicles/fuel-economy-and-ev-range-testing; https://www.epa.gov/fueleconomy/text-version-electric-vehicle-label; https://nepis.epa.gov/Exe/ZyPURL.cgi?Dockey=P101698T.txt).,ACTIVE_DETERMINISTIC_UNIT_INTERPRETATION,Raw numeric value is never replaced. Stale source/version/key/value mismatches must fail or quarantine.
EPA_TESTCAR_2014_PRESENT,5E8E150CD53494059FF81554632CDDB4A74B857E5E7F24566BE8EC92FDA1F507,EPA-TESTCAR-ROW-7134,EPA-LEGACY-ROW-3219,RND_ADJ_FE,38.2,kWh/100mi,,Approved as kWh/100mi unit interpretation; raw number preserved. Legacy comment saying kWh/km was incorrect.,Legacy helper algebra; explicit FuelEconomy KW-HR/100Miles metadata; EPA EV methodology (https://www.epa.gov/greenvehicles/fuel-economy-and-ev-range-testing; https://www.epa.gov/fueleconomy/text-version-electric-vehicle-label; https://nepis.epa.gov/Exe/ZyPURL.cgi?Dockey=P101698T.txt).,ACTIVE_DETERMINISTIC_UNIT_INTERPRETATION,Raw numeric value is never replaced. Stale source/version/key/value mismatches must fail or quarantine.
EPA_TESTCAR_2014_PRESENT,5E8E150CD53494059FF81554632CDDB4A74B857E5E7F24566BE8EC92FDA1F507,EPA-TESTCAR-ROW-7142,EPA-LEGACY-ROW-3227,RND_ADJ_FE,34.5,kWh/100mi,,Approved as kWh/100mi unit interpretation; raw number preserved. Legacy comment saying kWh/km was incorrect.,Legacy helper algebra; explicit FuelEconomy KW-HR/100Miles metadata; EPA EV methodology (https://www.epa.gov/greenvehicles/fuel-economy-and-ev-range-testing; https://www.epa.gov/fueleconomy/text-version-electric-vehicle-label; https://nepis.epa.gov/Exe/ZyPURL.cgi?Dockey=P101698T.txt).,ACTIVE_DETERMINISTIC_UNIT_INTERPRETATION,Raw numeric value is never replaced. Stale source/version/key/value mismatches must fail or quarantine.
EPA_TESTCAR_2014_PRESENT,5E8E150CD53494059FF81554632CDDB4A74B857E5E7F24566BE8EC92FDA1F507,EPA-TESTCAR-ROW-7143,EPA-LEGACY-ROW-3228,RND_ADJ_FE,33.8,kWh/100mi,,Approved as kWh/100mi unit interpretation; raw number preserved. Legacy comment saying kWh/km was incorrect.,Legacy helper algebra; explicit FuelEconomy KW-HR/100Miles metadata; EPA EV methodology (https://www.epa.gov/greenvehicles/fuel-economy-and-ev-range-testing; https://www.epa.gov/fueleconomy/text-version-electric-vehicle-label; https://nepis.epa.gov/Exe/ZyPURL.cgi?Dockey=P101698T.txt).,ACTIVE_DETERMINISTIC_UNIT_INTERPRETATION,Raw numeric value is never replaced. Stale source/version/key/value mismatches must fail or quarantine.
EPA_TESTCAR_2014_PRESENT,5E8E150CD53494059FF81554632CDDB4A74B857E5E7F24566BE8EC92FDA1F507,EPA-TESTCAR-ROW-7148,EPA-LEGACY-ROW-3233,RND_ADJ_FE,33.2,kWh/100mi,,Approved as kWh/100mi unit interpretation; raw number preserved. Legacy comment saying kWh/km was incorrect.,Legacy helper algebra; explicit FuelEconomy KW-HR/100Miles metadata; EPA EV methodology (https://www.epa.gov/greenvehicles/fuel-economy-and-ev-range-testing; https://www.epa.gov/fueleconomy/text-version-electric-vehicle-label; https://nepis.epa.gov/Exe/ZyPURL.cgi?Dockey=P101698T.txt).,ACTIVE_DETERMINISTIC_UNIT_INTERPRETATION,Raw numeric value is never replaced. Stale source/version/key/value mismatches must fail or quarantine.
EPA_TESTCAR_2014_PRESENT,5E8E150CD53494059FF81554632CDDB4A74B857E5E7F24566BE8EC92FDA1F507,EPA-TESTCAR-ROW-7153,EPA-LEGACY-ROW-3238,RND_ADJ_FE,34.4,kWh/100mi,,Approved as kWh/100mi unit interpretation; raw number preserved. Legacy comment saying kWh/km was incorrect.,Legacy helper algebra; explicit FuelEconomy KW-HR/100Miles metadata; EPA EV methodology (https://www.epa.gov/greenvehicles/fuel-economy-and-ev-range-testing; https://www.epa.gov/fueleconomy/text-version-electric-vehicle-label; https://nepis.epa.gov/Exe/ZyPURL.cgi?Dockey=P101698T.txt).,ACTIVE_DETERMINISTIC_UNIT_INTERPRETATION,Raw numeric value is never replaced. Stale source/version/key/value mismatches must fail or quarantine.
EPA_TESTCAR_2014_PRESENT,5E8E150CD53494059FF81554632CDDB4A74B857E5E7F24566BE8EC92FDA1F507,EPA-TESTCAR-ROW-7154,EPA-LEGACY-ROW-3239,RND_ADJ_FE,33.6,kWh/100mi,,Approved as kWh/100mi unit interpretation; raw number preserved. Legacy comment saying kWh/km was incorrect.,Legacy helper algebra; explicit FuelEconomy KW-HR/100Miles metadata; EPA EV methodology (https://www.epa.gov/greenvehicles/fuel-economy-and-ev-range-testing; https://www.epa.gov/fueleconomy/text-version-electric-vehicle-label; https://nepis.epa.gov/Exe/ZyPURL.cgi?Dockey=P101698T.txt).,ACTIVE_DETERMINISTIC_UNIT_INTERPRETATION,Raw numeric value is never replaced. Stale source/version/key/value mismatches must fail or quarantine.
EPA_TESTCAR_2014_PRESENT,5E8E150CD53494059FF81554632CDDB4A74B857E5E7F24566BE8EC92FDA1F507,EPA-TESTCAR-ROW-7237,EPA-LEGACY-ROW-3322,RND_ADJ_FE,38.2,kWh/100mi,,Approved as kWh/100mi unit interpretation; raw number preserved. Legacy comment saying kWh/km was incorrect.,Legacy helper algebra; explicit FuelEconomy KW-HR/100Miles metadata; EPA EV methodology (https://www.epa.gov/greenvehicles/fuel-economy-and-ev-range-testing; https://www.epa.gov/fueleconomy/text-version-electric-vehicle-label; https://nepis.epa.gov/Exe/ZyPURL.cgi?Dockey=P101698T.txt).,ACTIVE_DETERMINISTIC_UNIT_INTERPRETATION,Raw numeric value is never replaced. Stale source/version/key/value mismatches must fail or quarantine.
EPA_TESTCAR_2014_PRESENT,5E8E150CD53494059FF81554632CDDB4A74B857E5E7F24566BE8EC92FDA1F507,EPA-TESTCAR-ROW-7246,EPA-LEGACY-ROW-3327,RND_ADJ_FE,24.3,kWh/100mi,,Approved as kWh/100mi unit interpretation; raw number preserved. Legacy comment saying kWh/km was incorrect.,Legacy helper algebra; explicit FuelEconomy KW-HR/100Miles metadata; EPA EV methodology (https://www.epa.gov/greenvehicles/fuel-economy-and-ev-range-testing; https://www.epa.gov/fueleconomy/text-version-electric-vehicle-label; https://nepis.epa.gov/Exe/ZyPURL.cgi?Dockey=P101698T.txt).,ACTIVE_DETERMINISTIC_UNIT_INTERPRETATION,Raw numeric value is never replaced. Stale source/version/key/value mismatches must fail or quarantine.
EPA_TESTCAR_2014_PRESENT,5E8E150CD53494059FF81554632CDDB4A74B857E5E7F24566BE8EC92FDA1F507,EPA-TESTCAR-ROW-7249,EPA-LEGACY-ROW-3328,RND_ADJ_FE,22.4,kWh/100mi,,Approved as kWh/100mi unit interpretation; raw number preserved. Legacy comment saying kWh/km was incorrect.,Legacy helper algebra; explicit FuelEconomy KW-HR/100Miles metadata; EPA EV methodology (https://www.epa.gov/greenvehicles/fuel-economy-and-ev-range-testing; https://www.epa.gov/fueleconomy/text-version-electric-vehicle-label; https://nepis.epa.gov/Exe/ZyPURL.cgi?Dockey=P101698T.txt).,ACTIVE_DETERMINISTIC_UNIT_INTERPRETATION,Raw numeric value is never replaced. Stale source/version/key/value mismatches must fail or quarantine.
EPA_TESTCAR_2014_PRESENT,5E8E150CD53494059FF81554632CDDB4A74B857E5E7F24566BE8EC92FDA1F507,EPA-TESTCAR-ROW-7272,EPA-LEGACY-ROW-3351,RND_ADJ_FE,24.3,kWh/100mi,,Approved as kWh/100mi unit interpretation; raw number preserved. Legacy comment saying kWh/km was incorrect.,Legacy helper algebra; explicit FuelEconomy KW-HR/100Miles metadata; EPA EV methodology (https://www.epa.gov/greenvehicles/fuel-economy-and-ev-range-testing; https://www.epa.gov/fueleconomy/text-version-electric-vehicle-label; https://nepis.epa.gov/Exe/ZyPURL.cgi?Dockey=P101698T.txt).,ACTIVE_DETERMINISTIC_UNIT_INTERPRETATION,Raw numeric value is never replaced. Stale source/version/key/value mismatches must fail or quarantine.
EPA_TESTCAR_2014_PRESENT,5E8E150CD53494059FF81554632CDDB4A74B857E5E7F24566BE8EC92FDA1F507,EPA-TESTCAR-ROW-7273,EPA-LEGACY-ROW-3352,RND_ADJ_FE,23.1,kWh/100mi,,Approved as kWh/100mi unit interpretation; raw number preserved. Legacy comment saying kWh/km was incorrect.,Legacy helper algebra; explicit FuelEconomy KW-HR/100Miles metadata; EPA EV methodology (https://www.epa.gov/greenvehicles/fuel-economy-and-ev-range-testing; https://www.epa.gov/fueleconomy/text-version-electric-vehicle-label; https://nepis.epa.gov/Exe/ZyPURL.cgi?Dockey=P101698T.txt).,ACTIVE_DETERMINISTIC_UNIT_INTERPRETATION,Raw numeric value is never replaced. Stale source/version/key/value mismatches must fail or quarantine.
EPA_TESTCAR_2014_PRESENT,5E8E150CD53494059FF81554632CDDB4A74B857E5E7F24566BE8EC92FDA1F507,EPA-TESTCAR-ROW-7799,EPA-LEGACY-ROW-3878,RND_ADJ_FE,31.1,kWh/100mi,,Approved as kWh/100mi unit interpretation; raw number preserved. Legacy comment saying kWh/km was incorrect.,Legacy helper algebra; explicit FuelEconomy KW-HR/100Miles metadata; EPA EV methodology (https://www.epa.gov/greenvehicles/fuel-economy-and-ev-range-testing; https://www.epa.gov/fueleconomy/text-version-electric-vehicle-label; https://nepis.epa.gov/Exe/ZyPURL.cgi?Dockey=P101698T.txt).,ACTIVE_DETERMINISTIC_UNIT_INTERPRETATION,Raw numeric value is never replaced. Stale source/version/key/value mismatches must fail or quarantine.
EPA_TESTCAR_LEGACY,8443C330344022C129B6E8403839376162C5431AC0BC4EE47F553C3E8CD12B45,EPA-LEGACY-ROW-3879,EPA-LEGACY-ROW-3879,RND_ADJ_FE,33.6,,,Exact record is absent from the refreshed source; historical entry remains retired.,Legacy helper algebra; explicit FuelEconomy KW-HR/100Miles metadata; EPA EV methodology (https://www.epa.gov/greenvehicles/fuel-economy-and-ev-range-testing; https://www.epa.gov/fueleconomy/text-version-electric-vehicle-label; https://nepis.epa.gov/Exe/ZyPURL.cgi?Dockey=P101698T.txt).,RETIRED_SOURCE_RECORD_ABSENT,Raw numeric value is never replaced. Stale source/version/key/value mismatches must fail or quarantine.
EPA_TESTCAR_LEGACY,8443C330344022C129B6E8403839376162C5431AC0BC4EE47F553C3E8CD12B45,EPA-LEGACY-ROW-3880,EPA-LEGACY-ROW-3880,RND_ADJ_FE,34.3,,,Exact record is absent from the refreshed source; historical entry remains retired.,Legacy helper algebra; explicit FuelEconomy KW-HR/100Miles metadata; EPA EV methodology (https://www.epa.gov/greenvehicles/fuel-economy-and-ev-range-testing; https://www.epa.gov/fueleconomy/text-version-electric-vehicle-label; https://nepis.epa.gov/Exe/ZyPURL.cgi?Dockey=P101698T.txt).,RETIRED_SOURCE_RECORD_ABSENT,Raw numeric value is never replaced. Stale source/version/key/value mismatches must fail or quarantine.
EPA_TESTCAR_2014_PRESENT,5E8E150CD53494059FF81554632CDDB4A74B857E5E7F24566BE8EC92FDA1F507,EPA-TESTCAR-ROW-7875,EPA-LEGACY-ROW-3947,RND_ADJ_FE,22.8,kWh/100mi,,Approved as kWh/100mi unit interpretation; raw number preserved. Legacy comment saying kWh/km was incorrect.,Legacy helper algebra; explicit FuelEconomy KW-HR/100Miles metadata; EPA EV methodology (https://www.epa.gov/greenvehicles/fuel-economy-and-ev-range-testing; https://www.epa.gov/fueleconomy/text-version-electric-vehicle-label; https://nepis.epa.gov/Exe/ZyPURL.cgi?Dockey=P101698T.txt).,ACTIVE_DETERMINISTIC_UNIT_INTERPRETATION,Raw numeric value is never replaced. Stale source/version/key/value mismatches must fail or quarantine.
EPA_TESTCAR_2014_PRESENT,5E8E150CD53494059FF81554632CDDB4A74B857E5E7F24566BE8EC92FDA1F507,EPA-TESTCAR-ROW-7901,EPA-LEGACY-ROW-3973,RND_ADJ_FE,31.4,kWh/100mi,,Approved as kWh/100mi unit interpretation; raw number preserved. Legacy comment saying kWh/km was incorrect.,Legacy helper algebra; explicit FuelEconomy KW-HR/100Miles metadata; EPA EV methodology (https://www.epa.gov/greenvehicles/fuel-economy-and-ev-range-testing; https://www.epa.gov/fueleconomy/text-version-electric-vehicle-label; https://nepis.epa.gov/Exe/ZyPURL.cgi?Dockey=P101698T.txt).,ACTIVE_DETERMINISTIC_UNIT_INTERPRETATION,Raw numeric value is never replaced. Stale source/version/key/value mismatches must fail or quarantine.
EPA_TESTCAR_2014_PRESENT,5E8E150CD53494059FF81554632CDDB4A74B857E5E7F24566BE8EC92FDA1F507,EPA-TESTCAR-ROW-7902,EPA-LEGACY-ROW-3974,RND_ADJ_FE,28.9,kWh/100mi,,Approved as kWh/100mi unit interpretation; raw number preserved. Legacy comment saying kWh/km was incorrect.,Legacy helper algebra; explicit FuelEconomy KW-HR/100Miles metadata; EPA EV methodology (https://www.epa.gov/greenvehicles/fuel-economy-and-ev-range-testing; https://www.epa.gov/fueleconomy/text-version-electric-vehicle-label; https://nepis.epa.gov/Exe/ZyPURL.cgi?Dockey=P101698T.txt).,ACTIVE_DETERMINISTIC_UNIT_INTERPRETATION,Raw numeric value is never replaced. Stale source/version/key/value mismatches must fail or quarantine.
EPA_TESTCAR_2014_PRESENT,5E8E150CD53494059FF81554632CDDB4A74B857E5E7F24566BE8EC92FDA1F507,EPA-TESTCAR-ROW-7907,EPA-LEGACY-ROW-3979,RND_ADJ_FE,26.3,kWh/100mi,,Approved as kWh/100mi unit interpretation; raw number preserved. Legacy comment saying kWh/km was incorrect.,Legacy helper algebra; explicit FuelEconomy KW-HR/100Miles metadata; EPA EV methodology (https://www.epa.gov/greenvehicles/fuel-economy-and-ev-range-testing; https://www.epa.gov/fueleconomy/text-version-electric-vehicle-label; https://nepis.epa.gov/Exe/ZyPURL.cgi?Dockey=P101698T.txt).,ACTIVE_DETERMINISTIC_UNIT_INTERPRETATION,Raw numeric value is never replaced. Stale source/version/key/value mismatches must fail or quarantine.
EPA_TESTCAR_2014_PRESENT,5E8E150CD53494059FF81554632CDDB4A74B857E5E7F24566BE8EC92FDA1F507,EPA-TESTCAR-ROW-7908,EPA-LEGACY-ROW-3980,RND_ADJ_FE,28.6,kWh/100mi,,Approved as kWh/100mi unit interpretation; raw number preserved. Legacy comment saying kWh/km was incorrect.,Legacy helper algebra; explicit FuelEconomy KW-HR/100Miles metadata; EPA EV methodology (https://www.epa.gov/greenvehicles/fuel-economy-and-ev-range-testing; https://www.epa.gov/fueleconomy/text-version-electric-vehicle-label; https://nepis.epa.gov/Exe/ZyPURL.cgi?Dockey=P101698T.txt).,ACTIVE_DETERMINISTIC_UNIT_INTERPRETATION,Raw numeric value is never replaced. Stale source/version/key/value mismatches must fail or quarantine.
EPA_TESTCAR_2014_PRESENT,5E8E150CD53494059FF81554632CDDB4A74B857E5E7F24566BE8EC92FDA1F507,EPA-TESTCAR-ROW-7909,EPA-LEGACY-ROW-3981,RND_ADJ_FE,29.3,kWh/100mi,,Approved as kWh/100mi unit interpretation; raw number preserved. Legacy comment saying kWh/km was incorrect.,Legacy helper algebra; explicit FuelEconomy KW-HR/100Miles metadata; EPA EV methodology (https://www.epa.gov/greenvehicles/fuel-economy-and-ev-range-testing; https://www.epa.gov/fueleconomy/text-version-electric-vehicle-label; https://nepis.epa.gov/Exe/ZyPURL.cgi?Dockey=P101698T.txt).,ACTIVE_DETERMINISTIC_UNIT_INTERPRETATION,Raw numeric value is never replaced. Stale source/version/key/value mismatches must fail or quarantine.
EPA_TESTCAR_2014_PRESENT,5E8E150CD53494059FF81554632CDDB4A74B857E5E7F24566BE8EC92FDA1F507,EPA-TESTCAR-ROW-7941,EPA-LEGACY-ROW-4013,RND_ADJ_FE,31,kWh/100mi,,Approved as kWh/100mi unit interpretation; raw number preserved. Legacy comment saying kWh/km was incorrect.,Legacy helper algebra; explicit FuelEconomy KW-HR/100Miles metadata; EPA EV methodology (https://www.epa.gov/greenvehicles/fuel-economy-and-ev-range-testing; https://www.epa.gov/fueleconomy/text-version-electric-vehicle-label; https://nepis.epa.gov/Exe/ZyPURL.cgi?Dockey=P101698T.txt).,ACTIVE_DETERMINISTIC_UNIT_INTERPRETATION,Raw numeric value is never replaced. Stale source/version/key/value mismatches must fail or quarantine.
EPA_TESTCAR_2014_PRESENT,5E8E150CD53494059FF81554632CDDB4A74B857E5E7F24566BE8EC92FDA1F507,EPA-TESTCAR-ROW-7942,EPA-LEGACY-ROW-4014,RND_ADJ_FE,30.5,kWh/100mi,,Approved as kWh/100mi unit interpretation; raw number preserved. Legacy comment saying kWh/km was incorrect.,Legacy helper algebra; explicit FuelEconomy KW-HR/100Miles metadata; EPA EV methodology (https://www.epa.gov/greenvehicles/fuel-economy-and-ev-range-testing; https://www.epa.gov/fueleconomy/text-version-electric-vehicle-label; https://nepis.epa.gov/Exe/ZyPURL.cgi?Dockey=P101698T.txt).,ACTIVE_DETERMINISTIC_UNIT_INTERPRETATION,Raw numeric value is never replaced. Stale source/version/key/value mismatches must fail or quarantine.
EPA_TESTCAR_2014_PRESENT,5E8E150CD53494059FF81554632CDDB4A74B857E5E7F24566BE8EC92FDA1F507,EPA-TESTCAR-ROW-7950,EPA-LEGACY-ROW-4022,RND_ADJ_FE,28.7,kWh/100mi,,Approved as kWh/100mi unit interpretation; raw number preserved. Legacy comment saying kWh/km was incorrect.,Legacy helper algebra; explicit FuelEconomy KW-HR/100Miles metadata; EPA EV methodology (https://www.epa.gov/greenvehicles/fuel-economy-and-ev-range-testing; https://www.epa.gov/fueleconomy/text-version-electric-vehicle-label; https://nepis.epa.gov/Exe/ZyPURL.cgi?Dockey=P101698T.txt).,ACTIVE_DETERMINISTIC_UNIT_INTERPRETATION,Raw numeric value is never replaced. Stale source/version/key/value mismatches must fail or quarantine.
EPA_TESTCAR_2014_PRESENT,5E8E150CD53494059FF81554632CDDB4A74B857E5E7F24566BE8EC92FDA1F507,EPA-TESTCAR-ROW-7951,EPA-LEGACY-ROW-4023,RND_ADJ_FE,28.4,kWh/100mi,,Approved as kWh/100mi unit interpretation; raw number preserved. Legacy comment saying kWh/km was incorrect.,Legacy helper algebra; explicit FuelEconomy KW-HR/100Miles metadata; EPA EV methodology (https://www.epa.gov/greenvehicles/fuel-economy-and-ev-range-testing; https://www.epa.gov/fueleconomy/text-version-electric-vehicle-label; https://nepis.epa.gov/Exe/ZyPURL.cgi?Dockey=P101698T.txt).,ACTIVE_DETERMINISTIC_UNIT_INTERPRETATION,Raw numeric value is never replaced. Stale source/version/key/value mismatches must fail or quarantine.
EPA_TESTCAR_2014_PRESENT,5E8E150CD53494059FF81554632CDDB4A74B857E5E7F24566BE8EC92FDA1F507,EPA-TESTCAR-ROW-7952,EPA-LEGACY-ROW-4024,RND_ADJ_FE,27.9,kWh/100mi,,Approved as kWh/100mi unit interpretation; raw number preserved. Legacy comment saying kWh/km was incorrect.,Legacy helper algebra; explicit FuelEconomy KW-HR/100Miles metadata; EPA EV methodology (https://www.epa.gov/greenvehicles/fuel-economy-and-ev-range-testing; https://www.epa.gov/fueleconomy/text-version-electric-vehicle-label; https://nepis.epa.gov/Exe/ZyPURL.cgi?Dockey=P101698T.txt).,ACTIVE_DETERMINISTIC_UNIT_INTERPRETATION,Raw numeric value is never replaced. Stale source/version/key/value mismatches must fail or quarantine.
EPA_TESTCAR_2014_PRESENT,5E8E150CD53494059FF81554632CDDB4A74B857E5E7F24566BE8EC92FDA1F507,EPA-TESTCAR-ROW-7991,EPA-LEGACY-ROW-4061,RND_ADJ_FE,31.6,kWh/100mi,,Approved as kWh/100mi unit interpretation; raw number preserved. Legacy comment saying kWh/km was incorrect.,Legacy helper algebra; explicit FuelEconomy KW-HR/100Miles metadata; EPA EV methodology (https://www.epa.gov/greenvehicles/fuel-economy-and-ev-range-testing; https://www.epa.gov/fueleconomy/text-version-electric-vehicle-label; https://nepis.epa.gov/Exe/ZyPURL.cgi?Dockey=P101698T.txt).,ACTIVE_DETERMINISTIC_UNIT_INTERPRETATION,Raw numeric value is never replaced. Stale source/version/key/value mismatches must fail or quarantine.
EPA_TESTCAR_2014_PRESENT,5E8E150CD53494059FF81554632CDDB4A74B857E5E7F24566BE8EC92FDA1F507,EPA-TESTCAR-ROW-8062,EPA-LEGACY-ROW-4132,RND_ADJ_FE,37.3,kWh/100mi,,Approved as kWh/100mi unit interpretation; raw number preserved. Legacy comment saying kWh/km was incorrect.,Legacy helper algebra; explicit FuelEconomy KW-HR/100Miles metadata; EPA EV methodology (https://www.epa.gov/greenvehicles/fuel-economy-and-ev-range-testing; https://www.epa.gov/fueleconomy/text-version-electric-vehicle-label; https://nepis.epa.gov/Exe/ZyPURL.cgi?Dockey=P101698T.txt).,ACTIVE_DETERMINISTIC_UNIT_INTERPRETATION,Raw numeric value is never replaced. Stale source/version/key/value mismatches must fail or quarantine.
EPA_TESTCAR_2014_PRESENT,5E8E150CD53494059FF81554632CDDB4A74B857E5E7F24566BE8EC92FDA1F507,EPA-TESTCAR-ROW-8063,EPA-LEGACY-ROW-4133,RND_ADJ_FE,36.5,kWh/100mi,,Approved as kWh/100mi unit interpretation; raw number preserved. Legacy comment saying kWh/km was incorrect.,Legacy helper algebra; explicit FuelEconomy KW-HR/100Miles metadata; EPA EV methodology (https://www.epa.gov/greenvehicles/fuel-economy-and-ev-range-testing; https://www.epa.gov/fueleconomy/text-version-electric-vehicle-label; https://nepis.epa.gov/Exe/ZyPURL.cgi?Dockey=P101698T.txt).,ACTIVE_DETERMINISTIC_UNIT_INTERPRETATION,Raw numeric value is never replaced. Stale source/version/key/value mismatches must fail or quarantine.
EPA_TESTCAR_2014_PRESENT,5E8E150CD53494059FF81554632CDDB4A74B857E5E7F24566BE8EC92FDA1F507,EPA-TESTCAR-ROW-8064,EPA-LEGACY-ROW-4134,RND_ADJ_FE,37.2,kWh/100mi,,Approved as kWh/100mi unit interpretation; raw number preserved. Legacy comment saying kWh/km was incorrect.,Legacy helper algebra; explicit FuelEconomy KW-HR/100Miles metadata; EPA EV methodology (https://www.epa.gov/greenvehicles/fuel-economy-and-ev-range-testing; https://www.epa.gov/fueleconomy/text-version-electric-vehicle-label; https://nepis.epa.gov/Exe/ZyPURL.cgi?Dockey=P101698T.txt).,ACTIVE_DETERMINISTIC_UNIT_INTERPRETATION,Raw numeric value is never replaced. Stale source/version/key/value mismatches must fail or quarantine.
EPA_TESTCAR_2014_PRESENT,5E8E150CD53494059FF81554632CDDB4A74B857E5E7F24566BE8EC92FDA1F507,EPA-TESTCAR-ROW-8065,EPA-LEGACY-ROW-4135,RND_ADJ_FE,36.7,kWh/100mi,,Approved as kWh/100mi unit interpretation; raw number preserved. Legacy comment saying kWh/km was incorrect.,Legacy helper algebra; explicit FuelEconomy KW-HR/100Miles metadata; EPA EV methodology (https://www.epa.gov/greenvehicles/fuel-economy-and-ev-range-testing; https://www.epa.gov/fueleconomy/text-version-electric-vehicle-label; https://nepis.epa.gov/Exe/ZyPURL.cgi?Dockey=P101698T.txt).,ACTIVE_DETERMINISTIC_UNIT_INTERPRETATION,Raw numeric value is never replaced. Stale source/version/key/value mismatches must fail or quarantine.
EPA_TESTCAR_2014_PRESENT,5E8E150CD53494059FF81554632CDDB4A74B857E5E7F24566BE8EC92FDA1F507,EPA-TESTCAR-ROW-8113,EPA-LEGACY-ROW-4183,RND_ADJ_FE,33,kWh/100mi,,Approved as kWh/100mi unit interpretation; raw number preserved. Legacy comment saying kWh/km was incorrect.,Legacy helper algebra; explicit FuelEconomy KW-HR/100Miles metadata; EPA EV methodology (https://www.epa.gov/greenvehicles/fuel-economy-and-ev-range-testing; https://www.epa.gov/fueleconomy/text-version-electric-vehicle-label; https://nepis.epa.gov/Exe/ZyPURL.cgi?Dockey=P101698T.txt).,ACTIVE_DETERMINISTIC_UNIT_INTERPRETATION,Raw numeric value is never replaced. Stale source/version/key/value mismatches must fail or quarantine.
EPA_TESTCAR_2014_PRESENT,5E8E150CD53494059FF81554632CDDB4A74B857E5E7F24566BE8EC92FDA1F507,EPA-TESTCAR-ROW-8114,EPA-LEGACY-ROW-4184,RND_ADJ_FE,32.2,kWh/100mi,,Approved as kWh/100mi unit interpretation; raw number preserved. Legacy comment saying kWh/km was incorrect.,Legacy helper algebra; explicit FuelEconomy KW-HR/100Miles metadata; EPA EV methodology (https://www.epa.gov/greenvehicles/fuel-economy-and-ev-range-testing; https://www.epa.gov/fueleconomy/text-version-electric-vehicle-label; https://nepis.epa.gov/Exe/ZyPURL.cgi?Dockey=P101698T.txt).,ACTIVE_DETERMINISTIC_UNIT_INTERPRETATION,Raw numeric value is never replaced. Stale source/version/key/value mismatches must fail or quarantine.
EPA_TESTCAR_2014_PRESENT,5E8E150CD53494059FF81554632CDDB4A74B857E5E7F24566BE8EC92FDA1F507,EPA-TESTCAR-ROW-8115,EPA-LEGACY-ROW-4185,RND_ADJ_FE,33.5,kWh/100mi,,Approved as kWh/100mi unit interpretation; raw number preserved. Legacy comment saying kWh/km was incorrect.,Legacy helper algebra; explicit FuelEconomy KW-HR/100Miles metadata; EPA EV methodology (https://www.epa.gov/greenvehicles/fuel-economy-and-ev-range-testing; https://www.epa.gov/fueleconomy/text-version-electric-vehicle-label; https://nepis.epa.gov/Exe/ZyPURL.cgi?Dockey=P101698T.txt).,ACTIVE_DETERMINISTIC_UNIT_INTERPRETATION,Raw numeric value is never replaced. Stale source/version/key/value mismatches must fail or quarantine.
EPA_TESTCAR_2014_PRESENT,5E8E150CD53494059FF81554632CDDB4A74B857E5E7F24566BE8EC92FDA1F507,EPA-TESTCAR-ROW-8116,EPA-LEGACY-ROW-4186,RND_ADJ_FE,31.9,kWh/100mi,,Approved as kWh/100mi unit interpretation; raw number preserved. Legacy comment saying kWh/km was incorrect.,Legacy helper algebra; explicit FuelEconomy KW-HR/100Miles metadata; EPA EV methodology (https://www.epa.gov/greenvehicles/fuel-economy-and-ev-range-testing; https://www.epa.gov/fueleconomy/text-version-electric-vehicle-label; https://nepis.epa.gov/Exe/ZyPURL.cgi?Dockey=P101698T.txt).,ACTIVE_DETERMINISTIC_UNIT_INTERPRETATION,Raw numeric value is never replaced. Stale source/version/key/value mismatches must fail or quarantine.
EPA_TESTCAR_2014_PRESENT,5E8E150CD53494059FF81554632CDDB4A74B857E5E7F24566BE8EC92FDA1F507,EPA-TESTCAR-ROW-8117,EPA-LEGACY-ROW-4187,RND_ADJ_FE,29.8,kWh/100mi,,Approved as kWh/100mi unit interpretation; raw number preserved. Legacy comment saying kWh/km was incorrect.,Legacy helper algebra; explicit FuelEconomy KW-HR/100Miles metadata; EPA EV methodology (https://www.epa.gov/greenvehicles/fuel-economy-and-ev-range-testing; https://www.epa.gov/fueleconomy/text-version-electric-vehicle-label; https://nepis.epa.gov/Exe/ZyPURL.cgi?Dockey=P101698T.txt).,ACTIVE_DETERMINISTIC_UNIT_INTERPRETATION,Raw numeric value is never replaced. Stale source/version/key/value mismatches must fail or quarantine.
EPA_TESTCAR_2014_PRESENT,5E8E150CD53494059FF81554632CDDB4A74B857E5E7F24566BE8EC92FDA1F507,EPA-TESTCAR-ROW-8124,EPA-LEGACY-ROW-4192,RND_ADJ_FE,25.7,kWh/100mi,,Approved as kWh/100mi unit interpretation; raw number preserved. Legacy comment saying kWh/km was incorrect.,Legacy helper algebra; explicit FuelEconomy KW-HR/100Miles metadata; EPA EV methodology (https://www.epa.gov/greenvehicles/fuel-economy-and-ev-range-testing; https://www.epa.gov/fueleconomy/text-version-electric-vehicle-label; https://nepis.epa.gov/Exe/ZyPURL.cgi?Dockey=P101698T.txt).,ACTIVE_DETERMINISTIC_UNIT_INTERPRETATION,Raw numeric value is never replaced. Stale source/version/key/value mismatches must fail or quarantine.
EPA_TESTCAR_2014_PRESENT,5E8E150CD53494059FF81554632CDDB4A74B857E5E7F24566BE8EC92FDA1F507,EPA-TESTCAR-ROW-8125,EPA-LEGACY-ROW-4193,RND_ADJ_FE,26.3,kWh/100mi,,Approved as kWh/100mi unit interpretation; raw number preserved. Legacy comment saying kWh/km was incorrect.,Legacy helper algebra; explicit FuelEconomy KW-HR/100Miles metadata; EPA EV methodology (https://www.epa.gov/greenvehicles/fuel-economy-and-ev-range-testing; https://www.epa.gov/fueleconomy/text-version-electric-vehicle-label; https://nepis.epa.gov/Exe/ZyPURL.cgi?Dockey=P101698T.txt).,ACTIVE_DETERMINISTIC_UNIT_INTERPRETATION,Raw numeric value is never replaced. Stale source/version/key/value mismatches must fail or quarantine.
EPA_TESTCAR_2014_PRESENT,5E8E150CD53494059FF81554632CDDB4A74B857E5E7F24566BE8EC92FDA1F507,EPA-TESTCAR-ROW-8130,EPA-LEGACY-ROW-4198,RND_ADJ_FE,32.4,kWh/100mi,,Approved as kWh/100mi unit interpretation; raw number preserved. Legacy comment saying kWh/km was incorrect.,Legacy helper algebra; explicit FuelEconomy KW-HR/100Miles metadata; EPA EV methodology (https://www.epa.gov/greenvehicles/fuel-economy-and-ev-range-testing; https://www.epa.gov/fueleconomy/text-version-electric-vehicle-label; https://nepis.epa.gov/Exe/ZyPURL.cgi?Dockey=P101698T.txt).,ACTIVE_DETERMINISTIC_UNIT_INTERPRETATION,Raw numeric value is never replaced. Stale source/version/key/value mismatches must fail or quarantine.
EPA_TESTCAR_2014_PRESENT,5E8E150CD53494059FF81554632CDDB4A74B857E5E7F24566BE8EC92FDA1F507,EPA-TESTCAR-ROW-8166,EPA-LEGACY-ROW-4234,RND_ADJ_FE,36.4,kWh/100mi,,Approved as kWh/100mi unit interpretation; raw number preserved. Legacy comment saying kWh/km was incorrect.,Legacy helper algebra; explicit FuelEconomy KW-HR/100Miles metadata; EPA EV methodology (https://www.epa.gov/greenvehicles/fuel-economy-and-ev-range-testing; https://www.epa.gov/fueleconomy/text-version-electric-vehicle-label; https://nepis.epa.gov/Exe/ZyPURL.cgi?Dockey=P101698T.txt).,ACTIVE_DETERMINISTIC_UNIT_INTERPRETATION,Raw numeric value is never replaced. Stale source/version/key/value mismatches must fail or quarantine.
EPA_TESTCAR_2014_PRESENT,5E8E150CD53494059FF81554632CDDB4A74B857E5E7F24566BE8EC92FDA1F507,EPA-TESTCAR-ROW-8172,EPA-LEGACY-ROW-4240,RND_ADJ_FE,37.5,kWh/100mi,,Approved as kWh/100mi unit interpretation; raw number preserved. Legacy comment saying kWh/km was incorrect.,Legacy helper algebra; explicit FuelEconomy KW-HR/100Miles metadata; EPA EV methodology (https://www.epa.gov/greenvehicles/fuel-economy-and-ev-range-testing; https://www.epa.gov/fueleconomy/text-version-electric-vehicle-label; https://nepis.epa.gov/Exe/ZyPURL.cgi?Dockey=P101698T.txt).,ACTIVE_DETERMINISTIC_UNIT_INTERPRETATION,Raw numeric value is never replaced. Stale source/version/key/value mismatches must fail or quarantine.
EPA_TESTCAR_2014_PRESENT,5E8E150CD53494059FF81554632CDDB4A74B857E5E7F24566BE8EC92FDA1F507,EPA-TESTCAR-ROW-8178,EPA-LEGACY-ROW-4246,RND_ADJ_FE,32.8,kWh/100mi,,Approved as kWh/100mi unit interpretation; raw number preserved. Legacy comment saying kWh/km was incorrect.,Legacy helper algebra; explicit FuelEconomy KW-HR/100Miles metadata; EPA EV methodology (https://www.epa.gov/greenvehicles/fuel-economy-and-ev-range-testing; https://www.epa.gov/fueleconomy/text-version-electric-vehicle-label; https://nepis.epa.gov/Exe/ZyPURL.cgi?Dockey=P101698T.txt).,ACTIVE_DETERMINISTIC_UNIT_INTERPRETATION,Raw numeric value is never replaced. Stale source/version/key/value mismatches must fail or quarantine.
EPA_TESTCAR_2014_PRESENT,5E8E150CD53494059FF81554632CDDB4A74B857E5E7F24566BE8EC92FDA1F507,EPA-TESTCAR-ROW-8184,EPA-LEGACY-ROW-4252,RND_ADJ_FE,34.4,kWh/100mi,,Approved as kWh/100mi unit interpretation; raw number preserved. Legacy comment saying kWh/km was incorrect.,Legacy helper algebra; explicit FuelEconomy KW-HR/100Miles metadata; EPA EV methodology (https://www.epa.gov/greenvehicles/fuel-economy-and-ev-range-testing; https://www.epa.gov/fueleconomy/text-version-electric-vehicle-label; https://nepis.epa.gov/Exe/ZyPURL.cgi?Dockey=P101698T.txt).,ACTIVE_DETERMINISTIC_UNIT_INTERPRETATION,Raw numeric value is never replaced. Stale source/version/key/value mismatches must fail or quarantine.
EPA_TESTCAR_2014_PRESENT,5E8E150CD53494059FF81554632CDDB4A74B857E5E7F24566BE8EC92FDA1F507,EPA-TESTCAR-ROW-8189,EPA-LEGACY-ROW-4257,RND_ADJ_FE,39.7,kWh/100mi,,Approved as kWh/100mi unit interpretation; raw number preserved. Legacy comment saying kWh/km was incorrect.,Legacy helper algebra; explicit FuelEconomy KW-HR/100Miles metadata; EPA EV methodology (https://www.epa.gov/greenvehicles/fuel-economy-and-ev-range-testing; https://www.epa.gov/fueleconomy/text-version-electric-vehicle-label; https://nepis.epa.gov/Exe/ZyPURL.cgi?Dockey=P101698T.txt).,ACTIVE_DETERMINISTIC_UNIT_INTERPRETATION,Raw numeric value is never replaced. Stale source/version/key/value mismatches must fail or quarantine.
EPA_TESTCAR_2014_PRESENT,5E8E150CD53494059FF81554632CDDB4A74B857E5E7F24566BE8EC92FDA1F507,EPA-TESTCAR-ROW-8670,EPA-LEGACY-ROW-4738,RND_ADJ_FE,38.8,kWh/100mi,,Approved as kWh/100mi unit interpretation; raw number preserved. Legacy comment saying kWh/km was incorrect.,Legacy helper algebra; explicit FuelEconomy KW-HR/100Miles metadata; EPA EV methodology (https://www.epa.gov/greenvehicles/fuel-economy-and-ev-range-testing; https://www.epa.gov/fueleconomy/text-version-electric-vehicle-label; https://nepis.epa.gov/Exe/ZyPURL.cgi?Dockey=P101698T.txt).,ACTIVE_DETERMINISTIC_UNIT_INTERPRETATION,Raw numeric value is never replaced. Stale source/version/key/value mismatches must fail or quarantine.
EPA_TESTCAR_2014_PRESENT,5E8E150CD53494059FF81554632CDDB4A74B857E5E7F24566BE8EC92FDA1F507,EPA-TESTCAR-ROW-8706,EPA-LEGACY-ROW-4774,RND_ADJ_FE,29.9,kWh/100mi,,Approved as kWh/100mi unit interpretation; raw number preserved. Legacy comment saying kWh/km was incorrect.,Legacy helper algebra; explicit FuelEconomy KW-HR/100Miles metadata; EPA EV methodology (https://www.epa.gov/greenvehicles/fuel-economy-and-ev-range-testing; https://www.epa.gov/fueleconomy/text-version-electric-vehicle-label; https://nepis.epa.gov/Exe/ZyPURL.cgi?Dockey=P101698T.txt).,ACTIVE_DETERMINISTIC_UNIT_INTERPRETATION,Raw numeric value is never replaced. Stale source/version/key/value mismatches must fail or quarantine.
EPA_TESTCAR_2014_PRESENT,5E8E150CD53494059FF81554632CDDB4A74B857E5E7F24566BE8EC92FDA1F507,EPA-TESTCAR-ROW-8707,EPA-LEGACY-ROW-4775,RND_ADJ_FE,36.9,kWh/100mi,,Approved as kWh/100mi unit interpretation; raw number preserved. Legacy comment saying kWh/km was incorrect.,Legacy helper algebra; explicit FuelEconomy KW-HR/100Miles metadata; EPA EV methodology (https://www.epa.gov/greenvehicles/fuel-economy-and-ev-range-testing; https://www.epa.gov/fueleconomy/text-version-electric-vehicle-label; https://nepis.epa.gov/Exe/ZyPURL.cgi?Dockey=P101698T.txt).,ACTIVE_DETERMINISTIC_UNIT_INTERPRETATION,Raw numeric value is never replaced. Stale source/version/key/value mismatches must fail or quarantine.
EPA_TESTCAR_2014_PRESENT,5E8E150CD53494059FF81554632CDDB4A74B857E5E7F24566BE8EC92FDA1F507,EPA-TESTCAR-ROW-8733,EPA-LEGACY-ROW-4801,RND_ADJ_FE,27.3,kWh/100mi,,Approved as kWh/100mi unit interpretation; raw number preserved. Legacy comment saying kWh/km was incorrect.,Legacy helper algebra; explicit FuelEconomy KW-HR/100Miles metadata; EPA EV methodology (https://www.epa.gov/greenvehicles/fuel-economy-and-ev-range-testing; https://www.epa.gov/fueleconomy/text-version-electric-vehicle-label; https://nepis.epa.gov/Exe/ZyPURL.cgi?Dockey=P101698T.txt).,ACTIVE_DETERMINISTIC_UNIT_INTERPRETATION,Raw numeric value is never replaced. Stale source/version/key/value mismatches must fail or quarantine.
EPA_TESTCAR_2014_PRESENT,5E8E150CD53494059FF81554632CDDB4A74B857E5E7F24566BE8EC92FDA1F507,EPA-TESTCAR-ROW-8734,EPA-LEGACY-ROW-4802,RND_ADJ_FE,20.1,kWh/100mi,,Approved as kWh/100mi unit interpretation; raw number preserved. Legacy comment saying kWh/km was incorrect.,Legacy helper algebra; explicit FuelEconomy KW-HR/100Miles metadata; EPA EV methodology (https://www.epa.gov/greenvehicles/fuel-economy-and-ev-range-testing; https://www.epa.gov/fueleconomy/text-version-electric-vehicle-label; https://nepis.epa.gov/Exe/ZyPURL.cgi?Dockey=P101698T.txt).,ACTIVE_DETERMINISTIC_UNIT_INTERPRETATION,Raw numeric value is never replaced. Stale source/version/key/value mismatches must fail or quarantine.
EPA_TESTCAR_2014_PRESENT,5E8E150CD53494059FF81554632CDDB4A74B857E5E7F24566BE8EC92FDA1F507,EPA-TESTCAR-ROW-8735,EPA-LEGACY-ROW-4803,RND_ADJ_FE,17.2,kWh/100mi,,Approved as kWh/100mi unit interpretation; raw number preserved. Legacy comment saying kWh/km was incorrect.,Legacy helper algebra; explicit FuelEconomy KW-HR/100Miles metadata; EPA EV methodology (https://www.epa.gov/greenvehicles/fuel-economy-and-ev-range-testing; https://www.epa.gov/fueleconomy/text-version-electric-vehicle-label; https://nepis.epa.gov/Exe/ZyPURL.cgi?Dockey=P101698T.txt).,ACTIVE_DETERMINISTIC_UNIT_INTERPRETATION,Raw numeric value is never replaced. Stale source/version/key/value mismatches must fail or quarantine.
EPA_TESTCAR_2014_PRESENT,5E8E150CD53494059FF81554632CDDB4A74B857E5E7F24566BE8EC92FDA1F507,EPA-TESTCAR-ROW-8736,EPA-LEGACY-ROW-4804,RND_ADJ_FE,20.8,kWh/100mi,,Approved as kWh/100mi unit interpretation; raw number preserved. Legacy comment saying kWh/km was incorrect.,Legacy helper algebra; explicit FuelEconomy KW-HR/100Miles metadata; EPA EV methodology (https://www.epa.gov/greenvehicles/fuel-economy-and-ev-range-testing; https://www.epa.gov/fueleconomy/text-version-electric-vehicle-label; https://nepis.epa.gov/Exe/ZyPURL.cgi?Dockey=P101698T.txt).,ACTIVE_DETERMINISTIC_UNIT_INTERPRETATION,Raw numeric value is never replaced. Stale source/version/key/value mismatches must fail or quarantine.
EPA_TESTCAR_2014_PRESENT,5E8E150CD53494059FF81554632CDDB4A74B857E5E7F24566BE8EC92FDA1F507,EPA-TESTCAR-ROW-8772,EPA-LEGACY-ROW-4840,RND_ADJ_FE,30.7,kWh/100mi,,Approved as kWh/100mi unit interpretation; raw number preserved. Legacy comment saying kWh/km was incorrect.,Legacy helper algebra; explicit FuelEconomy KW-HR/100Miles metadata; EPA EV methodology (https://www.epa.gov/greenvehicles/fuel-economy-and-ev-range-testing; https://www.epa.gov/fueleconomy/text-version-electric-vehicle-label; https://nepis.epa.gov/Exe/ZyPURL.cgi?Dockey=P101698T.txt).,ACTIVE_DETERMINISTIC_UNIT_INTERPRETATION,Raw numeric value is never replaced. Stale source/version/key/value mismatches must fail or quarantine.
EPA_TESTCAR_2014_PRESENT,5E8E150CD53494059FF81554632CDDB4A74B857E5E7F24566BE8EC92FDA1F507,EPA-TESTCAR-ROW-8904,EPA-LEGACY-ROW-4972,RND_ADJ_FE,17.8,kWh/100mi,,Approved as kWh/100mi unit interpretation; raw number preserved. Legacy comment saying kWh/km was incorrect.,Legacy helper algebra; explicit FuelEconomy KW-HR/100Miles metadata; EPA EV methodology (https://www.epa.gov/greenvehicles/fuel-economy-and-ev-range-testing; https://www.epa.gov/fueleconomy/text-version-electric-vehicle-label; https://nepis.epa.gov/Exe/ZyPURL.cgi?Dockey=P101698T.txt).,ACTIVE_DETERMINISTIC_UNIT_INTERPRETATION,Raw numeric value is never replaced. Stale source/version/key/value mismatches must fail or quarantine.
EPA_TESTCAR_2014_PRESENT,5E8E150CD53494059FF81554632CDDB4A74B857E5E7F24566BE8EC92FDA1F507,EPA-TESTCAR-ROW-8905,EPA-LEGACY-ROW-4973,RND_ADJ_FE,23.8,kWh/100mi,,Approved as kWh/100mi unit interpretation; raw number preserved. Legacy comment saying kWh/km was incorrect.,Legacy helper algebra; explicit FuelEconomy KW-HR/100Miles metadata; EPA EV methodology (https://www.epa.gov/greenvehicles/fuel-economy-and-ev-range-testing; https://www.epa.gov/fueleconomy/text-version-electric-vehicle-label; https://nepis.epa.gov/Exe/ZyPURL.cgi?Dockey=P101698T.txt).,ACTIVE_DETERMINISTIC_UNIT_INTERPRETATION,Raw numeric value is never replaced. Stale source/version/key/value mismatches must fail or quarantine.
EPA_TESTCAR_2014_PRESENT,5E8E150CD53494059FF81554632CDDB4A74B857E5E7F24566BE8EC92FDA1F507,EPA-TESTCAR-ROW-8906,EPA-LEGACY-ROW-4974,RND_ADJ_FE,22.9,kWh/100mi,,Approved as kWh/100mi unit interpretation; raw number preserved. Legacy comment saying kWh/km was incorrect.,Legacy helper algebra; explicit FuelEconomy KW-HR/100Miles metadata; EPA EV methodology (https://www.epa.gov/greenvehicles/fuel-economy-and-ev-range-testing; https://www.epa.gov/fueleconomy/text-version-electric-vehicle-label; https://nepis.epa.gov/Exe/ZyPURL.cgi?Dockey=P101698T.txt).,ACTIVE_DETERMINISTIC_UNIT_INTERPRETATION,Raw numeric value is never replaced. Stale source/version/key/value mismatches must fail or quarantine.
EPA_TESTCAR_2014_PRESENT,5E8E150CD53494059FF81554632CDDB4A74B857E5E7F24566BE8EC92FDA1F507,EPA-TESTCAR-ROW-8907,EPA-LEGACY-ROW-4975,RND_ADJ_FE,25.7,kWh/100mi,,Approved as kWh/100mi unit interpretation; raw number preserved. Legacy comment saying kWh/km was incorrect.,Legacy helper algebra; explicit FuelEconomy KW-HR/100Miles metadata; EPA EV methodology (https://www.epa.gov/greenvehicles/fuel-economy-and-ev-range-testing; https://www.epa.gov/fueleconomy/text-version-electric-vehicle-label; https://nepis.epa.gov/Exe/ZyPURL.cgi?Dockey=P101698T.txt).,ACTIVE_DETERMINISTIC_UNIT_INTERPRETATION,Raw numeric value is never replaced. Stale source/version/key/value mismatches must fail or quarantine.
EPA_TESTCAR_2014_PRESENT,5E8E150CD53494059FF81554632CDDB4A74B857E5E7F24566BE8EC92FDA1F507,EPA-TESTCAR-ROW-8910,EPA-LEGACY-ROW-4978,RND_ADJ_FE,28.5,kWh/100mi,,Approved as kWh/100mi unit interpretation; raw number preserved. Legacy comment saying kWh/km was incorrect.,Legacy helper algebra; explicit FuelEconomy KW-HR/100Miles metadata; EPA EV methodology (https://www.epa.gov/greenvehicles/fuel-economy-and-ev-range-testing; https://www.epa.gov/fueleconomy/text-version-electric-vehicle-label; https://nepis.epa.gov/Exe/ZyPURL.cgi?Dockey=P101698T.txt).,ACTIVE_DETERMINISTIC_UNIT_INTERPRETATION,Raw numeric value is never replaced. Stale source/version/key/value mismatches must fail or quarantine.
EPA_TESTCAR_2014_PRESENT,5E8E150CD53494059FF81554632CDDB4A74B857E5E7F24566BE8EC92FDA1F507,EPA-TESTCAR-ROW-8913,EPA-LEGACY-ROW-4981,RND_ADJ_FE,20.2,kWh/100mi,,Approved as kWh/100mi unit interpretation; raw number preserved. Legacy comment saying kWh/km was incorrect.,Legacy helper algebra; explicit FuelEconomy KW-HR/100Miles metadata; EPA EV methodology (https://www.epa.gov/greenvehicles/fuel-economy-and-ev-range-testing; https://www.epa.gov/fueleconomy/text-version-electric-vehicle-label; https://nepis.epa.gov/Exe/ZyPURL.cgi?Dockey=P101698T.txt).,ACTIVE_DETERMINISTIC_UNIT_INTERPRETATION,Raw numeric value is never replaced. Stale source/version/key/value mismatches must fail or quarantine.
EPA_TESTCAR_2014_PRESENT,5E8E150CD53494059FF81554632CDDB4A74B857E5E7F24566BE8EC92FDA1F507,EPA-TESTCAR-ROW-8914,EPA-LEGACY-ROW-4982,RND_ADJ_FE,23.6,kWh/100mi,,Approved as kWh/100mi unit interpretation; raw number preserved. Legacy comment saying kWh/km was incorrect.,Legacy helper algebra; explicit FuelEconomy KW-HR/100Miles metadata; EPA EV methodology (https://www.epa.gov/greenvehicles/fuel-economy-and-ev-range-testing; https://www.epa.gov/fueleconomy/text-version-electric-vehicle-label; https://nepis.epa.gov/Exe/ZyPURL.cgi?Dockey=P101698T.txt).,ACTIVE_DETERMINISTIC_UNIT_INTERPRETATION,Raw numeric value is never replaced. Stale source/version/key/value mismatches must fail or quarantine.
EPA_TESTCAR_2014_PRESENT,5E8E150CD53494059FF81554632CDDB4A74B857E5E7F24566BE8EC92FDA1F507,EPA-TESTCAR-ROW-8915,EPA-LEGACY-ROW-4983,RND_ADJ_FE,20.1,kWh/100mi,,Approved as kWh/100mi unit interpretation; raw number preserved. Legacy comment saying kWh/km was incorrect.,Legacy helper algebra; explicit FuelEconomy KW-HR/100Miles metadata; EPA EV methodology (https://www.epa.gov/greenvehicles/fuel-economy-and-ev-range-testing; https://www.epa.gov/fueleconomy/text-version-electric-vehicle-label; https://nepis.epa.gov/Exe/ZyPURL.cgi?Dockey=P101698T.txt).,ACTIVE_DETERMINISTIC_UNIT_INTERPRETATION,Raw numeric value is never replaced. Stale source/version/key/value mismatches must fail or quarantine.
EPA_TESTCAR_2014_PRESENT,5E8E150CD53494059FF81554632CDDB4A74B857E5E7F24566BE8EC92FDA1F507,EPA-TESTCAR-ROW-8916,EPA-LEGACY-ROW-4984,RND_ADJ_FE,23.5,kWh/100mi,,Approved as kWh/100mi unit interpretation; raw number preserved. Legacy comment saying kWh/km was incorrect.,Legacy helper algebra; explicit FuelEconomy KW-HR/100Miles metadata; EPA EV methodology (https://www.epa.gov/greenvehicles/fuel-economy-and-ev-range-testing; https://www.epa.gov/fueleconomy/text-version-electric-vehicle-label; https://nepis.epa.gov/Exe/ZyPURL.cgi?Dockey=P101698T.txt).,ACTIVE_DETERMINISTIC_UNIT_INTERPRETATION,Raw numeric value is never replaced. Stale source/version/key/value mismatches must fail or quarantine.
EPA_TESTCAR_2014_PRESENT,5E8E150CD53494059FF81554632CDDB4A74B857E5E7F24566BE8EC92FDA1F507,EPA-TESTCAR-ROW-9113,EPA-LEGACY-ROW-5181,RND_ADJ_FE,30.4,kWh/100mi,,Approved as kWh/100mi unit interpretation; raw number preserved. Legacy comment saying kWh/km was incorrect.,Legacy helper algebra; explicit FuelEconomy KW-HR/100Miles metadata; EPA EV methodology (https://www.epa.gov/greenvehicles/fuel-economy-and-ev-range-testing; https://www.epa.gov/fueleconomy/text-version-electric-vehicle-label; https://nepis.epa.gov/Exe/ZyPURL.cgi?Dockey=P101698T.txt).,ACTIVE_DETERMINISTIC_UNIT_INTERPRETATION,Raw numeric value is never replaced. Stale source/version/key/value mismatches must fail or quarantine.
EPA_TESTCAR_2014_PRESENT,5E8E150CD53494059FF81554632CDDB4A74B857E5E7F24566BE8EC92FDA1F507,EPA-TESTCAR-ROW-9114,EPA-LEGACY-ROW-5182,RND_ADJ_FE,32.9,kWh/100mi,,Approved as kWh/100mi unit interpretation; raw number preserved. Legacy comment saying kWh/km was incorrect.,Legacy helper algebra; explicit FuelEconomy KW-HR/100Miles metadata; EPA EV methodology (https://www.epa.gov/greenvehicles/fuel-economy-and-ev-range-testing; https://www.epa.gov/fueleconomy/text-version-electric-vehicle-label; https://nepis.epa.gov/Exe/ZyPURL.cgi?Dockey=P101698T.txt).,ACTIVE_DETERMINISTIC_UNIT_INTERPRETATION,Raw numeric value is never replaced. Stale source/version/key/value mismatches must fail or quarantine.
EPA_TESTCAR_2014_PRESENT,5E8E150CD53494059FF81554632CDDB4A74B857E5E7F24566BE8EC92FDA1F507,EPA-TESTCAR-ROW-9115,EPA-LEGACY-ROW-5183,RND_ADJ_FE,26.8,kWh/100mi,,Approved as kWh/100mi unit interpretation; raw number preserved. Legacy comment saying kWh/km was incorrect.,Legacy helper algebra; explicit FuelEconomy KW-HR/100Miles metadata; EPA EV methodology (https://www.epa.gov/greenvehicles/fuel-economy-and-ev-range-testing; https://www.epa.gov/fueleconomy/text-version-electric-vehicle-label; https://nepis.epa.gov/Exe/ZyPURL.cgi?Dockey=P101698T.txt).,ACTIVE_DETERMINISTIC_UNIT_INTERPRETATION,Raw numeric value is never replaced. Stale source/version/key/value mismatches must fail or quarantine.
EPA_TESTCAR_2014_PRESENT,5E8E150CD53494059FF81554632CDDB4A74B857E5E7F24566BE8EC92FDA1F507,EPA-TESTCAR-ROW-9630,EPA-LEGACY-ROW-5698,RND_ADJ_FE,42,kWh/100mi,,Approved as kWh/100mi unit interpretation; raw number preserved. Legacy comment saying kWh/km was incorrect.,Legacy helper algebra; explicit FuelEconomy KW-HR/100Miles metadata; EPA EV methodology (https://www.epa.gov/greenvehicles/fuel-economy-and-ev-range-testing; https://www.epa.gov/fueleconomy/text-version-electric-vehicle-label; https://nepis.epa.gov/Exe/ZyPURL.cgi?Dockey=P101698T.txt).,ACTIVE_DETERMINISTIC_UNIT_INTERPRETATION,Raw numeric value is never replaced. Stale source/version/key/value mismatches must fail or quarantine.
EPA_TESTCAR_2014_PRESENT,5E8E150CD53494059FF81554632CDDB4A74B857E5E7F24566BE8EC92FDA1F507,EPA-TESTCAR-ROW-9631,EPA-LEGACY-ROW-5699,RND_ADJ_FE,42,kWh/100mi,,Approved as kWh/100mi unit interpretation; raw number preserved. Legacy comment saying kWh/km was incorrect.,Legacy helper algebra; explicit FuelEconomy KW-HR/100Miles metadata; EPA EV methodology (https://www.epa.gov/greenvehicles/fuel-economy-and-ev-range-testing; https://www.epa.gov/fueleconomy/text-version-electric-vehicle-label; https://nepis.epa.gov/Exe/ZyPURL.cgi?Dockey=P101698T.txt).,ACTIVE_DETERMINISTIC_UNIT_INTERPRETATION,Raw numeric value is never replaced. Stale source/version/key/value mismatches must fail or quarantine.
EPA_TESTCAR_2014_PRESENT,5E8E150CD53494059FF81554632CDDB4A74B857E5E7F24566BE8EC92FDA1F507,EPA-TESTCAR-ROW-9929,EPA-LEGACY-ROW-5997,RND_ADJ_FE,21.8,kWh/100mi,,Approved as kWh/100mi unit interpretation; raw number preserved. Legacy comment saying kWh/km was incorrect.,Legacy helper algebra; explicit FuelEconomy KW-HR/100Miles metadata; EPA EV methodology (https://www.epa.gov/greenvehicles/fuel-economy-and-ev-range-testing; https://www.epa.gov/fueleconomy/text-version-electric-vehicle-label; https://nepis.epa.gov/Exe/ZyPURL.cgi?Dockey=P101698T.txt).,ACTIVE_DETERMINISTIC_UNIT_INTERPRETATION,Raw numeric value is never replaced. Stale source/version/key/value mismatches must fail or quarantine.
EPA_TESTCAR_2014_PRESENT,5E8E150CD53494059FF81554632CDDB4A74B857E5E7F24566BE8EC92FDA1F507,EPA-TESTCAR-ROW-9930,EPA-LEGACY-ROW-5998,RND_ADJ_FE,25.5,kWh/100mi,,Approved as kWh/100mi unit interpretation; raw number preserved. Legacy comment saying kWh/km was incorrect.,Legacy helper algebra; explicit FuelEconomy KW-HR/100Miles metadata; EPA EV methodology (https://www.epa.gov/greenvehicles/fuel-economy-and-ev-range-testing; https://www.epa.gov/fueleconomy/text-version-electric-vehicle-label; https://nepis.epa.gov/Exe/ZyPURL.cgi?Dockey=P101698T.txt).,ACTIVE_DETERMINISTIC_UNIT_INTERPRETATION,Raw numeric value is never replaced. Stale source/version/key/value mismatches must fail or quarantine.
EPA_TESTCAR_2014_PRESENT,5E8E150CD53494059FF81554632CDDB4A74B857E5E7F24566BE8EC92FDA1F507,EPA-TESTCAR-ROW-9931,EPA-LEGACY-ROW-5999,RND_ADJ_FE,24.1,kWh/100mi,,Approved as kWh/100mi unit interpretation; raw number preserved. Legacy comment saying kWh/km was incorrect.,Legacy helper algebra; explicit FuelEconomy KW-HR/100Miles metadata; EPA EV methodology (https://www.epa.gov/greenvehicles/fuel-economy-and-ev-range-testing; https://www.epa.gov/fueleconomy/text-version-electric-vehicle-label; https://nepis.epa.gov/Exe/ZyPURL.cgi?Dockey=P101698T.txt).,ACTIVE_DETERMINISTIC_UNIT_INTERPRETATION,Raw numeric value is never replaced. Stale source/version/key/value mismatches must fail or quarantine.
EPA_TESTCAR_2014_PRESENT,5E8E150CD53494059FF81554632CDDB4A74B857E5E7F24566BE8EC92FDA1F507,EPA-TESTCAR-ROW-9932,EPA-LEGACY-ROW-6000,RND_ADJ_FE,28.4,kWh/100mi,,Approved as kWh/100mi unit interpretation; raw number preserved. Legacy comment saying kWh/km was incorrect.,Legacy helper algebra; explicit FuelEconomy KW-HR/100Miles metadata; EPA EV methodology (https://www.epa.gov/greenvehicles/fuel-economy-and-ev-range-testing; https://www.epa.gov/fueleconomy/text-version-electric-vehicle-label; https://nepis.epa.gov/Exe/ZyPURL.cgi?Dockey=P101698T.txt).,ACTIVE_DETERMINISTIC_UNIT_INTERPRETATION,Raw numeric value is never replaced. Stale source/version/key/value mismatches must fail or quarantine.
EPA_TESTCAR_2014_PRESENT,5E8E150CD53494059FF81554632CDDB4A74B857E5E7F24566BE8EC92FDA1F507,EPA-TESTCAR-ROW-10001,EPA-LEGACY-ROW-6069,RND_ADJ_FE,21,kWh/100mi,,Approved as kWh/100mi unit interpretation; raw number preserved. Legacy comment saying kWh/km was incorrect.,Legacy helper algebra; explicit FuelEconomy KW-HR/100Miles metadata; EPA EV methodology (https://www.epa.gov/greenvehicles/fuel-economy-and-ev-range-testing; https://www.epa.gov/fueleconomy/text-version-electric-vehicle-label; https://nepis.epa.gov/Exe/ZyPURL.cgi?Dockey=P101698T.txt).,ACTIVE_DETERMINISTIC_UNIT_INTERPRETATION,Raw numeric value is never replaced. Stale source/version/key/value mismatches must fail or quarantine.
EPA_TESTCAR_2014_PRESENT,5E8E150CD53494059FF81554632CDDB4A74B857E5E7F24566BE8EC92FDA1F507,EPA-TESTCAR-ROW-10002,EPA-LEGACY-ROW-6070,RND_ADJ_FE,25.9,kWh/100mi,,Approved as kWh/100mi unit interpretation; raw number preserved. Legacy comment saying kWh/km was incorrect.,Legacy helper algebra; explicit FuelEconomy KW-HR/100Miles metadata; EPA EV methodology (https://www.epa.gov/greenvehicles/fuel-economy-and-ev-range-testing; https://www.epa.gov/fueleconomy/text-version-electric-vehicle-label; https://nepis.epa.gov/Exe/ZyPURL.cgi?Dockey=P101698T.txt).,ACTIVE_DETERMINISTIC_UNIT_INTERPRETATION,Raw numeric value is never replaced. Stale source/version/key/value mismatches must fail or quarantine.
EPA_TESTCAR_2014_PRESENT,5E8E150CD53494059FF81554632CDDB4A74B857E5E7F24566BE8EC92FDA1F507,EPA-TESTCAR-ROW-10003,EPA-LEGACY-ROW-6071,RND_ADJ_FE,22.9,kWh/100mi,,Approved as kWh/100mi unit interpretation; raw number preserved. Legacy comment saying kWh/km was incorrect.,Legacy helper algebra; explicit FuelEconomy KW-HR/100Miles metadata; EPA EV methodology (https://www.epa.gov/greenvehicles/fuel-economy-and-ev-range-testing; https://www.epa.gov/fueleconomy/text-version-electric-vehicle-label; https://nepis.epa.gov/Exe/ZyPURL.cgi?Dockey=P101698T.txt).,ACTIVE_DETERMINISTIC_UNIT_INTERPRETATION,Raw numeric value is never replaced. Stale source/version/key/value mismatches must fail or quarantine.
EPA_TESTCAR_2014_PRESENT,5E8E150CD53494059FF81554632CDDB4A74B857E5E7F24566BE8EC92FDA1F507,EPA-TESTCAR-ROW-10004,EPA-LEGACY-ROW-6072,RND_ADJ_FE,27.3,kWh/100mi,,Approved as kWh/100mi unit interpretation; raw number preserved. Legacy comment saying kWh/km was incorrect.,Legacy helper algebra; explicit FuelEconomy KW-HR/100Miles metadata; EPA EV methodology (https://www.epa.gov/greenvehicles/fuel-economy-and-ev-range-testing; https://www.epa.gov/fueleconomy/text-version-electric-vehicle-label; https://nepis.epa.gov/Exe/ZyPURL.cgi?Dockey=P101698T.txt).,ACTIVE_DETERMINISTIC_UNIT_INTERPRETATION,Raw numeric value is never replaced. Stale source/version/key/value mismatches must fail or quarantine.
EPA_TESTCAR_2014_PRESENT,5E8E150CD53494059FF81554632CDDB4A74B857E5E7F24566BE8EC92FDA1F507,EPA-TESTCAR-ROW-10005,EPA-LEGACY-ROW-6073,RND_ADJ_FE,23.8,kWh/100mi,,Approved as kWh/100mi unit interpretation; raw number preserved. Legacy comment saying kWh/km was incorrect.,Legacy helper algebra; explicit FuelEconomy KW-HR/100Miles metadata; EPA EV methodology (https://www.epa.gov/greenvehicles/fuel-economy-and-ev-range-testing; https://www.epa.gov/fueleconomy/text-version-electric-vehicle-label; https://nepis.epa.gov/Exe/ZyPURL.cgi?Dockey=P101698T.txt).,ACTIVE_DETERMINISTIC_UNIT_INTERPRETATION,Raw numeric value is never replaced. Stale source/version/key/value mismatches must fail or quarantine.
EPA_TESTCAR_2014_PRESENT,5E8E150CD53494059FF81554632CDDB4A74B857E5E7F24566BE8EC92FDA1F507,EPA-TESTCAR-ROW-10006,EPA-LEGACY-ROW-6074,RND_ADJ_FE,28.2,kWh/100mi,,Approved as kWh/100mi unit interpretation; raw number preserved. Legacy comment saying kWh/km was incorrect.,Legacy helper algebra; explicit FuelEconomy KW-HR/100Miles metadata; EPA EV methodology (https://www.epa.gov/greenvehicles/fuel-economy-and-ev-range-testing; https://www.epa.gov/fueleconomy/text-version-electric-vehicle-label; https://nepis.epa.gov/Exe/ZyPURL.cgi?Dockey=P101698T.txt).,ACTIVE_DETERMINISTIC_UNIT_INTERPRETATION,Raw numeric value is never replaced. Stale source/version/key/value mismatches must fail or quarantine.
EPA_TESTCAR_2014_PRESENT,5E8E150CD53494059FF81554632CDDB4A74B857E5E7F24566BE8EC92FDA1F507,EPA-TESTCAR-ROW-10007,EPA-LEGACY-ROW-6075,RND_ADJ_FE,18,kWh/100mi,,Approved as kWh/100mi unit interpretation; raw number preserved. Legacy comment saying kWh/km was incorrect.,Legacy helper algebra; explicit FuelEconomy KW-HR/100Miles metadata; EPA EV methodology (https://www.epa.gov/greenvehicles/fuel-economy-and-ev-range-testing; https://www.epa.gov/fueleconomy/text-version-electric-vehicle-label; https://nepis.epa.gov/Exe/ZyPURL.cgi?Dockey=P101698T.txt).,ACTIVE_DETERMINISTIC_UNIT_INTERPRETATION,Raw numeric value is never replaced. Stale source/version/key/value mismatches must fail or quarantine.
EPA_TESTCAR_2014_PRESENT,5E8E150CD53494059FF81554632CDDB4A74B857E5E7F24566BE8EC92FDA1F507,EPA-TESTCAR-ROW-10008,EPA-LEGACY-ROW-6076,RND_ADJ_FE,22.8,kWh/100mi,,Approved as kWh/100mi unit interpretation; raw number preserved. Legacy comment saying kWh/km was incorrect.,Legacy helper algebra; explicit FuelEconomy KW-HR/100Miles metadata; EPA EV methodology (https://www.epa.gov/greenvehicles/fuel-economy-and-ev-range-testing; https://www.epa.gov/fueleconomy/text-version-electric-vehicle-label; https://nepis.epa.gov/Exe/ZyPURL.cgi?Dockey=P101698T.txt).,ACTIVE_DETERMINISTIC_UNIT_INTERPRETATION,Raw numeric value is never replaced. Stale source/version/key/value mismatches must fail or quarantine.
EPA_TESTCAR_2014_PRESENT,5E8E150CD53494059FF81554632CDDB4A74B857E5E7F24566BE8EC92FDA1F507,EPA-TESTCAR-ROW-10071,EPA-LEGACY-ROW-6139,RND_ADJ_FE,22.4,kWh/100mi,,Approved as kWh/100mi unit interpretation; raw number preserved. Legacy comment saying kWh/km was incorrect.,Legacy helper algebra; explicit FuelEconomy KW-HR/100Miles metadata; EPA EV methodology (https://www.epa.gov/greenvehicles/fuel-economy-and-ev-range-testing; https://www.epa.gov/fueleconomy/text-version-electric-vehicle-label; https://nepis.epa.gov/Exe/ZyPURL.cgi?Dockey=P101698T.txt).,ACTIVE_DETERMINISTIC_UNIT_INTERPRETATION,Raw numeric value is never replaced. Stale source/version/key/value mismatches must fail or quarantine.
EPA_TESTCAR_2014_PRESENT,5E8E150CD53494059FF81554632CDDB4A74B857E5E7F24566BE8EC92FDA1F507,EPA-TESTCAR-ROW-10072,EPA-LEGACY-ROW-6140,RND_ADJ_FE,27.4,kWh/100mi,,Approved as kWh/100mi unit interpretation; raw number preserved. Legacy comment saying kWh/km was incorrect.,Legacy helper algebra; explicit FuelEconomy KW-HR/100Miles metadata; EPA EV methodology (https://www.epa.gov/greenvehicles/fuel-economy-and-ev-range-testing; https://www.epa.gov/fueleconomy/text-version-electric-vehicle-label; https://nepis.epa.gov/Exe/ZyPURL.cgi?Dockey=P101698T.txt).,ACTIVE_DETERMINISTIC_UNIT_INTERPRETATION,Raw numeric value is never replaced. Stale source/version/key/value mismatches must fail or quarantine.
EPA_TESTCAR_2014_PRESENT,5E8E150CD53494059FF81554632CDDB4A74B857E5E7F24566BE8EC92FDA1F507,EPA-TESTCAR-ROW-10073,EPA-LEGACY-ROW-6141,RND_ADJ_FE,18.3,kWh/100mi,,Approved as kWh/100mi unit interpretation; raw number preserved. Legacy comment saying kWh/km was incorrect.,Legacy helper algebra; explicit FuelEconomy KW-HR/100Miles metadata; EPA EV methodology (https://www.epa.gov/greenvehicles/fuel-economy-and-ev-range-testing; https://www.epa.gov/fueleconomy/text-version-electric-vehicle-label; https://nepis.epa.gov/Exe/ZyPURL.cgi?Dockey=P101698T.txt).,ACTIVE_DETERMINISTIC_UNIT_INTERPRETATION,Raw numeric value is never replaced. Stale source/version/key/value mismatches must fail or quarantine.
EPA_TESTCAR_2014_PRESENT,5E8E150CD53494059FF81554632CDDB4A74B857E5E7F24566BE8EC92FDA1F507,EPA-TESTCAR-ROW-10074,EPA-LEGACY-ROW-6142,RND_ADJ_FE,24.7,kWh/100mi,,Approved as kWh/100mi unit interpretation; raw number preserved. Legacy comment saying kWh/km was incorrect.,Legacy helper algebra; explicit FuelEconomy KW-HR/100Miles metadata; EPA EV methodology (https://www.epa.gov/greenvehicles/fuel-economy-and-ev-range-testing; https://www.epa.gov/fueleconomy/text-version-electric-vehicle-label; https://nepis.epa.gov/Exe/ZyPURL.cgi?Dockey=P101698T.txt).,ACTIVE_DETERMINISTIC_UNIT_INTERPRETATION,Raw numeric value is never replaced. Stale source/version/key/value mismatches must fail or quarantine.
EPA_TESTCAR_2014_PRESENT,5E8E150CD53494059FF81554632CDDB4A74B857E5E7F24566BE8EC92FDA1F507,EPA-TESTCAR-ROW-10075,EPA-LEGACY-ROW-6143,RND_ADJ_FE,17.6,kWh/100mi,,Approved as kWh/100mi unit interpretation; raw number preserved. Legacy comment saying kWh/km was incorrect.,Legacy helper algebra; explicit FuelEconomy KW-HR/100Miles metadata; EPA EV methodology (https://www.epa.gov/greenvehicles/fuel-economy-and-ev-range-testing; https://www.epa.gov/fueleconomy/text-version-electric-vehicle-label; https://nepis.epa.gov/Exe/ZyPURL.cgi?Dockey=P101698T.txt).,ACTIVE_DETERMINISTIC_UNIT_INTERPRETATION,Raw numeric value is never replaced. Stale source/version/key/value mismatches must fail or quarantine.
EPA_TESTCAR_2014_PRESENT,5E8E150CD53494059FF81554632CDDB4A74B857E5E7F24566BE8EC92FDA1F507,EPA-TESTCAR-ROW-10076,EPA-LEGACY-ROW-6144,RND_ADJ_FE,23.9,kWh/100mi,,Approved as kWh/100mi unit interpretation; raw number preserved. Legacy comment saying kWh/km was incorrect.,Legacy helper algebra; explicit FuelEconomy KW-HR/100Miles metadata; EPA EV methodology (https://www.epa.gov/greenvehicles/fuel-economy-and-ev-range-testing; https://www.epa.gov/fueleconomy/text-version-electric-vehicle-label; https://nepis.epa.gov/Exe/ZyPURL.cgi?Dockey=P101698T.txt).,ACTIVE_DETERMINISTIC_UNIT_INTERPRETATION,Raw numeric value is never replaced. Stale source/version/key/value mismatches must fail or quarantine.
EPA_TESTCAR_2014_PRESENT,5E8E150CD53494059FF81554632CDDB4A74B857E5E7F24566BE8EC92FDA1F507,EPA-TESTCAR-ROW-10077,EPA-LEGACY-ROW-6145,RND_ADJ_FE,20.2,kWh/100mi,,Approved as kWh/100mi unit interpretation; raw number preserved. Legacy comment saying kWh/km was incorrect.,Legacy helper algebra; explicit FuelEconomy KW-HR/100Miles metadata; EPA EV methodology (https://www.epa.gov/greenvehicles/fuel-economy-and-ev-range-testing; https://www.epa.gov/fueleconomy/text-version-electric-vehicle-label; https://nepis.epa.gov/Exe/ZyPURL.cgi?Dockey=P101698T.txt).,ACTIVE_DETERMINISTIC_UNIT_INTERPRETATION,Raw numeric value is never replaced. Stale source/version/key/value mismatches must fail or quarantine.
EPA_TESTCAR_2014_PRESENT,5E8E150CD53494059FF81554632CDDB4A74B857E5E7F24566BE8EC92FDA1F507,EPA-TESTCAR-ROW-10078,EPA-LEGACY-ROW-6146,RND_ADJ_FE,25.6,kWh/100mi,,Approved as kWh/100mi unit interpretation; raw number preserved. Legacy comment saying kWh/km was incorrect.,Legacy helper algebra; explicit FuelEconomy KW-HR/100Miles metadata; EPA EV methodology (https://www.epa.gov/greenvehicles/fuel-economy-and-ev-range-testing; https://www.epa.gov/fueleconomy/text-version-electric-vehicle-label; https://nepis.epa.gov/Exe/ZyPURL.cgi?Dockey=P101698T.txt).,ACTIVE_DETERMINISTIC_UNIT_INTERPRETATION,Raw numeric value is never replaced. Stale source/version/key/value mismatches must fail or quarantine.
EPA_TESTCAR_2014_PRESENT,5E8E150CD53494059FF81554632CDDB4A74B857E5E7F24566BE8EC92FDA1F507,EPA-TESTCAR-ROW-10079,EPA-LEGACY-ROW-6147,RND_ADJ_FE,32.4,kWh/100mi,,Approved as kWh/100mi unit interpretation; raw number preserved. Legacy comment saying kWh/km was incorrect.,Legacy helper algebra; explicit FuelEconomy KW-HR/100Miles metadata; EPA EV methodology (https://www.epa.gov/greenvehicles/fuel-economy-and-ev-range-testing; https://www.epa.gov/fueleconomy/text-version-electric-vehicle-label; https://nepis.epa.gov/Exe/ZyPURL.cgi?Dockey=P101698T.txt).,ACTIVE_DETERMINISTIC_UNIT_INTERPRETATION,Raw numeric value is never replaced. Stale source/version/key/value mismatches must fail or quarantine.
EPA_TESTCAR_2014_PRESENT,5E8E150CD53494059FF81554632CDDB4A74B857E5E7F24566BE8EC92FDA1F507,EPA-TESTCAR-ROW-10080,EPA-LEGACY-ROW-6148,RND_ADJ_FE,34.4,kWh/100mi,,Approved as kWh/100mi unit interpretation; raw number preserved. Legacy comment saying kWh/km was incorrect.,Legacy helper algebra; explicit FuelEconomy KW-HR/100Miles metadata; EPA EV methodology (https://www.epa.gov/greenvehicles/fuel-economy-and-ev-range-testing; https://www.epa.gov/fueleconomy/text-version-electric-vehicle-label; https://nepis.epa.gov/Exe/ZyPURL.cgi?Dockey=P101698T.txt).,ACTIVE_DETERMINISTIC_UNIT_INTERPRETATION,Raw numeric value is never replaced. Stale source/version/key/value mismatches must fail or quarantine.
EPA_TESTCAR_2014_PRESENT,5E8E150CD53494059FF81554632CDDB4A74B857E5E7F24566BE8EC92FDA1F507,EPA-TESTCAR-ROW-10081,EPA-LEGACY-ROW-6149,RND_ADJ_FE,17.7,kWh/100mi,,Approved as kWh/100mi unit interpretation; raw number preserved. Legacy comment saying kWh/km was incorrect.,Legacy helper algebra; explicit FuelEconomy KW-HR/100Miles metadata; EPA EV methodology (https://www.epa.gov/greenvehicles/fuel-economy-and-ev-range-testing; https://www.epa.gov/fueleconomy/text-version-electric-vehicle-label; https://nepis.epa.gov/Exe/ZyPURL.cgi?Dockey=P101698T.txt).,ACTIVE_DETERMINISTIC_UNIT_INTERPRETATION,Raw numeric value is never replaced. Stale source/version/key/value mismatches must fail or quarantine.
EPA_TESTCAR_2014_PRESENT,5E8E150CD53494059FF81554632CDDB4A74B857E5E7F24566BE8EC92FDA1F507,EPA-TESTCAR-ROW-10082,EPA-LEGACY-ROW-6150,RND_ADJ_FE,20.7,kWh/100mi,,Approved as kWh/100mi unit interpretation; raw number preserved. Legacy comment saying kWh/km was incorrect.,Legacy helper algebra; explicit FuelEconomy KW-HR/100Miles metadata; EPA EV methodology (https://www.epa.gov/greenvehicles/fuel-economy-and-ev-range-testing; https://www.epa.gov/fueleconomy/text-version-electric-vehicle-label; https://nepis.epa.gov/Exe/ZyPURL.cgi?Dockey=P101698T.txt).,ACTIVE_DETERMINISTIC_UNIT_INTERPRETATION,Raw numeric value is never replaced. Stale source/version/key/value mismatches must fail or quarantine.
EPA_TESTCAR_2014_PRESENT,5E8E150CD53494059FF81554632CDDB4A74B857E5E7F24566BE8EC92FDA1F507,EPA-TESTCAR-ROW-10083,EPA-LEGACY-ROW-6151,RND_ADJ_FE,21.1,kWh/100mi,,Approved as kWh/100mi unit interpretation; raw number preserved. Legacy comment saying kWh/km was incorrect.,Legacy helper algebra; explicit FuelEconomy KW-HR/100Miles metadata; EPA EV methodology (https://www.epa.gov/greenvehicles/fuel-economy-and-ev-range-testing; https://www.epa.gov/fueleconomy/text-version-electric-vehicle-label; https://nepis.epa.gov/Exe/ZyPURL.cgi?Dockey=P101698T.txt).,ACTIVE_DETERMINISTIC_UNIT_INTERPRETATION,Raw numeric value is never replaced. Stale source/version/key/value mismatches must fail or quarantine.
EPA_TESTCAR_2014_PRESENT,5E8E150CD53494059FF81554632CDDB4A74B857E5E7F24566BE8EC92FDA1F507,EPA-TESTCAR-ROW-10084,EPA-LEGACY-ROW-6152,RND_ADJ_FE,24.9,kWh/100mi,,Approved as kWh/100mi unit interpretation; raw number preserved. Legacy comment saying kWh/km was incorrect.,Legacy helper algebra; explicit FuelEconomy KW-HR/100Miles metadata; EPA EV methodology (https://www.epa.gov/greenvehicles/fuel-economy-and-ev-range-testing; https://www.epa.gov/fueleconomy/text-version-electric-vehicle-label; https://nepis.epa.gov/Exe/ZyPURL.cgi?Dockey=P101698T.txt).,ACTIVE_DETERMINISTIC_UNIT_INTERPRETATION,Raw numeric value is never replaced. Stale source/version/key/value mismatches must fail or quarantine.
EPA_TESTCAR_2014_PRESENT,5E8E150CD53494059FF81554632CDDB4A74B857E5E7F24566BE8EC92FDA1F507,EPA-TESTCAR-ROW-10085,EPA-LEGACY-ROW-6153,RND_ADJ_FE,5,kWh/100mi,,Approved as kWh/100mi unit interpretation; raw number preserved. Legacy comment saying kWh/km was incorrect.,Legacy helper algebra; explicit FuelEconomy KW-HR/100Miles metadata; EPA EV methodology (https://www.epa.gov/greenvehicles/fuel-economy-and-ev-range-testing; https://www.epa.gov/fueleconomy/text-version-electric-vehicle-label; https://nepis.epa.gov/Exe/ZyPURL.cgi?Dockey=P101698T.txt).,ACTIVE_DETERMINISTIC_UNIT_INTERPRETATION,Raw numeric value is never replaced. Stale source/version/key/value mismatches must fail or quarantine.
EPA_TESTCAR_2014_PRESENT,5E8E150CD53494059FF81554632CDDB4A74B857E5E7F24566BE8EC92FDA1F507,EPA-TESTCAR-ROW-10089,EPA-LEGACY-ROW-6157,RND_ADJ_FE,15.8,kWh/100mi,,Approved as kWh/100mi unit interpretation; raw number preserved. Legacy comment saying kWh/km was incorrect.,Legacy helper algebra; explicit FuelEconomy KW-HR/100Miles metadata; EPA EV methodology (https://www.epa.gov/greenvehicles/fuel-economy-and-ev-range-testing; https://www.epa.gov/fueleconomy/text-version-electric-vehicle-label; https://nepis.epa.gov/Exe/ZyPURL.cgi?Dockey=P101698T.txt).,ACTIVE_DETERMINISTIC_UNIT_INTERPRETATION,Raw numeric value is never replaced. Stale source/version/key/value mismatches must fail or quarantine.
EPA_TESTCAR_2014_PRESENT,5E8E150CD53494059FF81554632CDDB4A74B857E5E7F24566BE8EC92FDA1F507,EPA-TESTCAR-ROW-10090,EPA-LEGACY-ROW-6158,RND_ADJ_FE,18.9,kWh/100mi,,Approved as kWh/100mi unit interpretation; raw number preserved. Legacy comment saying kWh/km was incorrect.,Legacy helper algebra; explicit FuelEconomy KW-HR/100Miles metadata; EPA EV methodology (https://www.epa.gov/greenvehicles/fuel-economy-and-ev-range-testing; https://www.epa.gov/fueleconomy/text-version-electric-vehicle-label; https://nepis.epa.gov/Exe/ZyPURL.cgi?Dockey=P101698T.txt).,ACTIVE_DETERMINISTIC_UNIT_INTERPRETATION,Raw numeric value is never replaced. Stale source/version/key/value mismatches must fail or quarantine.
EPA_TESTCAR_2014_PRESENT,5E8E150CD53494059FF81554632CDDB4A74B857E5E7F24566BE8EC92FDA1F507,EPA-TESTCAR-ROW-10091,EPA-LEGACY-ROW-6159,RND_ADJ_FE,18.9,kWh/100mi,,Approved as kWh/100mi unit interpretation; raw number preserved. Legacy comment saying kWh/km was incorrect.,Legacy helper algebra; explicit FuelEconomy KW-HR/100Miles metadata; EPA EV methodology (https://www.epa.gov/greenvehicles/fuel-economy-and-ev-range-testing; https://www.epa.gov/fueleconomy/text-version-electric-vehicle-label; https://nepis.epa.gov/Exe/ZyPURL.cgi?Dockey=P101698T.txt).,ACTIVE_DETERMINISTIC_UNIT_INTERPRETATION,Raw numeric value is never replaced. Stale source/version/key/value mismatches must fail or quarantine.
EPA_TESTCAR_2014_PRESENT,5E8E150CD53494059FF81554632CDDB4A74B857E5E7F24566BE8EC92FDA1F507,EPA-TESTCAR-ROW-10092,EPA-LEGACY-ROW-6160,RND_ADJ_FE,23.3,kWh/100mi,,Approved as kWh/100mi unit interpretation; raw number preserved. Legacy comment saying kWh/km was incorrect.,Legacy helper algebra; explicit FuelEconomy KW-HR/100Miles metadata; EPA EV methodology (https://www.epa.gov/greenvehicles/fuel-economy-and-ev-range-testing; https://www.epa.gov/fueleconomy/text-version-electric-vehicle-label; https://nepis.epa.gov/Exe/ZyPURL.cgi?Dockey=P101698T.txt).,ACTIVE_DETERMINISTIC_UNIT_INTERPRETATION,Raw numeric value is never replaced. Stale source/version/key/value mismatches must fail or quarantine.
EPA_TESTCAR_2014_PRESENT,5E8E150CD53494059FF81554632CDDB4A74B857E5E7F24566BE8EC92FDA1F507,EPA-TESTCAR-ROW-10096,EPA-LEGACY-ROW-6164,RND_ADJ_FE,4.5,kWh/100mi,,Approved as kWh/100mi unit interpretation; raw number preserved. Legacy comment saying kWh/km was incorrect.,Legacy helper algebra; explicit FuelEconomy KW-HR/100Miles metadata; EPA EV methodology (https://www.epa.gov/greenvehicles/fuel-economy-and-ev-range-testing; https://www.epa.gov/fueleconomy/text-version-electric-vehicle-label; https://nepis.epa.gov/Exe/ZyPURL.cgi?Dockey=P101698T.txt).,ACTIVE_DETERMINISTIC_UNIT_INTERPRETATION,Raw numeric value is never replaced. Stale source/version/key/value mismatches must fail or quarantine.
EPA_TESTCAR_2014_PRESENT,5E8E150CD53494059FF81554632CDDB4A74B857E5E7F24566BE8EC92FDA1F507,EPA-TESTCAR-ROW-10097,EPA-LEGACY-ROW-6165,RND_ADJ_FE,15.2,kWh/100mi,,Approved as kWh/100mi unit interpretation; raw number preserved. Legacy comment saying kWh/km was incorrect.,Legacy helper algebra; explicit FuelEconomy KW-HR/100Miles metadata; EPA EV methodology (https://www.epa.gov/greenvehicles/fuel-economy-and-ev-range-testing; https://www.epa.gov/fueleconomy/text-version-electric-vehicle-label; https://nepis.epa.gov/Exe/ZyPURL.cgi?Dockey=P101698T.txt).,ACTIVE_DETERMINISTIC_UNIT_INTERPRETATION,Raw numeric value is never replaced. Stale source/version/key/value mismatches must fail or quarantine.
EPA_TESTCAR_2014_PRESENT,5E8E150CD53494059FF81554632CDDB4A74B857E5E7F24566BE8EC92FDA1F507,EPA-TESTCAR-ROW-10098,EPA-LEGACY-ROW-6166,RND_ADJ_FE,19.1,kWh/100mi,,Approved as kWh/100mi unit interpretation; raw number preserved. Legacy comment saying kWh/km was incorrect.,Legacy helper algebra; explicit FuelEconomy KW-HR/100Miles metadata; EPA EV methodology (https://www.epa.gov/greenvehicles/fuel-economy-and-ev-range-testing; https://www.epa.gov/fueleconomy/text-version-electric-vehicle-label; https://nepis.epa.gov/Exe/ZyPURL.cgi?Dockey=P101698T.txt).,ACTIVE_DETERMINISTIC_UNIT_INTERPRETATION,Raw numeric value is never replaced. Stale source/version/key/value mismatches must fail or quarantine.
EPA_TESTCAR_2014_PRESENT,5E8E150CD53494059FF81554632CDDB4A74B857E5E7F24566BE8EC92FDA1F507,EPA-TESTCAR-ROW-10126,EPA-LEGACY-ROW-6194,RND_ADJ_FE,18.3,kWh/100mi,,Approved as kWh/100mi unit interpretation; raw number preserved. Legacy comment saying kWh/km was incorrect.,Legacy helper algebra; explicit FuelEconomy KW-HR/100Miles metadata; EPA EV methodology (https://www.epa.gov/greenvehicles/fuel-economy-and-ev-range-testing; https://www.epa.gov/fueleconomy/text-version-electric-vehicle-label; https://nepis.epa.gov/Exe/ZyPURL.cgi?Dockey=P101698T.txt).,ACTIVE_DETERMINISTIC_UNIT_INTERPRETATION,Raw numeric value is never replaced. Stale source/version/key/value mismatches must fail or quarantine.
EPA_TESTCAR_2014_PRESENT,5E8E150CD53494059FF81554632CDDB4A74B857E5E7F24566BE8EC92FDA1F507,EPA-TESTCAR-ROW-10127,EPA-LEGACY-ROW-6195,RND_ADJ_FE,22.8,kWh/100mi,,Approved as kWh/100mi unit interpretation; raw number preserved. Legacy comment saying kWh/km was incorrect.,Legacy helper algebra; explicit FuelEconomy KW-HR/100Miles metadata; EPA EV methodology (https://www.epa.gov/greenvehicles/fuel-economy-and-ev-range-testing; https://www.epa.gov/fueleconomy/text-version-electric-vehicle-label; https://nepis.epa.gov/Exe/ZyPURL.cgi?Dockey=P101698T.txt).,ACTIVE_DETERMINISTIC_UNIT_INTERPRETATION,Raw numeric value is never replaced. Stale source/version/key/value mismatches must fail or quarantine.
EPA_TESTCAR_2014_PRESENT,5E8E150CD53494059FF81554632CDDB4A74B857E5E7F24566BE8EC92FDA1F507,EPA-TESTCAR-ROW-10128,EPA-LEGACY-ROW-6196,RND_ADJ_FE,18,kWh/100mi,,Approved as kWh/100mi unit interpretation; raw number preserved. Legacy comment saying kWh/km was incorrect.,Legacy helper algebra; explicit FuelEconomy KW-HR/100Miles metadata; EPA EV methodology (https://www.epa.gov/greenvehicles/fuel-economy-and-ev-range-testing; https://www.epa.gov/fueleconomy/text-version-electric-vehicle-label; https://nepis.epa.gov/Exe/ZyPURL.cgi?Dockey=P101698T.txt).,ACTIVE_DETERMINISTIC_UNIT_INTERPRETATION,Raw numeric value is never replaced. Stale source/version/key/value mismatches must fail or quarantine.
EPA_TESTCAR_2014_PRESENT,5E8E150CD53494059FF81554632CDDB4A74B857E5E7F24566BE8EC92FDA1F507,EPA-TESTCAR-ROW-10129,EPA-LEGACY-ROW-6197,RND_ADJ_FE,22.4,kWh/100mi,,Approved as kWh/100mi unit interpretation; raw number preserved. Legacy comment saying kWh/km was incorrect.,Legacy helper algebra; explicit FuelEconomy KW-HR/100Miles metadata; EPA EV methodology (https://www.epa.gov/greenvehicles/fuel-economy-and-ev-range-testing; https://www.epa.gov/fueleconomy/text-version-electric-vehicle-label; https://nepis.epa.gov/Exe/ZyPURL.cgi?Dockey=P101698T.txt).,ACTIVE_DETERMINISTIC_UNIT_INTERPRETATION,Raw numeric value is never replaced. Stale source/version/key/value mismatches must fail or quarantine.
EPA_TESTCAR_2014_PRESENT,5E8E150CD53494059FF81554632CDDB4A74B857E5E7F24566BE8EC92FDA1F507,EPA-TESTCAR-ROW-10389,EPA-LEGACY-ROW-6457,RND_ADJ_FE,29.2,kWh/100mi,,Approved as kWh/100mi unit interpretation; raw number preserved. Legacy comment saying kWh/km was incorrect.,Legacy helper algebra; explicit FuelEconomy KW-HR/100Miles metadata; EPA EV methodology (https://www.epa.gov/greenvehicles/fuel-economy-and-ev-range-testing; https://www.epa.gov/fueleconomy/text-version-electric-vehicle-label; https://nepis.epa.gov/Exe/ZyPURL.cgi?Dockey=P101698T.txt).,ACTIVE_DETERMINISTIC_UNIT_INTERPRETATION,Raw numeric value is never replaced. Stale source/version/key/value mismatches must fail or quarantine.
EPA_TESTCAR_2014_PRESENT,5E8E150CD53494059FF81554632CDDB4A74B857E5E7F24566BE8EC92FDA1F507,EPA-TESTCAR-ROW-10390,EPA-LEGACY-ROW-6458,RND_ADJ_FE,25.6,kWh/100mi,,Approved as kWh/100mi unit interpretation; raw number preserved. Legacy comment saying kWh/km was incorrect.,Legacy helper algebra; explicit FuelEconomy KW-HR/100Miles metadata; EPA EV methodology (https://www.epa.gov/greenvehicles/fuel-economy-and-ev-range-testing; https://www.epa.gov/fueleconomy/text-version-electric-vehicle-label; https://nepis.epa.gov/Exe/ZyPURL.cgi?Dockey=P101698T.txt).,ACTIVE_DETERMINISTIC_UNIT_INTERPRETATION,Raw numeric value is never replaced. Stale source/version/key/value mismatches must fail or quarantine.
EPA_TESTCAR_2014_PRESENT,5E8E150CD53494059FF81554632CDDB4A74B857E5E7F24566BE8EC92FDA1F507,EPA-TESTCAR-ROW-10391,EPA-LEGACY-ROW-6459,RND_ADJ_FE,19.7,kWh/100mi,,Approved as kWh/100mi unit interpretation; raw number preserved. Legacy comment saying kWh/km was incorrect.,Legacy helper algebra; explicit FuelEconomy KW-HR/100Miles metadata; EPA EV methodology (https://www.epa.gov/greenvehicles/fuel-economy-and-ev-range-testing; https://www.epa.gov/fueleconomy/text-version-electric-vehicle-label; https://nepis.epa.gov/Exe/ZyPURL.cgi?Dockey=P101698T.txt).,ACTIVE_DETERMINISTIC_UNIT_INTERPRETATION,Raw numeric value is never replaced. Stale source/version/key/value mismatches must fail or quarantine.
EPA_TESTCAR_2014_PRESENT,5E8E150CD53494059FF81554632CDDB4A74B857E5E7F24566BE8EC92FDA1F507,EPA-TESTCAR-ROW-10392,EPA-LEGACY-ROW-6460,RND_ADJ_FE,24.2,kWh/100mi,,Approved as kWh/100mi unit interpretation; raw number preserved. Legacy comment saying kWh/km was incorrect.,Legacy helper algebra; explicit FuelEconomy KW-HR/100Miles metadata; EPA EV methodology (https://www.epa.gov/greenvehicles/fuel-economy-and-ev-range-testing; https://www.epa.gov/fueleconomy/text-version-electric-vehicle-label; https://nepis.epa.gov/Exe/ZyPURL.cgi?Dockey=P101698T.txt).,ACTIVE_DETERMINISTIC_UNIT_INTERPRETATION,Raw numeric value is never replaced. Stale source/version/key/value mismatches must fail or quarantine.
EPA_TESTCAR_2014_PRESENT,5E8E150CD53494059FF81554632CDDB4A74B857E5E7F24566BE8EC92FDA1F507,EPA-TESTCAR-ROW-10393,EPA-LEGACY-ROW-6461,RND_ADJ_FE,21.8,kWh/100mi,,Approved as kWh/100mi unit interpretation; raw number preserved. Legacy comment saying kWh/km was incorrect.,Legacy helper algebra; explicit FuelEconomy KW-HR/100Miles metadata; EPA EV methodology (https://www.epa.gov/greenvehicles/fuel-economy-and-ev-range-testing; https://www.epa.gov/fueleconomy/text-version-electric-vehicle-label; https://nepis.epa.gov/Exe/ZyPURL.cgi?Dockey=P101698T.txt).,ACTIVE_DETERMINISTIC_UNIT_INTERPRETATION,Raw numeric value is never replaced. Stale source/version/key/value mismatches must fail or quarantine.
EPA_TESTCAR_2014_PRESENT,5E8E150CD53494059FF81554632CDDB4A74B857E5E7F24566BE8EC92FDA1F507,EPA-TESTCAR-ROW-10394,EPA-LEGACY-ROW-6462,RND_ADJ_FE,26.7,kWh/100mi,,Approved as kWh/100mi unit interpretation; raw number preserved. Legacy comment saying kWh/km was incorrect.,Legacy helper algebra; explicit FuelEconomy KW-HR/100Miles metadata; EPA EV methodology (https://www.epa.gov/greenvehicles/fuel-economy-and-ev-range-testing; https://www.epa.gov/fueleconomy/text-version-electric-vehicle-label; https://nepis.epa.gov/Exe/ZyPURL.cgi?Dockey=P101698T.txt).,ACTIVE_DETERMINISTIC_UNIT_INTERPRETATION,Raw numeric value is never replaced. Stale source/version/key/value mismatches must fail or quarantine.
EPA_TESTCAR_2014_PRESENT,5E8E150CD53494059FF81554632CDDB4A74B857E5E7F24566BE8EC92FDA1F507,EPA-TESTCAR-ROW-10395,EPA-LEGACY-ROW-6463,RND_ADJ_FE,17.1,kWh/100mi,,Approved as kWh/100mi unit interpretation; raw number preserved. Legacy comment saying kWh/km was incorrect.,Legacy helper algebra; explicit FuelEconomy KW-HR/100Miles metadata; EPA EV methodology (https://www.epa.gov/greenvehicles/fuel-economy-and-ev-range-testing; https://www.epa.gov/fueleconomy/text-version-electric-vehicle-label; https://nepis.epa.gov/Exe/ZyPURL.cgi?Dockey=P101698T.txt).,ACTIVE_DETERMINISTIC_UNIT_INTERPRETATION,Raw numeric value is never replaced. Stale source/version/key/value mismatches must fail or quarantine.
EPA_TESTCAR_2014_PRESENT,5E8E150CD53494059FF81554632CDDB4A74B857E5E7F24566BE8EC92FDA1F507,EPA-TESTCAR-ROW-10396,EPA-LEGACY-ROW-6464,RND_ADJ_FE,22.7,kWh/100mi,,Approved as kWh/100mi unit interpretation; raw number preserved. Legacy comment saying kWh/km was incorrect.,Legacy helper algebra; explicit FuelEconomy KW-HR/100Miles metadata; EPA EV methodology (https://www.epa.gov/greenvehicles/fuel-economy-and-ev-range-testing; https://www.epa.gov/fueleconomy/text-version-electric-vehicle-label; https://nepis.epa.gov/Exe/ZyPURL.cgi?Dockey=P101698T.txt).,ACTIVE_DETERMINISTIC_UNIT_INTERPRETATION,Raw numeric value is never replaced. Stale source/version/key/value mismatches must fail or quarantine.
EPA_TESTCAR_2014_PRESENT,5E8E150CD53494059FF81554632CDDB4A74B857E5E7F24566BE8EC92FDA1F507,EPA-TESTCAR-ROW-10397,EPA-LEGACY-ROW-6465,RND_ADJ_FE,17.1,kWh/100mi,,Approved as kWh/100mi unit interpretation; raw number preserved. Legacy comment saying kWh/km was incorrect.,Legacy helper algebra; explicit FuelEconomy KW-HR/100Miles metadata; EPA EV methodology (https://www.epa.gov/greenvehicles/fuel-economy-and-ev-range-testing; https://www.epa.gov/fueleconomy/text-version-electric-vehicle-label; https://nepis.epa.gov/Exe/ZyPURL.cgi?Dockey=P101698T.txt).,ACTIVE_DETERMINISTIC_UNIT_INTERPRETATION,Raw numeric value is never replaced. Stale source/version/key/value mismatches must fail or quarantine.
EPA_TESTCAR_2014_PRESENT,5E8E150CD53494059FF81554632CDDB4A74B857E5E7F24566BE8EC92FDA1F507,EPA-TESTCAR-ROW-10398,EPA-LEGACY-ROW-6466,RND_ADJ_FE,23.2,kWh/100mi,,Approved as kWh/100mi unit interpretation; raw number preserved. Legacy comment saying kWh/km was incorrect.,Legacy helper algebra; explicit FuelEconomy KW-HR/100Miles metadata; EPA EV methodology (https://www.epa.gov/greenvehicles/fuel-economy-and-ev-range-testing; https://www.epa.gov/fueleconomy/text-version-electric-vehicle-label; https://nepis.epa.gov/Exe/ZyPURL.cgi?Dockey=P101698T.txt).,ACTIVE_DETERMINISTIC_UNIT_INTERPRETATION,Raw numeric value is never replaced. Stale source/version/key/value mismatches must fail or quarantine.
EPA_TESTCAR_2014_PRESENT,5E8E150CD53494059FF81554632CDDB4A74B857E5E7F24566BE8EC92FDA1F507,EPA-TESTCAR-ROW-10399,EPA-LEGACY-ROW-6467,RND_ADJ_FE,30,kWh/100mi,,Approved as kWh/100mi unit interpretation; raw number preserved. Legacy comment saying kWh/km was incorrect.,Legacy helper algebra; explicit FuelEconomy KW-HR/100Miles metadata; EPA EV methodology (https://www.epa.gov/greenvehicles/fuel-economy-and-ev-range-testing; https://www.epa.gov/fueleconomy/text-version-electric-vehicle-label; https://nepis.epa.gov/Exe/ZyPURL.cgi?Dockey=P101698T.txt).,ACTIVE_DETERMINISTIC_UNIT_INTERPRETATION,Raw numeric value is never replaced. Stale source/version/key/value mismatches must fail or quarantine.
EPA_TESTCAR_2014_PRESENT,5E8E150CD53494059FF81554632CDDB4A74B857E5E7F24566BE8EC92FDA1F507,EPA-TESTCAR-ROW-10400,EPA-LEGACY-ROW-6468,RND_ADJ_FE,24.8,kWh/100mi,,Approved as kWh/100mi unit interpretation; raw number preserved. Legacy comment saying kWh/km was incorrect.,Legacy helper algebra; explicit FuelEconomy KW-HR/100Miles metadata; EPA EV methodology (https://www.epa.gov/greenvehicles/fuel-economy-and-ev-range-testing; https://www.epa.gov/fueleconomy/text-version-electric-vehicle-label; https://nepis.epa.gov/Exe/ZyPURL.cgi?Dockey=P101698T.txt).,ACTIVE_DETERMINISTIC_UNIT_INTERPRETATION,Raw numeric value is never replaced. Stale source/version/key/value mismatches must fail or quarantine.
EPA_TESTCAR_2014_PRESENT,5E8E150CD53494059FF81554632CDDB4A74B857E5E7F24566BE8EC92FDA1F507,EPA-TESTCAR-ROW-10401,EPA-LEGACY-ROW-6469,RND_ADJ_FE,25.1,kWh/100mi,,Approved as kWh/100mi unit interpretation; raw number preserved. Legacy comment saying kWh/km was incorrect.,Legacy helper algebra; explicit FuelEconomy KW-HR/100Miles metadata; EPA EV methodology (https://www.epa.gov/greenvehicles/fuel-economy-and-ev-range-testing; https://www.epa.gov/fueleconomy/text-version-electric-vehicle-label; https://nepis.epa.gov/Exe/ZyPURL.cgi?Dockey=P101698T.txt).,ACTIVE_DETERMINISTIC_UNIT_INTERPRETATION,Raw numeric value is never replaced. Stale source/version/key/value mismatches must fail or quarantine.
EPA_TESTCAR_2014_PRESENT,5E8E150CD53494059FF81554632CDDB4A74B857E5E7F24566BE8EC92FDA1F507,EPA-TESTCAR-ROW-10402,EPA-LEGACY-ROW-6470,RND_ADJ_FE,30.8,kWh/100mi,,Approved as kWh/100mi unit interpretation; raw number preserved. Legacy comment saying kWh/km was incorrect.,Legacy helper algebra; explicit FuelEconomy KW-HR/100Miles metadata; EPA EV methodology (https://www.epa.gov/greenvehicles/fuel-economy-and-ev-range-testing; https://www.epa.gov/fueleconomy/text-version-electric-vehicle-label; https://nepis.epa.gov/Exe/ZyPURL.cgi?Dockey=P101698T.txt).,ACTIVE_DETERMINISTIC_UNIT_INTERPRETATION,Raw numeric value is never replaced. Stale source/version/key/value mismatches must fail or quarantine.
EPA_TESTCAR_2014_PRESENT,5E8E150CD53494059FF81554632CDDB4A74B857E5E7F24566BE8EC92FDA1F507,EPA-TESTCAR-ROW-10403,EPA-LEGACY-ROW-6471,RND_ADJ_FE,31.2,kWh/100mi,,Approved as kWh/100mi unit interpretation; raw number preserved. Legacy comment saying kWh/km was incorrect.,Legacy helper algebra; explicit FuelEconomy KW-HR/100Miles metadata; EPA EV methodology (https://www.epa.gov/greenvehicles/fuel-economy-and-ev-range-testing; https://www.epa.gov/fueleconomy/text-version-electric-vehicle-label; https://nepis.epa.gov/Exe/ZyPURL.cgi?Dockey=P101698T.txt).,ACTIVE_DETERMINISTIC_UNIT_INTERPRETATION,Raw numeric value is never replaced. Stale source/version/key/value mismatches must fail or quarantine.
EPA_TESTCAR_2014_PRESENT,5E8E150CD53494059FF81554632CDDB4A74B857E5E7F24566BE8EC92FDA1F507,EPA-TESTCAR-ROW-10404,EPA-LEGACY-ROW-6472,RND_ADJ_FE,25.7,kWh/100mi,,Approved as kWh/100mi unit interpretation; raw number preserved. Legacy comment saying kWh/km was incorrect.,Legacy helper algebra; explicit FuelEconomy KW-HR/100Miles metadata; EPA EV methodology (https://www.epa.gov/greenvehicles/fuel-economy-and-ev-range-testing; https://www.epa.gov/fueleconomy/text-version-electric-vehicle-label; https://nepis.epa.gov/Exe/ZyPURL.cgi?Dockey=P101698T.txt).,ACTIVE_DETERMINISTIC_UNIT_INTERPRETATION,Raw numeric value is never replaced. Stale source/version/key/value mismatches must fail or quarantine.
EPA_TESTCAR_2014_PRESENT,5E8E150CD53494059FF81554632CDDB4A74B857E5E7F24566BE8EC92FDA1F507,EPA-TESTCAR-ROW-10405,EPA-LEGACY-ROW-6473,RND_ADJ_FE,22.7,kWh/100mi,,Approved as kWh/100mi unit interpretation; raw number preserved. Legacy comment saying kWh/km was incorrect.,Legacy helper algebra; explicit FuelEconomy KW-HR/100Miles metadata; EPA EV methodology (https://www.epa.gov/greenvehicles/fuel-economy-and-ev-range-testing; https://www.epa.gov/fueleconomy/text-version-electric-vehicle-label; https://nepis.epa.gov/Exe/ZyPURL.cgi?Dockey=P101698T.txt).,ACTIVE_DETERMINISTIC_UNIT_INTERPRETATION,Raw numeric value is never replaced. Stale source/version/key/value mismatches must fail or quarantine.
EPA_TESTCAR_2014_PRESENT,5E8E150CD53494059FF81554632CDDB4A74B857E5E7F24566BE8EC92FDA1F507,EPA-TESTCAR-ROW-10406,EPA-LEGACY-ROW-6474,RND_ADJ_FE,29,kWh/100mi,,Approved as kWh/100mi unit interpretation; raw number preserved. Legacy comment saying kWh/km was incorrect.,Legacy helper algebra; explicit FuelEconomy KW-HR/100Miles metadata; EPA EV methodology (https://www.epa.gov/greenvehicles/fuel-economy-and-ev-range-testing; https://www.epa.gov/fueleconomy/text-version-electric-vehicle-label; https://nepis.epa.gov/Exe/ZyPURL.cgi?Dockey=P101698T.txt).,ACTIVE_DETERMINISTIC_UNIT_INTERPRETATION,Raw numeric value is never replaced. Stale source/version/key/value mismatches must fail or quarantine.
EPA_TESTCAR_2014_PRESENT,5E8E150CD53494059FF81554632CDDB4A74B857E5E7F24566BE8EC92FDA1F507,EPA-TESTCAR-ROW-10407,EPA-LEGACY-ROW-6475,RND_ADJ_FE,22.8,kWh/100mi,,Approved as kWh/100mi unit interpretation; raw number preserved. Legacy comment saying kWh/km was incorrect.,Legacy helper algebra; explicit FuelEconomy KW-HR/100Miles metadata; EPA EV methodology (https://www.epa.gov/greenvehicles/fuel-economy-and-ev-range-testing; https://www.epa.gov/fueleconomy/text-version-electric-vehicle-label; https://nepis.epa.gov/Exe/ZyPURL.cgi?Dockey=P101698T.txt).,ACTIVE_DETERMINISTIC_UNIT_INTERPRETATION,Raw numeric value is never replaced. Stale source/version/key/value mismatches must fail or quarantine.
EPA_TESTCAR_2014_PRESENT,5E8E150CD53494059FF81554632CDDB4A74B857E5E7F24566BE8EC92FDA1F507,EPA-TESTCAR-ROW-10408,EPA-LEGACY-ROW-6476,RND_ADJ_FE,29.3,kWh/100mi,,Approved as kWh/100mi unit interpretation; raw number preserved. Legacy comment saying kWh/km was incorrect.,Legacy helper algebra; explicit FuelEconomy KW-HR/100Miles metadata; EPA EV methodology (https://www.epa.gov/greenvehicles/fuel-economy-and-ev-range-testing; https://www.epa.gov/fueleconomy/text-version-electric-vehicle-label; https://nepis.epa.gov/Exe/ZyPURL.cgi?Dockey=P101698T.txt).,ACTIVE_DETERMINISTIC_UNIT_INTERPRETATION,Raw numeric value is never replaced. Stale source/version/key/value mismatches must fail or quarantine.
EPA_TESTCAR_2014_PRESENT,5E8E150CD53494059FF81554632CDDB4A74B857E5E7F24566BE8EC92FDA1F507,EPA-TESTCAR-ROW-10442,EPA-LEGACY-ROW-6510,RND_ADJ_FE,18.4,kWh/100mi,,Approved as kWh/100mi unit interpretation; raw number preserved. Legacy comment saying kWh/km was incorrect.,Legacy helper algebra; explicit FuelEconomy KW-HR/100Miles metadata; EPA EV methodology (https://www.epa.gov/greenvehicles/fuel-economy-and-ev-range-testing; https://www.epa.gov/fueleconomy/text-version-electric-vehicle-label; https://nepis.epa.gov/Exe/ZyPURL.cgi?Dockey=P101698T.txt).,ACTIVE_DETERMINISTIC_UNIT_INTERPRETATION,Raw numeric value is never replaced. Stale source/version/key/value mismatches must fail or quarantine.
EPA_TESTCAR_2014_PRESENT,5E8E150CD53494059FF81554632CDDB4A74B857E5E7F24566BE8EC92FDA1F507,EPA-TESTCAR-ROW-10443,EPA-LEGACY-ROW-6511,RND_ADJ_FE,23,kWh/100mi,,Approved as kWh/100mi unit interpretation; raw number preserved. Legacy comment saying kWh/km was incorrect.,Legacy helper algebra; explicit FuelEconomy KW-HR/100Miles metadata; EPA EV methodology (https://www.epa.gov/greenvehicles/fuel-economy-and-ev-range-testing; https://www.epa.gov/fueleconomy/text-version-electric-vehicle-label; https://nepis.epa.gov/Exe/ZyPURL.cgi?Dockey=P101698T.txt).,ACTIVE_DETERMINISTIC_UNIT_INTERPRETATION,Raw numeric value is never replaced. Stale source/version/key/value mismatches must fail or quarantine.
EPA_TESTCAR_2014_PRESENT,5E8E150CD53494059FF81554632CDDB4A74B857E5E7F24566BE8EC92FDA1F507,EPA-TESTCAR-ROW-10600,EPA-LEGACY-ROW-6668,RND_ADJ_FE,30.7,kWh/100mi,,Approved as kWh/100mi unit interpretation; raw number preserved. Legacy comment saying kWh/km was incorrect.,Legacy helper algebra; explicit FuelEconomy KW-HR/100Miles metadata; EPA EV methodology (https://www.epa.gov/greenvehicles/fuel-economy-and-ev-range-testing; https://www.epa.gov/fueleconomy/text-version-electric-vehicle-label; https://nepis.epa.gov/Exe/ZyPURL.cgi?Dockey=P101698T.txt).,ACTIVE_DETERMINISTIC_UNIT_INTERPRETATION,Raw numeric value is never replaced. Stale source/version/key/value mismatches must fail or quarantine.
EPA_TESTCAR_2014_PRESENT,5E8E150CD53494059FF81554632CDDB4A74B857E5E7F24566BE8EC92FDA1F507,EPA-TESTCAR-ROW-10601,EPA-LEGACY-ROW-6669,RND_ADJ_FE,24.7,kWh/100mi,,Approved as kWh/100mi unit interpretation; raw number preserved. Legacy comment saying kWh/km was incorrect.,Legacy helper algebra; explicit FuelEconomy KW-HR/100Miles metadata; EPA EV methodology (https://www.epa.gov/greenvehicles/fuel-economy-and-ev-range-testing; https://www.epa.gov/fueleconomy/text-version-electric-vehicle-label; https://nepis.epa.gov/Exe/ZyPURL.cgi?Dockey=P101698T.txt).,ACTIVE_DETERMINISTIC_UNIT_INTERPRETATION,Raw numeric value is never replaced. Stale source/version/key/value mismatches must fail or quarantine.
EPA_TESTCAR_2014_PRESENT,5E8E150CD53494059FF81554632CDDB4A74B857E5E7F24566BE8EC92FDA1F507,EPA-TESTCAR-ROW-10602,EPA-LEGACY-ROW-6670,RND_ADJ_FE,25.7,kWh/100mi,,Approved as kWh/100mi unit interpretation; raw number preserved. Legacy comment saying kWh/km was incorrect.,Legacy helper algebra; explicit FuelEconomy KW-HR/100Miles metadata; EPA EV methodology (https://www.epa.gov/greenvehicles/fuel-economy-and-ev-range-testing; https://www.epa.gov/fueleconomy/text-version-electric-vehicle-label; https://nepis.epa.gov/Exe/ZyPURL.cgi?Dockey=P101698T.txt).,ACTIVE_DETERMINISTIC_UNIT_INTERPRETATION,Raw numeric value is never replaced. Stale source/version/key/value mismatches must fail or quarantine.
EPA_TESTCAR_2014_PRESENT,5E8E150CD53494059FF81554632CDDB4A74B857E5E7F24566BE8EC92FDA1F507,EPA-TESTCAR-ROW-10606,EPA-LEGACY-ROW-6674,RND_ADJ_FE,30.1,kWh/100mi,,Approved as kWh/100mi unit interpretation; raw number preserved. Legacy comment saying kWh/km was incorrect.,Legacy helper algebra; explicit FuelEconomy KW-HR/100Miles metadata; EPA EV methodology (https://www.epa.gov/greenvehicles/fuel-economy-and-ev-range-testing; https://www.epa.gov/fueleconomy/text-version-electric-vehicle-label; https://nepis.epa.gov/Exe/ZyPURL.cgi?Dockey=P101698T.txt).,ACTIVE_DETERMINISTIC_UNIT_INTERPRETATION,Raw numeric value is never replaced. Stale source/version/key/value mismatches must fail or quarantine.
EPA_TESTCAR_2014_PRESENT,5E8E150CD53494059FF81554632CDDB4A74B857E5E7F24566BE8EC92FDA1F507,EPA-TESTCAR-ROW-10607,EPA-LEGACY-ROW-6675,RND_ADJ_FE,23.9,kWh/100mi,,Approved as kWh/100mi unit interpretation; raw number preserved. Legacy comment saying kWh/km was incorrect.,Legacy helper algebra; explicit FuelEconomy KW-HR/100Miles metadata; EPA EV methodology (https://www.epa.gov/greenvehicles/fuel-economy-and-ev-range-testing; https://www.epa.gov/fueleconomy/text-version-electric-vehicle-label; https://nepis.epa.gov/Exe/ZyPURL.cgi?Dockey=P101698T.txt).,ACTIVE_DETERMINISTIC_UNIT_INTERPRETATION,Raw numeric value is never replaced. Stale source/version/key/value mismatches must fail or quarantine.
EPA_TESTCAR_2014_PRESENT,5E8E150CD53494059FF81554632CDDB4A74B857E5E7F24566BE8EC92FDA1F507,EPA-TESTCAR-ROW-10608,EPA-LEGACY-ROW-6676,RND_ADJ_FE,25,kWh/100mi,,Approved as kWh/100mi unit interpretation; raw number preserved. Legacy comment saying kWh/km was incorrect.,Legacy helper algebra; explicit FuelEconomy KW-HR/100Miles metadata; EPA EV methodology (https://www.epa.gov/greenvehicles/fuel-economy-and-ev-range-testing; https://www.epa.gov/fueleconomy/text-version-electric-vehicle-label; https://nepis.epa.gov/Exe/ZyPURL.cgi?Dockey=P101698T.txt).,ACTIVE_DETERMINISTIC_UNIT_INTERPRETATION,Raw numeric value is never replaced. Stale source/version/key/value mismatches must fail or quarantine.
EPA_TESTCAR_2014_PRESENT,5E8E150CD53494059FF81554632CDDB4A74B857E5E7F24566BE8EC92FDA1F507,EPA-TESTCAR-ROW-10725,EPA-LEGACY-ROW-6793,RND_ADJ_FE,36.1,kWh/100mi,,Approved as kWh/100mi unit interpretation; raw number preserved. Legacy comment saying kWh/km was incorrect.,Legacy helper algebra; explicit FuelEconomy KW-HR/100Miles metadata; EPA EV methodology (https://www.epa.gov/greenvehicles/fuel-economy-and-ev-range-testing; https://www.epa.gov/fueleconomy/text-version-electric-vehicle-label; https://nepis.epa.gov/Exe/ZyPURL.cgi?Dockey=P101698T.txt).,ACTIVE_DETERMINISTIC_UNIT_INTERPRETATION,Raw numeric value is never replaced. Stale source/version/key/value mismatches must fail or quarantine.
EPA_TESTCAR_2014_PRESENT,5E8E150CD53494059FF81554632CDDB4A74B857E5E7F24566BE8EC92FDA1F507,EPA-TESTCAR-ROW-10797,EPA-LEGACY-ROW-6865,RND_ADJ_FE,26.7,kWh/100mi,,Approved as kWh/100mi unit interpretation; raw number preserved. Legacy comment saying kWh/km was incorrect.,Legacy helper algebra; explicit FuelEconomy KW-HR/100Miles metadata; EPA EV methodology (https://www.epa.gov/greenvehicles/fuel-economy-and-ev-range-testing; https://www.epa.gov/fueleconomy/text-version-electric-vehicle-label; https://nepis.epa.gov/Exe/ZyPURL.cgi?Dockey=P101698T.txt).,ACTIVE_DETERMINISTIC_UNIT_INTERPRETATION,Raw numeric value is never replaced. Stale source/version/key/value mismatches must fail or quarantine.
EPA_TESTCAR_2014_PRESENT,5E8E150CD53494059FF81554632CDDB4A74B857E5E7F24566BE8EC92FDA1F507,EPA-TESTCAR-ROW-10799,EPA-LEGACY-ROW-6867,RND_ADJ_FE,31,kWh/100mi,,Approved as kWh/100mi unit interpretation; raw number preserved. Legacy comment saying kWh/km was incorrect.,Legacy helper algebra; explicit FuelEconomy KW-HR/100Miles metadata; EPA EV methodology (https://www.epa.gov/greenvehicles/fuel-economy-and-ev-range-testing; https://www.epa.gov/fueleconomy/text-version-electric-vehicle-label; https://nepis.epa.gov/Exe/ZyPURL.cgi?Dockey=P101698T.txt).,ACTIVE_DETERMINISTIC_UNIT_INTERPRETATION,Raw numeric value is never replaced. Stale source/version/key/value mismatches must fail or quarantine.
EPA_TESTCAR_2014_PRESENT,5E8E150CD53494059FF81554632CDDB4A74B857E5E7F24566BE8EC92FDA1F507,EPA-TESTCAR-ROW-10801,EPA-LEGACY-ROW-6869,RND_ADJ_FE,30.5,kWh/100mi,,Approved as kWh/100mi unit interpretation; raw number preserved. Legacy comment saying kWh/km was incorrect.,Legacy helper algebra; explicit FuelEconomy KW-HR/100Miles metadata; EPA EV methodology (https://www.epa.gov/greenvehicles/fuel-economy-and-ev-range-testing; https://www.epa.gov/fueleconomy/text-version-electric-vehicle-label; https://nepis.epa.gov/Exe/ZyPURL.cgi?Dockey=P101698T.txt).,ACTIVE_DETERMINISTIC_UNIT_INTERPRETATION,Raw numeric value is never replaced. Stale source/version/key/value mismatches must fail or quarantine.
EPA_TESTCAR_2014_PRESENT,5E8E150CD53494059FF81554632CDDB4A74B857E5E7F24566BE8EC92FDA1F507,EPA-TESTCAR-ROW-10805,EPA-LEGACY-ROW-6873,RND_ADJ_FE,32.2,kWh/100mi,,Approved as kWh/100mi unit interpretation; raw number preserved. Legacy comment saying kWh/km was incorrect.,Legacy helper algebra; explicit FuelEconomy KW-HR/100Miles metadata; EPA EV methodology (https://www.epa.gov/greenvehicles/fuel-economy-and-ev-range-testing; https://www.epa.gov/fueleconomy/text-version-electric-vehicle-label; https://nepis.epa.gov/Exe/ZyPURL.cgi?Dockey=P101698T.txt).,ACTIVE_DETERMINISTIC_UNIT_INTERPRETATION,Raw numeric value is never replaced. Stale source/version/key/value mismatches must fail or quarantine.
EPA_TESTCAR_2014_PRESENT,5E8E150CD53494059FF81554632CDDB4A74B857E5E7F24566BE8EC92FDA1F507,EPA-TESTCAR-ROW-10809,EPA-LEGACY-ROW-6877,RND_ADJ_FE,29.7,kWh/100mi,,Approved as kWh/100mi unit interpretation; raw number preserved. Legacy comment saying kWh/km was incorrect.,Legacy helper algebra; explicit FuelEconomy KW-HR/100Miles metadata; EPA EV methodology (https://www.epa.gov/greenvehicles/fuel-economy-and-ev-range-testing; https://www.epa.gov/fueleconomy/text-version-electric-vehicle-label; https://nepis.epa.gov/Exe/ZyPURL.cgi?Dockey=P101698T.txt).,ACTIVE_DETERMINISTIC_UNIT_INTERPRETATION,Raw numeric value is never replaced. Stale source/version/key/value mismatches must fail or quarantine.
EPA_TESTCAR_2014_PRESENT,5E8E150CD53494059FF81554632CDDB4A74B857E5E7F24566BE8EC92FDA1F507,EPA-TESTCAR-ROW-10814,EPA-LEGACY-ROW-6882,RND_ADJ_FE,32.9,kWh/100mi,,Approved as kWh/100mi unit interpretation; raw number preserved. Legacy comment saying kWh/km was incorrect.,Legacy helper algebra; explicit FuelEconomy KW-HR/100Miles metadata; EPA EV methodology (https://www.epa.gov/greenvehicles/fuel-economy-and-ev-range-testing; https://www.epa.gov/fueleconomy/text-version-electric-vehicle-label; https://nepis.epa.gov/Exe/ZyPURL.cgi?Dockey=P101698T.txt).,ACTIVE_DETERMINISTIC_UNIT_INTERPRETATION,Raw numeric value is never replaced. Stale source/version/key/value mismatches must fail or quarantine.
EPA_TESTCAR_2014_PRESENT,5E8E150CD53494059FF81554632CDDB4A74B857E5E7F24566BE8EC92FDA1F507,EPA-TESTCAR-ROW-11311,EPA-LEGACY-ROW-7379,RND_ADJ_FE,31.2,kWh/100mi,,Approved as kWh/100mi unit interpretation; raw number preserved. Legacy comment saying kWh/km was incorrect.,Legacy helper algebra; explicit FuelEconomy KW-HR/100Miles metadata; EPA EV methodology (https://www.epa.gov/greenvehicles/fuel-economy-and-ev-range-testing; https://www.epa.gov/fueleconomy/text-version-electric-vehicle-label; https://nepis.epa.gov/Exe/ZyPURL.cgi?Dockey=P101698T.txt).,ACTIVE_DETERMINISTIC_UNIT_INTERPRETATION,Raw numeric value is never replaced. Stale source/version/key/value mismatches must fail or quarantine.
EPA_TESTCAR_2014_PRESENT,5E8E150CD53494059FF81554632CDDB4A74B857E5E7F24566BE8EC92FDA1F507,EPA-TESTCAR-ROW-11312,EPA-LEGACY-ROW-7380,RND_ADJ_FE,36.3,kWh/100mi,,Approved as kWh/100mi unit interpretation; raw number preserved. Legacy comment saying kWh/km was incorrect.,Legacy helper algebra; explicit FuelEconomy KW-HR/100Miles metadata; EPA EV methodology (https://www.epa.gov/greenvehicles/fuel-economy-and-ev-range-testing; https://www.epa.gov/fueleconomy/text-version-electric-vehicle-label; https://nepis.epa.gov/Exe/ZyPURL.cgi?Dockey=P101698T.txt).,ACTIVE_DETERMINISTIC_UNIT_INTERPRETATION,Raw numeric value is never replaced. Stale source/version/key/value mismatches must fail or quarantine.
EPA_TESTCAR_2014_PRESENT,5E8E150CD53494059FF81554632CDDB4A74B857E5E7F24566BE8EC92FDA1F507,EPA-TESTCAR-ROW-11313,EPA-LEGACY-ROW-7381,RND_ADJ_FE,28.8,kWh/100mi,,Approved as kWh/100mi unit interpretation; raw number preserved. Legacy comment saying kWh/km was incorrect.,Legacy helper algebra; explicit FuelEconomy KW-HR/100Miles metadata; EPA EV methodology (https://www.epa.gov/greenvehicles/fuel-economy-and-ev-range-testing; https://www.epa.gov/fueleconomy/text-version-electric-vehicle-label; https://nepis.epa.gov/Exe/ZyPURL.cgi?Dockey=P101698T.txt).,ACTIVE_DETERMINISTIC_UNIT_INTERPRETATION,Raw numeric value is never replaced. Stale source/version/key/value mismatches must fail or quarantine.
EPA_TESTCAR_2014_PRESENT,5E8E150CD53494059FF81554632CDDB4A74B857E5E7F24566BE8EC92FDA1F507,EPA-TESTCAR-ROW-11314,EPA-LEGACY-ROW-7382,RND_ADJ_FE,32.5,kWh/100mi,,Approved as kWh/100mi unit interpretation; raw number preserved. Legacy comment saying kWh/km was incorrect.,Legacy helper algebra; explicit FuelEconomy KW-HR/100Miles metadata; EPA EV methodology (https://www.epa.gov/greenvehicles/fuel-economy-and-ev-range-testing; https://www.epa.gov/fueleconomy/text-version-electric-vehicle-label; https://nepis.epa.gov/Exe/ZyPURL.cgi?Dockey=P101698T.txt).,ACTIVE_DETERMINISTIC_UNIT_INTERPRETATION,Raw numeric value is never replaced. Stale source/version/key/value mismatches must fail or quarantine.
EPA_TESTCAR_2014_PRESENT,5E8E150CD53494059FF81554632CDDB4A74B857E5E7F24566BE8EC92FDA1F507,EPA-TESTCAR-ROW-11315,EPA-LEGACY-ROW-7383,RND_ADJ_FE,32,kWh/100mi,,Approved as kWh/100mi unit interpretation; raw number preserved. Legacy comment saying kWh/km was incorrect.,Legacy helper algebra; explicit FuelEconomy KW-HR/100Miles metadata; EPA EV methodology (https://www.epa.gov/greenvehicles/fuel-economy-and-ev-range-testing; https://www.epa.gov/fueleconomy/text-version-electric-vehicle-label; https://nepis.epa.gov/Exe/ZyPURL.cgi?Dockey=P101698T.txt).,ACTIVE_DETERMINISTIC_UNIT_INTERPRETATION,Raw numeric value is never replaced. Stale source/version/key/value mismatches must fail or quarantine.
EPA_TESTCAR_2014_PRESENT,5E8E150CD53494059FF81554632CDDB4A74B857E5E7F24566BE8EC92FDA1F507,EPA-TESTCAR-ROW-11316,EPA-LEGACY-ROW-7384,RND_ADJ_FE,34.2,kWh/100mi,,Approved as kWh/100mi unit interpretation; raw number preserved. Legacy comment saying kWh/km was incorrect.,Legacy helper algebra; explicit FuelEconomy KW-HR/100Miles metadata; EPA EV methodology (https://www.epa.gov/greenvehicles/fuel-economy-and-ev-range-testing; https://www.epa.gov/fueleconomy/text-version-electric-vehicle-label; https://nepis.epa.gov/Exe/ZyPURL.cgi?Dockey=P101698T.txt).,ACTIVE_DETERMINISTIC_UNIT_INTERPRETATION,Raw numeric value is never replaced. Stale source/version/key/value mismatches must fail or quarantine.
EPA_TESTCAR_2014_PRESENT,5E8E150CD53494059FF81554632CDDB4A74B857E5E7F24566BE8EC92FDA1F507,EPA-TESTCAR-ROW-11317,EPA-LEGACY-ROW-7385,RND_ADJ_FE,34.4,kWh/100mi,,Approved as kWh/100mi unit interpretation; raw number preserved. Legacy comment saying kWh/km was incorrect.,Legacy helper algebra; explicit FuelEconomy KW-HR/100Miles metadata; EPA EV methodology (https://www.epa.gov/greenvehicles/fuel-economy-and-ev-range-testing; https://www.epa.gov/fueleconomy/text-version-electric-vehicle-label; https://nepis.epa.gov/Exe/ZyPURL.cgi?Dockey=P101698T.txt).,ACTIVE_DETERMINISTIC_UNIT_INTERPRETATION,Raw numeric value is never replaced. Stale source/version/key/value mismatches must fail or quarantine.
EPA_TESTCAR_2014_PRESENT,5E8E150CD53494059FF81554632CDDB4A74B857E5E7F24566BE8EC92FDA1F507,EPA-TESTCAR-ROW-11318,EPA-LEGACY-ROW-7386,RND_ADJ_FE,38.3,kWh/100mi,,Approved as kWh/100mi unit interpretation; raw number preserved. Legacy comment saying kWh/km was incorrect.,Legacy helper algebra; explicit FuelEconomy KW-HR/100Miles metadata; EPA EV methodology (https://www.epa.gov/greenvehicles/fuel-economy-and-ev-range-testing; https://www.epa.gov/fueleconomy/text-version-electric-vehicle-label; https://nepis.epa.gov/Exe/ZyPURL.cgi?Dockey=P101698T.txt).,ACTIVE_DETERMINISTIC_UNIT_INTERPRETATION,Raw numeric value is never replaced. Stale source/version/key/value mismatches must fail or quarantine.
EPA_TESTCAR_2014_PRESENT,5E8E150CD53494059FF81554632CDDB4A74B857E5E7F24566BE8EC92FDA1F507,EPA-TESTCAR-ROW-11319,EPA-LEGACY-ROW-7387,RND_ADJ_FE,28,kWh/100mi,,Approved as kWh/100mi unit interpretation; raw number preserved. Legacy comment saying kWh/km was incorrect.,Legacy helper algebra; explicit FuelEconomy KW-HR/100Miles metadata; EPA EV methodology (https://www.epa.gov/greenvehicles/fuel-economy-and-ev-range-testing; https://www.epa.gov/fueleconomy/text-version-electric-vehicle-label; https://nepis.epa.gov/Exe/ZyPURL.cgi?Dockey=P101698T.txt).,ACTIVE_DETERMINISTIC_UNIT_INTERPRETATION,Raw numeric value is never replaced. Stale source/version/key/value mismatches must fail or quarantine.
EPA_TESTCAR_2014_PRESENT,5E8E150CD53494059FF81554632CDDB4A74B857E5E7F24566BE8EC92FDA1F507,EPA-TESTCAR-ROW-11320,EPA-LEGACY-ROW-7388,RND_ADJ_FE,31.4,kWh/100mi,,Approved as kWh/100mi unit interpretation; raw number preserved. Legacy comment saying kWh/km was incorrect.,Legacy helper algebra; explicit FuelEconomy KW-HR/100Miles metadata; EPA EV methodology (https://www.epa.gov/greenvehicles/fuel-economy-and-ev-range-testing; https://www.epa.gov/fueleconomy/text-version-electric-vehicle-label; https://nepis.epa.gov/Exe/ZyPURL.cgi?Dockey=P101698T.txt).,ACTIVE_DETERMINISTIC_UNIT_INTERPRETATION,Raw numeric value is never replaced. Stale source/version/key/value mismatches must fail or quarantine.
EPA_TESTCAR_2014_PRESENT,5E8E150CD53494059FF81554632CDDB4A74B857E5E7F24566BE8EC92FDA1F507,EPA-TESTCAR-ROW-11321,EPA-LEGACY-ROW-7389,RND_ADJ_FE,26,kWh/100mi,,Approved as kWh/100mi unit interpretation; raw number preserved. Legacy comment saying kWh/km was incorrect.,Legacy helper algebra; explicit FuelEconomy KW-HR/100Miles metadata; EPA EV methodology (https://www.epa.gov/greenvehicles/fuel-economy-and-ev-range-testing; https://www.epa.gov/fueleconomy/text-version-electric-vehicle-label; https://nepis.epa.gov/Exe/ZyPURL.cgi?Dockey=P101698T.txt).,ACTIVE_DETERMINISTIC_UNIT_INTERPRETATION,Raw numeric value is never replaced. Stale source/version/key/value mismatches must fail or quarantine.
EPA_TESTCAR_2014_PRESENT,5E8E150CD53494059FF81554632CDDB4A74B857E5E7F24566BE8EC92FDA1F507,EPA-TESTCAR-ROW-11322,EPA-LEGACY-ROW-7390,RND_ADJ_FE,30.1,kWh/100mi,,Approved as kWh/100mi unit interpretation; raw number preserved. Legacy comment saying kWh/km was incorrect.,Legacy helper algebra; explicit FuelEconomy KW-HR/100Miles metadata; EPA EV methodology (https://www.epa.gov/greenvehicles/fuel-economy-and-ev-range-testing; https://www.epa.gov/fueleconomy/text-version-electric-vehicle-label; https://nepis.epa.gov/Exe/ZyPURL.cgi?Dockey=P101698T.txt).,ACTIVE_DETERMINISTIC_UNIT_INTERPRETATION,Raw numeric value is never replaced. Stale source/version/key/value mismatches must fail or quarantine.
EPA_TESTCAR_2014_PRESENT,5E8E150CD53494059FF81554632CDDB4A74B857E5E7F24566BE8EC92FDA1F507,EPA-TESTCAR-ROW-11323,EPA-LEGACY-ROW-7391,RND_ADJ_FE,28.3,kWh/100mi,,Approved as kWh/100mi unit interpretation; raw number preserved. Legacy comment saying kWh/km was incorrect.,Legacy helper algebra; explicit FuelEconomy KW-HR/100Miles metadata; EPA EV methodology (https://www.epa.gov/greenvehicles/fuel-economy-and-ev-range-testing; https://www.epa.gov/fueleconomy/text-version-electric-vehicle-label; https://nepis.epa.gov/Exe/ZyPURL.cgi?Dockey=P101698T.txt).,ACTIVE_DETERMINISTIC_UNIT_INTERPRETATION,Raw numeric value is never replaced. Stale source/version/key/value mismatches must fail or quarantine.
EPA_TESTCAR_2014_PRESENT,5E8E150CD53494059FF81554632CDDB4A74B857E5E7F24566BE8EC92FDA1F507,EPA-TESTCAR-ROW-11324,EPA-LEGACY-ROW-7392,RND_ADJ_FE,32.6,kWh/100mi,,Approved as kWh/100mi unit interpretation; raw number preserved. Legacy comment saying kWh/km was incorrect.,Legacy helper algebra; explicit FuelEconomy KW-HR/100Miles metadata; EPA EV methodology (https://www.epa.gov/greenvehicles/fuel-economy-and-ev-range-testing; https://www.epa.gov/fueleconomy/text-version-electric-vehicle-label; https://nepis.epa.gov/Exe/ZyPURL.cgi?Dockey=P101698T.txt).,ACTIVE_DETERMINISTIC_UNIT_INTERPRETATION,Raw numeric value is never replaced. Stale source/version/key/value mismatches must fail or quarantine.
EPA_TESTCAR_2014_PRESENT,5E8E150CD53494059FF81554632CDDB4A74B857E5E7F24566BE8EC92FDA1F507,EPA-TESTCAR-ROW-11325,EPA-LEGACY-ROW-7393,RND_ADJ_FE,25.1,kWh/100mi,,Approved as kWh/100mi unit interpretation; raw number preserved. Legacy comment saying kWh/km was incorrect.,Legacy helper algebra; explicit FuelEconomy KW-HR/100Miles metadata; EPA EV methodology (https://www.epa.gov/greenvehicles/fuel-economy-and-ev-range-testing; https://www.epa.gov/fueleconomy/text-version-electric-vehicle-label; https://nepis.epa.gov/Exe/ZyPURL.cgi?Dockey=P101698T.txt).,ACTIVE_DETERMINISTIC_UNIT_INTERPRETATION,Raw numeric value is never replaced. Stale source/version/key/value mismatches must fail or quarantine.
EPA_TESTCAR_2014_PRESENT,5E8E150CD53494059FF81554632CDDB4A74B857E5E7F24566BE8EC92FDA1F507,EPA-TESTCAR-ROW-11326,EPA-LEGACY-ROW-7394,RND_ADJ_FE,34.7,kWh/100mi,,Approved as kWh/100mi unit interpretation; raw number preserved. Legacy comment saying kWh/km was incorrect.,Legacy helper algebra; explicit FuelEconomy KW-HR/100Miles metadata; EPA EV methodology (https://www.epa.gov/greenvehicles/fuel-economy-and-ev-range-testing; https://www.epa.gov/fueleconomy/text-version-electric-vehicle-label; https://nepis.epa.gov/Exe/ZyPURL.cgi?Dockey=P101698T.txt).,ACTIVE_DETERMINISTIC_UNIT_INTERPRETATION,Raw numeric value is never replaced. Stale source/version/key/value mismatches must fail or quarantine.
EPA_TESTCAR_2014_PRESENT,5E8E150CD53494059FF81554632CDDB4A74B857E5E7F24566BE8EC92FDA1F507,EPA-TESTCAR-ROW-11327,EPA-LEGACY-ROW-7395,RND_ADJ_FE,24.9,kWh/100mi,,Approved as kWh/100mi unit interpretation; raw number preserved. Legacy comment saying kWh/km was incorrect.,Legacy helper algebra; explicit FuelEconomy KW-HR/100Miles metadata; EPA EV methodology (https://www.epa.gov/greenvehicles/fuel-economy-and-ev-range-testing; https://www.epa.gov/fueleconomy/text-version-electric-vehicle-label; https://nepis.epa.gov/Exe/ZyPURL.cgi?Dockey=P101698T.txt).,ACTIVE_DETERMINISTIC_UNIT_INTERPRETATION,Raw numeric value is never replaced. Stale source/version/key/value mismatches must fail or quarantine.
EPA_TESTCAR_2014_PRESENT,5E8E150CD53494059FF81554632CDDB4A74B857E5E7F24566BE8EC92FDA1F507,EPA-TESTCAR-ROW-11328,EPA-LEGACY-ROW-7396,RND_ADJ_FE,27.4,kWh/100mi,,Approved as kWh/100mi unit interpretation; raw number preserved. Legacy comment saying kWh/km was incorrect.,Legacy helper algebra; explicit FuelEconomy KW-HR/100Miles metadata; EPA EV methodology (https://www.epa.gov/greenvehicles/fuel-economy-and-ev-range-testing; https://www.epa.gov/fueleconomy/text-version-electric-vehicle-label; https://nepis.epa.gov/Exe/ZyPURL.cgi?Dockey=P101698T.txt).,ACTIVE_DETERMINISTIC_UNIT_INTERPRETATION,Raw numeric value is never replaced. Stale source/version/key/value mismatches must fail or quarantine.
EPA_TESTCAR_2014_PRESENT,5E8E150CD53494059FF81554632CDDB4A74B857E5E7F24566BE8EC92FDA1F507,EPA-TESTCAR-ROW-11329,EPA-LEGACY-ROW-7397,RND_ADJ_FE,23.4,kWh/100mi,,Approved as kWh/100mi unit interpretation; raw number preserved. Legacy comment saying kWh/km was incorrect.,Legacy helper algebra; explicit FuelEconomy KW-HR/100Miles metadata; EPA EV methodology (https://www.epa.gov/greenvehicles/fuel-economy-and-ev-range-testing; https://www.epa.gov/fueleconomy/text-version-electric-vehicle-label; https://nepis.epa.gov/Exe/ZyPURL.cgi?Dockey=P101698T.txt).,ACTIVE_DETERMINISTIC_UNIT_INTERPRETATION,Raw numeric value is never replaced. Stale source/version/key/value mismatches must fail or quarantine.
EPA_TESTCAR_2014_PRESENT,5E8E150CD53494059FF81554632CDDB4A74B857E5E7F24566BE8EC92FDA1F507,EPA-TESTCAR-ROW-11330,EPA-LEGACY-ROW-7398,RND_ADJ_FE,27.5,kWh/100mi,,Approved as kWh/100mi unit interpretation; raw number preserved. Legacy comment saying kWh/km was incorrect.,Legacy helper algebra; explicit FuelEconomy KW-HR/100Miles metadata; EPA EV methodology (https://www.epa.gov/greenvehicles/fuel-economy-and-ev-range-testing; https://www.epa.gov/fueleconomy/text-version-electric-vehicle-label; https://nepis.epa.gov/Exe/ZyPURL.cgi?Dockey=P101698T.txt).,ACTIVE_DETERMINISTIC_UNIT_INTERPRETATION,Raw numeric value is never replaced. Stale source/version/key/value mismatches must fail or quarantine.
EPA_TESTCAR_2014_PRESENT,5E8E150CD53494059FF81554632CDDB4A74B857E5E7F24566BE8EC92FDA1F507,EPA-TESTCAR-ROW-11331,EPA-LEGACY-ROW-7399,RND_ADJ_FE,30.1,kWh/100mi,,Approved as kWh/100mi unit interpretation; raw number preserved. Legacy comment saying kWh/km was incorrect.,Legacy helper algebra; explicit FuelEconomy KW-HR/100Miles metadata; EPA EV methodology (https://www.epa.gov/greenvehicles/fuel-economy-and-ev-range-testing; https://www.epa.gov/fueleconomy/text-version-electric-vehicle-label; https://nepis.epa.gov/Exe/ZyPURL.cgi?Dockey=P101698T.txt).,ACTIVE_DETERMINISTIC_UNIT_INTERPRETATION,Raw numeric value is never replaced. Stale source/version/key/value mismatches must fail or quarantine.
EPA_TESTCAR_2014_PRESENT,5E8E150CD53494059FF81554632CDDB4A74B857E5E7F24566BE8EC92FDA1F507,EPA-TESTCAR-ROW-11332,EPA-LEGACY-ROW-7400,RND_ADJ_FE,35.3,kWh/100mi,,Approved as kWh/100mi unit interpretation; raw number preserved. Legacy comment saying kWh/km was incorrect.,Legacy helper algebra; explicit FuelEconomy KW-HR/100Miles metadata; EPA EV methodology (https://www.epa.gov/greenvehicles/fuel-economy-and-ev-range-testing; https://www.epa.gov/fueleconomy/text-version-electric-vehicle-label; https://nepis.epa.gov/Exe/ZyPURL.cgi?Dockey=P101698T.txt).,ACTIVE_DETERMINISTIC_UNIT_INTERPRETATION,Raw numeric value is never replaced. Stale source/version/key/value mismatches must fail or quarantine.
EPA_TESTCAR_2014_PRESENT,5E8E150CD53494059FF81554632CDDB4A74B857E5E7F24566BE8EC92FDA1F507,EPA-TESTCAR-ROW-11333,EPA-LEGACY-ROW-7401,RND_ADJ_FE,27.2,kWh/100mi,,Approved as kWh/100mi unit interpretation; raw number preserved. Legacy comment saying kWh/km was incorrect.,Legacy helper algebra; explicit FuelEconomy KW-HR/100Miles metadata; EPA EV methodology (https://www.epa.gov/greenvehicles/fuel-economy-and-ev-range-testing; https://www.epa.gov/fueleconomy/text-version-electric-vehicle-label; https://nepis.epa.gov/Exe/ZyPURL.cgi?Dockey=P101698T.txt).,ACTIVE_DETERMINISTIC_UNIT_INTERPRETATION,Raw numeric value is never replaced. Stale source/version/key/value mismatches must fail or quarantine.
EPA_TESTCAR_2014_PRESENT,5E8E150CD53494059FF81554632CDDB4A74B857E5E7F24566BE8EC92FDA1F507,EPA-TESTCAR-ROW-11334,EPA-LEGACY-ROW-7402,RND_ADJ_FE,30.9,kWh/100mi,,Approved as kWh/100mi unit interpretation; raw number preserved. Legacy comment saying kWh/km was incorrect.,Legacy helper algebra; explicit FuelEconomy KW-HR/100Miles metadata; EPA EV methodology (https://www.epa.gov/greenvehicles/fuel-economy-and-ev-range-testing; https://www.epa.gov/fueleconomy/text-version-electric-vehicle-label; https://nepis.epa.gov/Exe/ZyPURL.cgi?Dockey=P101698T.txt).,ACTIVE_DETERMINISTIC_UNIT_INTERPRETATION,Raw numeric value is never replaced. Stale source/version/key/value mismatches must fail or quarantine.
EPA_TESTCAR_2014_PRESENT,5E8E150CD53494059FF81554632CDDB4A74B857E5E7F24566BE8EC92FDA1F507,EPA-TESTCAR-ROW-11335,EPA-LEGACY-ROW-7403,RND_ADJ_FE,25.7,kWh/100mi,,Approved as kWh/100mi unit interpretation; raw number preserved. Legacy comment saying kWh/km was incorrect.,Legacy helper algebra; explicit FuelEconomy KW-HR/100Miles metadata; EPA EV methodology (https://www.epa.gov/greenvehicles/fuel-economy-and-ev-range-testing; https://www.epa.gov/fueleconomy/text-version-electric-vehicle-label; https://nepis.epa.gov/Exe/ZyPURL.cgi?Dockey=P101698T.txt).,ACTIVE_DETERMINISTIC_UNIT_INTERPRETATION,Raw numeric value is never replaced. Stale source/version/key/value mismatches must fail or quarantine.
EPA_TESTCAR_2014_PRESENT,5E8E150CD53494059FF81554632CDDB4A74B857E5E7F24566BE8EC92FDA1F507,EPA-TESTCAR-ROW-11336,EPA-LEGACY-ROW-7404,RND_ADJ_FE,28.9,kWh/100mi,,Approved as kWh/100mi unit interpretation; raw number preserved. Legacy comment saying kWh/km was incorrect.,Legacy helper algebra; explicit FuelEconomy KW-HR/100Miles metadata; EPA EV methodology (https://www.epa.gov/greenvehicles/fuel-economy-and-ev-range-testing; https://www.epa.gov/fueleconomy/text-version-electric-vehicle-label; https://nepis.epa.gov/Exe/ZyPURL.cgi?Dockey=P101698T.txt).,ACTIVE_DETERMINISTIC_UNIT_INTERPRETATION,Raw numeric value is never replaced. Stale source/version/key/value mismatches must fail or quarantine.
EPA_TESTCAR_2014_PRESENT,5E8E150CD53494059FF81554632CDDB4A74B857E5E7F24566BE8EC92FDA1F507,EPA-TESTCAR-ROW-11337,EPA-LEGACY-ROW-7405,RND_ADJ_FE,40.8,kWh/100mi,,Approved as kWh/100mi unit interpretation; raw number preserved. Legacy comment saying kWh/km was incorrect.,Legacy helper algebra; explicit FuelEconomy KW-HR/100Miles metadata; EPA EV methodology (https://www.epa.gov/greenvehicles/fuel-economy-and-ev-range-testing; https://www.epa.gov/fueleconomy/text-version-electric-vehicle-label; https://nepis.epa.gov/Exe/ZyPURL.cgi?Dockey=P101698T.txt).,ACTIVE_DETERMINISTIC_UNIT_INTERPRETATION,Raw numeric value is never replaced. Stale source/version/key/value mismatches must fail or quarantine.
EPA_TESTCAR_2014_PRESENT,5E8E150CD53494059FF81554632CDDB4A74B857E5E7F24566BE8EC92FDA1F507,EPA-TESTCAR-ROW-11338,EPA-LEGACY-ROW-7406,RND_ADJ_FE,27.8,kWh/100mi,,Approved as kWh/100mi unit interpretation; raw number preserved. Legacy comment saying kWh/km was incorrect.,Legacy helper algebra; explicit FuelEconomy KW-HR/100Miles metadata; EPA EV methodology (https://www.epa.gov/greenvehicles/fuel-economy-and-ev-range-testing; https://www.epa.gov/fueleconomy/text-version-electric-vehicle-label; https://nepis.epa.gov/Exe/ZyPURL.cgi?Dockey=P101698T.txt).,ACTIVE_DETERMINISTIC_UNIT_INTERPRETATION,Raw numeric value is never replaced. Stale source/version/key/value mismatches must fail or quarantine.
EPA_TESTCAR_2014_PRESENT,5E8E150CD53494059FF81554632CDDB4A74B857E5E7F24566BE8EC92FDA1F507,EPA-TESTCAR-ROW-11339,EPA-LEGACY-ROW-7407,RND_ADJ_FE,34.1,kWh/100mi,,Approved as kWh/100mi unit interpretation; raw number preserved. Legacy comment saying kWh/km was incorrect.,Legacy helper algebra; explicit FuelEconomy KW-HR/100Miles metadata; EPA EV methodology (https://www.epa.gov/greenvehicles/fuel-economy-and-ev-range-testing; https://www.epa.gov/fueleconomy/text-version-electric-vehicle-label; https://nepis.epa.gov/Exe/ZyPURL.cgi?Dockey=P101698T.txt).,ACTIVE_DETERMINISTIC_UNIT_INTERPRETATION,Raw numeric value is never replaced. Stale source/version/key/value mismatches must fail or quarantine.
EPA_TESTCAR_2014_PRESENT,5E8E150CD53494059FF81554632CDDB4A74B857E5E7F24566BE8EC92FDA1F507,EPA-TESTCAR-ROW-11340,EPA-LEGACY-ROW-7408,RND_ADJ_FE,37.8,kWh/100mi,,Approved as kWh/100mi unit interpretation; raw number preserved. Legacy comment saying kWh/km was incorrect.,Legacy helper algebra; explicit FuelEconomy KW-HR/100Miles metadata; EPA EV methodology (https://www.epa.gov/greenvehicles/fuel-economy-and-ev-range-testing; https://www.epa.gov/fueleconomy/text-version-electric-vehicle-label; https://nepis.epa.gov/Exe/ZyPURL.cgi?Dockey=P101698T.txt).,ACTIVE_DETERMINISTIC_UNIT_INTERPRETATION,Raw numeric value is never replaced. Stale source/version/key/value mismatches must fail or quarantine.
EPA_TESTCAR_2014_PRESENT,5E8E150CD53494059FF81554632CDDB4A74B857E5E7F24566BE8EC92FDA1F507,EPA-TESTCAR-ROW-11341,EPA-LEGACY-ROW-7409,RND_ADJ_FE,25.7,kWh/100mi,,Approved as kWh/100mi unit interpretation; raw number preserved. Legacy comment saying kWh/km was incorrect.,Legacy helper algebra; explicit FuelEconomy KW-HR/100Miles metadata; EPA EV methodology (https://www.epa.gov/greenvehicles/fuel-economy-and-ev-range-testing; https://www.epa.gov/fueleconomy/text-version-electric-vehicle-label; https://nepis.epa.gov/Exe/ZyPURL.cgi?Dockey=P101698T.txt).,ACTIVE_DETERMINISTIC_UNIT_INTERPRETATION,Raw numeric value is never replaced. Stale source/version/key/value mismatches must fail or quarantine.
EPA_TESTCAR_2014_PRESENT,5E8E150CD53494059FF81554632CDDB4A74B857E5E7F24566BE8EC92FDA1F507,EPA-TESTCAR-ROW-11342,EPA-LEGACY-ROW-7410,RND_ADJ_FE,27.7,kWh/100mi,,Approved as kWh/100mi unit interpretation; raw number preserved. Legacy comment saying kWh/km was incorrect.,Legacy helper algebra; explicit FuelEconomy KW-HR/100Miles metadata; EPA EV methodology (https://www.epa.gov/greenvehicles/fuel-economy-and-ev-range-testing; https://www.epa.gov/fueleconomy/text-version-electric-vehicle-label; https://nepis.epa.gov/Exe/ZyPURL.cgi?Dockey=P101698T.txt).,ACTIVE_DETERMINISTIC_UNIT_INTERPRETATION,Raw numeric value is never replaced. Stale source/version/key/value mismatches must fail or quarantine.
EPA_TESTCAR_2014_PRESENT,5E8E150CD53494059FF81554632CDDB4A74B857E5E7F24566BE8EC92FDA1F507,EPA-TESTCAR-ROW-11343,EPA-LEGACY-ROW-7411,RND_ADJ_FE,28.1,kWh/100mi,,Approved as kWh/100mi unit interpretation; raw number preserved. Legacy comment saying kWh/km was incorrect.,Legacy helper algebra; explicit FuelEconomy KW-HR/100Miles metadata; EPA EV methodology (https://www.epa.gov/greenvehicles/fuel-economy-and-ev-range-testing; https://www.epa.gov/fueleconomy/text-version-electric-vehicle-label; https://nepis.epa.gov/Exe/ZyPURL.cgi?Dockey=P101698T.txt).,ACTIVE_DETERMINISTIC_UNIT_INTERPRETATION,Raw numeric value is never replaced. Stale source/version/key/value mismatches must fail or quarantine.
EPA_TESTCAR_2014_PRESENT,5E8E150CD53494059FF81554632CDDB4A74B857E5E7F24566BE8EC92FDA1F507,EPA-TESTCAR-ROW-11344,EPA-LEGACY-ROW-7412,RND_ADJ_FE,31.6,kWh/100mi,,Approved as kWh/100mi unit interpretation; raw number preserved. Legacy comment saying kWh/km was incorrect.,Legacy helper algebra; explicit FuelEconomy KW-HR/100Miles metadata; EPA EV methodology (https://www.epa.gov/greenvehicles/fuel-economy-and-ev-range-testing; https://www.epa.gov/fueleconomy/text-version-electric-vehicle-label; https://nepis.epa.gov/Exe/ZyPURL.cgi?Dockey=P101698T.txt).,ACTIVE_DETERMINISTIC_UNIT_INTERPRETATION,Raw numeric value is never replaced. Stale source/version/key/value mismatches must fail or quarantine.
EPA_TESTCAR_2014_PRESENT,5E8E150CD53494059FF81554632CDDB4A74B857E5E7F24566BE8EC92FDA1F507,EPA-TESTCAR-ROW-11345,EPA-LEGACY-ROW-7413,RND_ADJ_FE,22.8,kWh/100mi,,Approved as kWh/100mi unit interpretation; raw number preserved. Legacy comment saying kWh/km was incorrect.,Legacy helper algebra; explicit FuelEconomy KW-HR/100Miles metadata; EPA EV methodology (https://www.epa.gov/greenvehicles/fuel-economy-and-ev-range-testing; https://www.epa.gov/fueleconomy/text-version-electric-vehicle-label; https://nepis.epa.gov/Exe/ZyPURL.cgi?Dockey=P101698T.txt).,ACTIVE_DETERMINISTIC_UNIT_INTERPRETATION,Raw numeric value is never replaced. Stale source/version/key/value mismatches must fail or quarantine.
EPA_TESTCAR_2014_PRESENT,5E8E150CD53494059FF81554632CDDB4A74B857E5E7F24566BE8EC92FDA1F507,EPA-TESTCAR-ROW-11346,EPA-LEGACY-ROW-7414,RND_ADJ_FE,26.7,kWh/100mi,,Approved as kWh/100mi unit interpretation; raw number preserved. Legacy comment saying kWh/km was incorrect.,Legacy helper algebra; explicit FuelEconomy KW-HR/100Miles metadata; EPA EV methodology (https://www.epa.gov/greenvehicles/fuel-economy-and-ev-range-testing; https://www.epa.gov/fueleconomy/text-version-electric-vehicle-label; https://nepis.epa.gov/Exe/ZyPURL.cgi?Dockey=P101698T.txt).,ACTIVE_DETERMINISTIC_UNIT_INTERPRETATION,Raw numeric value is never replaced. Stale source/version/key/value mismatches must fail or quarantine.
EPA_TESTCAR_2014_PRESENT,5E8E150CD53494059FF81554632CDDB4A74B857E5E7F24566BE8EC92FDA1F507,EPA-TESTCAR-ROW-11347,EPA-LEGACY-ROW-7415,RND_ADJ_FE,25.8,kWh/100mi,,Approved as kWh/100mi unit interpretation; raw number preserved. Legacy comment saying kWh/km was incorrect.,Legacy helper algebra; explicit FuelEconomy KW-HR/100Miles metadata; EPA EV methodology (https://www.epa.gov/greenvehicles/fuel-economy-and-ev-range-testing; https://www.epa.gov/fueleconomy/text-version-electric-vehicle-label; https://nepis.epa.gov/Exe/ZyPURL.cgi?Dockey=P101698T.txt).,ACTIVE_DETERMINISTIC_UNIT_INTERPRETATION,Raw numeric value is never replaced. Stale source/version/key/value mismatches must fail or quarantine.
EPA_TESTCAR_2014_PRESENT,5E8E150CD53494059FF81554632CDDB4A74B857E5E7F24566BE8EC92FDA1F507,EPA-TESTCAR-ROW-11348,EPA-LEGACY-ROW-7416,RND_ADJ_FE,29.3,kWh/100mi,,Approved as kWh/100mi unit interpretation; raw number preserved. Legacy comment saying kWh/km was incorrect.,Legacy helper algebra; explicit FuelEconomy KW-HR/100Miles metadata; EPA EV methodology (https://www.epa.gov/greenvehicles/fuel-economy-and-ev-range-testing; https://www.epa.gov/fueleconomy/text-version-electric-vehicle-label; https://nepis.epa.gov/Exe/ZyPURL.cgi?Dockey=P101698T.txt).,ACTIVE_DETERMINISTIC_UNIT_INTERPRETATION,Raw numeric value is never replaced. Stale source/version/key/value mismatches must fail or quarantine.
EPA_TESTCAR_2014_PRESENT,5E8E150CD53494059FF81554632CDDB4A74B857E5E7F24566BE8EC92FDA1F507,EPA-TESTCAR-ROW-11349,EPA-LEGACY-ROW-7417,RND_ADJ_FE,25.1,kWh/100mi,,Approved as kWh/100mi unit interpretation; raw number preserved. Legacy comment saying kWh/km was incorrect.,Legacy helper algebra; explicit FuelEconomy KW-HR/100Miles metadata; EPA EV methodology (https://www.epa.gov/greenvehicles/fuel-economy-and-ev-range-testing; https://www.epa.gov/fueleconomy/text-version-electric-vehicle-label; https://nepis.epa.gov/Exe/ZyPURL.cgi?Dockey=P101698T.txt).,ACTIVE_DETERMINISTIC_UNIT_INTERPRETATION,Raw numeric value is never replaced. Stale source/version/key/value mismatches must fail or quarantine.
EPA_TESTCAR_2014_PRESENT,5E8E150CD53494059FF81554632CDDB4A74B857E5E7F24566BE8EC92FDA1F507,EPA-TESTCAR-ROW-11350,EPA-LEGACY-ROW-7418,RND_ADJ_FE,29.4,kWh/100mi,,Approved as kWh/100mi unit interpretation; raw number preserved. Legacy comment saying kWh/km was incorrect.,Legacy helper algebra; explicit FuelEconomy KW-HR/100Miles metadata; EPA EV methodology (https://www.epa.gov/greenvehicles/fuel-economy-and-ev-range-testing; https://www.epa.gov/fueleconomy/text-version-electric-vehicle-label; https://nepis.epa.gov/Exe/ZyPURL.cgi?Dockey=P101698T.txt).,ACTIVE_DETERMINISTIC_UNIT_INTERPRETATION,Raw numeric value is never replaced. Stale source/version/key/value mismatches must fail or quarantine.
EPA_TESTCAR_2014_PRESENT,5E8E150CD53494059FF81554632CDDB4A74B857E5E7F24566BE8EC92FDA1F507,EPA-TESTCAR-ROW-11351,EPA-LEGACY-ROW-7419,RND_ADJ_FE,38.1,kWh/100mi,,Approved as kWh/100mi unit interpretation; raw number preserved. Legacy comment saying kWh/km was incorrect.,Legacy helper algebra; explicit FuelEconomy KW-HR/100Miles metadata; EPA EV methodology (https://www.epa.gov/greenvehicles/fuel-economy-and-ev-range-testing; https://www.epa.gov/fueleconomy/text-version-electric-vehicle-label; https://nepis.epa.gov/Exe/ZyPURL.cgi?Dockey=P101698T.txt).,ACTIVE_DETERMINISTIC_UNIT_INTERPRETATION,Raw numeric value is never replaced. Stale source/version/key/value mismatches must fail or quarantine.
EPA_TESTCAR_2014_PRESENT,5E8E150CD53494059FF81554632CDDB4A74B857E5E7F24566BE8EC92FDA1F507,EPA-TESTCAR-ROW-11448,EPA-LEGACY-ROW-7516,RND_ADJ_FE,28.8,kWh/100mi,,Approved as kWh/100mi unit interpretation; raw number preserved. Legacy comment saying kWh/km was incorrect.,Legacy helper algebra; explicit FuelEconomy KW-HR/100Miles metadata; EPA EV methodology (https://www.epa.gov/greenvehicles/fuel-economy-and-ev-range-testing; https://www.epa.gov/fueleconomy/text-version-electric-vehicle-label; https://nepis.epa.gov/Exe/ZyPURL.cgi?Dockey=P101698T.txt).,ACTIVE_DETERMINISTIC_UNIT_INTERPRETATION,Raw numeric value is never replaced. Stale source/version/key/value mismatches must fail or quarantine.
EPA_TESTCAR_2014_PRESENT,5E8E150CD53494059FF81554632CDDB4A74B857E5E7F24566BE8EC92FDA1F507,EPA-TESTCAR-ROW-11452,EPA-LEGACY-ROW-7520,RND_ADJ_FE,24.7,kWh/100mi,,Approved as kWh/100mi unit interpretation; raw number preserved. Legacy comment saying kWh/km was incorrect.,Legacy helper algebra; explicit FuelEconomy KW-HR/100Miles metadata; EPA EV methodology (https://www.epa.gov/greenvehicles/fuel-economy-and-ev-range-testing; https://www.epa.gov/fueleconomy/text-version-electric-vehicle-label; https://nepis.epa.gov/Exe/ZyPURL.cgi?Dockey=P101698T.txt).,ACTIVE_DETERMINISTIC_UNIT_INTERPRETATION,Raw numeric value is never replaced. Stale source/version/key/value mismatches must fail or quarantine.
EPA_TESTCAR_2014_PRESENT,5E8E150CD53494059FF81554632CDDB4A74B857E5E7F24566BE8EC92FDA1F507,EPA-TESTCAR-ROW-11474,EPA-LEGACY-ROW-7542,RND_ADJ_FE,30.5,kWh/100mi,,Approved as kWh/100mi unit interpretation; raw number preserved. Legacy comment saying kWh/km was incorrect.,Legacy helper algebra; explicit FuelEconomy KW-HR/100Miles metadata; EPA EV methodology (https://www.epa.gov/greenvehicles/fuel-economy-and-ev-range-testing; https://www.epa.gov/fueleconomy/text-version-electric-vehicle-label; https://nepis.epa.gov/Exe/ZyPURL.cgi?Dockey=P101698T.txt).,ACTIVE_DETERMINISTIC_UNIT_INTERPRETATION,Raw numeric value is never replaced. Stale source/version/key/value mismatches must fail or quarantine.
EPA_TESTCAR_2014_PRESENT,5E8E150CD53494059FF81554632CDDB4A74B857E5E7F24566BE8EC92FDA1F507,EPA-TESTCAR-ROW-11480,EPA-LEGACY-ROW-7548,RND_ADJ_FE,32.3,kWh/100mi,,Approved as kWh/100mi unit interpretation; raw number preserved. Legacy comment saying kWh/km was incorrect.,Legacy helper algebra; explicit FuelEconomy KW-HR/100Miles metadata; EPA EV methodology (https://www.epa.gov/greenvehicles/fuel-economy-and-ev-range-testing; https://www.epa.gov/fueleconomy/text-version-electric-vehicle-label; https://nepis.epa.gov/Exe/ZyPURL.cgi?Dockey=P101698T.txt).,ACTIVE_DETERMINISTIC_UNIT_INTERPRETATION,Raw numeric value is never replaced. Stale source/version/key/value mismatches must fail or quarantine.
EPA_TESTCAR_2014_PRESENT,5E8E150CD53494059FF81554632CDDB4A74B857E5E7F24566BE8EC92FDA1F507,EPA-TESTCAR-ROW-11486,EPA-LEGACY-ROW-7554,RND_ADJ_FE,33.5,kWh/100mi,,Approved as kWh/100mi unit interpretation; raw number preserved. Legacy comment saying kWh/km was incorrect.,Legacy helper algebra; explicit FuelEconomy KW-HR/100Miles metadata; EPA EV methodology (https://www.epa.gov/greenvehicles/fuel-economy-and-ev-range-testing; https://www.epa.gov/fueleconomy/text-version-electric-vehicle-label; https://nepis.epa.gov/Exe/ZyPURL.cgi?Dockey=P101698T.txt).,ACTIVE_DETERMINISTIC_UNIT_INTERPRETATION,Raw numeric value is never replaced. Stale source/version/key/value mismatches must fail or quarantine.
EPA_TESTCAR_2014_PRESENT,5E8E150CD53494059FF81554632CDDB4A74B857E5E7F24566BE8EC92FDA1F507,EPA-TESTCAR-ROW-11492,EPA-LEGACY-ROW-7560,RND_ADJ_FE,28.4,kWh/100mi,,Approved as kWh/100mi unit interpretation; raw number preserved. Legacy comment saying kWh/km was incorrect.,Legacy helper algebra; explicit FuelEconomy KW-HR/100Miles metadata; EPA EV methodology (https://www.epa.gov/greenvehicles/fuel-economy-and-ev-range-testing; https://www.epa.gov/fueleconomy/text-version-electric-vehicle-label; https://nepis.epa.gov/Exe/ZyPURL.cgi?Dockey=P101698T.txt).,ACTIVE_DETERMINISTIC_UNIT_INTERPRETATION,Raw numeric value is never replaced. Stale source/version/key/value mismatches must fail or quarantine.
EPA_TESTCAR_2014_PRESENT,5E8E150CD53494059FF81554632CDDB4A74B857E5E7F24566BE8EC92FDA1F507,EPA-TESTCAR-ROW-11498,EPA-LEGACY-ROW-7566,RND_ADJ_FE,28.3,kWh/100mi,,Approved as kWh/100mi unit interpretation; raw number preserved. Legacy comment saying kWh/km was incorrect.,Legacy helper algebra; explicit FuelEconomy KW-HR/100Miles metadata; EPA EV methodology (https://www.epa.gov/greenvehicles/fuel-economy-and-ev-range-testing; https://www.epa.gov/fueleconomy/text-version-electric-vehicle-label; https://nepis.epa.gov/Exe/ZyPURL.cgi?Dockey=P101698T.txt).,ACTIVE_DETERMINISTIC_UNIT_INTERPRETATION,Raw numeric value is never replaced. Stale source/version/key/value mismatches must fail or quarantine.
EPA_TESTCAR_2014_PRESENT,5E8E150CD53494059FF81554632CDDB4A74B857E5E7F24566BE8EC92FDA1F507,EPA-TESTCAR-ROW-13250,EPA-LEGACY-ROW-9318,RND_ADJ_FE,17.8,kWh/100mi,,Approved as kWh/100mi unit interpretation; raw number preserved. Legacy comment saying kWh/km was incorrect.,Legacy helper algebra; explicit FuelEconomy KW-HR/100Miles metadata; EPA EV methodology (https://www.epa.gov/greenvehicles/fuel-economy-and-ev-range-testing; https://www.epa.gov/fueleconomy/text-version-electric-vehicle-label; https://nepis.epa.gov/Exe/ZyPURL.cgi?Dockey=P101698T.txt).,ACTIVE_DETERMINISTIC_UNIT_INTERPRETATION,Raw numeric value is never replaced. Stale source/version/key/value mismatches must fail or quarantine.
EPA_TESTCAR_2014_PRESENT,5E8E150CD53494059FF81554632CDDB4A74B857E5E7F24566BE8EC92FDA1F507,EPA-TESTCAR-ROW-13251,EPA-LEGACY-ROW-9319,RND_ADJ_FE,23.8,kWh/100mi,,Approved as kWh/100mi unit interpretation; raw number preserved. Legacy comment saying kWh/km was incorrect.,Legacy helper algebra; explicit FuelEconomy KW-HR/100Miles metadata; EPA EV methodology (https://www.epa.gov/greenvehicles/fuel-economy-and-ev-range-testing; https://www.epa.gov/fueleconomy/text-version-electric-vehicle-label; https://nepis.epa.gov/Exe/ZyPURL.cgi?Dockey=P101698T.txt).,ACTIVE_DETERMINISTIC_UNIT_INTERPRETATION,Raw numeric value is never replaced. Stale source/version/key/value mismatches must fail or quarantine.
EPA_TESTCAR_2014_PRESENT,5E8E150CD53494059FF81554632CDDB4A74B857E5E7F24566BE8EC92FDA1F507,EPA-TESTCAR-ROW-13252,EPA-LEGACY-ROW-9320,RND_ADJ_FE,22.9,kWh/100mi,,Approved as kWh/100mi unit interpretation; raw number preserved. Legacy comment saying kWh/km was incorrect.,Legacy helper algebra; explicit FuelEconomy KW-HR/100Miles metadata; EPA EV methodology (https://www.epa.gov/greenvehicles/fuel-economy-and-ev-range-testing; https://www.epa.gov/fueleconomy/text-version-electric-vehicle-label; https://nepis.epa.gov/Exe/ZyPURL.cgi?Dockey=P101698T.txt).,ACTIVE_DETERMINISTIC_UNIT_INTERPRETATION,Raw numeric value is never replaced. Stale source/version/key/value mismatches must fail or quarantine.
EPA_TESTCAR_2014_PRESENT,5E8E150CD53494059FF81554632CDDB4A74B857E5E7F24566BE8EC92FDA1F507,EPA-TESTCAR-ROW-13253,EPA-LEGACY-ROW-9321,RND_ADJ_FE,25.7,kWh/100mi,,Approved as kWh/100mi unit interpretation; raw number preserved. Legacy comment saying kWh/km was incorrect.,Legacy helper algebra; explicit FuelEconomy KW-HR/100Miles metadata; EPA EV methodology (https://www.epa.gov/greenvehicles/fuel-economy-and-ev-range-testing; https://www.epa.gov/fueleconomy/text-version-electric-vehicle-label; https://nepis.epa.gov/Exe/ZyPURL.cgi?Dockey=P101698T.txt).,ACTIVE_DETERMINISTIC_UNIT_INTERPRETATION,Raw numeric value is never replaced. Stale source/version/key/value mismatches must fail or quarantine.
EPA_TESTCAR_2014_PRESENT,5E8E150CD53494059FF81554632CDDB4A74B857E5E7F24566BE8EC92FDA1F507,EPA-TESTCAR-ROW-13256,EPA-LEGACY-ROW-9324,RND_ADJ_FE,28.5,kWh/100mi,,Approved as kWh/100mi unit interpretation; raw number preserved. Legacy comment saying kWh/km was incorrect.,Legacy helper algebra; explicit FuelEconomy KW-HR/100Miles metadata; EPA EV methodology (https://www.epa.gov/greenvehicles/fuel-economy-and-ev-range-testing; https://www.epa.gov/fueleconomy/text-version-electric-vehicle-label; https://nepis.epa.gov/Exe/ZyPURL.cgi?Dockey=P101698T.txt).,ACTIVE_DETERMINISTIC_UNIT_INTERPRETATION,Raw numeric value is never replaced. Stale source/version/key/value mismatches must fail or quarantine.
EPA_TESTCAR_2014_PRESENT,5E8E150CD53494059FF81554632CDDB4A74B857E5E7F24566BE8EC92FDA1F507,EPA-TESTCAR-ROW-13259,EPA-LEGACY-ROW-9327,RND_ADJ_FE,20.2,kWh/100mi,,Approved as kWh/100mi unit interpretation; raw number preserved. Legacy comment saying kWh/km was incorrect.,Legacy helper algebra; explicit FuelEconomy KW-HR/100Miles metadata; EPA EV methodology (https://www.epa.gov/greenvehicles/fuel-economy-and-ev-range-testing; https://www.epa.gov/fueleconomy/text-version-electric-vehicle-label; https://nepis.epa.gov/Exe/ZyPURL.cgi?Dockey=P101698T.txt).,ACTIVE_DETERMINISTIC_UNIT_INTERPRETATION,Raw numeric value is never replaced. Stale source/version/key/value mismatches must fail or quarantine.
EPA_TESTCAR_2014_PRESENT,5E8E150CD53494059FF81554632CDDB4A74B857E5E7F24566BE8EC92FDA1F507,EPA-TESTCAR-ROW-13260,EPA-LEGACY-ROW-9328,RND_ADJ_FE,23.6,kWh/100mi,,Approved as kWh/100mi unit interpretation; raw number preserved. Legacy comment saying kWh/km was incorrect.,Legacy helper algebra; explicit FuelEconomy KW-HR/100Miles metadata; EPA EV methodology (https://www.epa.gov/greenvehicles/fuel-economy-and-ev-range-testing; https://www.epa.gov/fueleconomy/text-version-electric-vehicle-label; https://nepis.epa.gov/Exe/ZyPURL.cgi?Dockey=P101698T.txt).,ACTIVE_DETERMINISTIC_UNIT_INTERPRETATION,Raw numeric value is never replaced. Stale source/version/key/value mismatches must fail or quarantine.
EPA_TESTCAR_2014_PRESENT,5E8E150CD53494059FF81554632CDDB4A74B857E5E7F24566BE8EC92FDA1F507,EPA-TESTCAR-ROW-13608,EPA-LEGACY-ROW-9676,RND_ADJ_FE,26.2,kWh/100mi,,Approved as kWh/100mi unit interpretation; raw number preserved. Legacy comment saying kWh/km was incorrect.,Legacy helper algebra; explicit FuelEconomy KW-HR/100Miles metadata; EPA EV methodology (https://www.epa.gov/greenvehicles/fuel-economy-and-ev-range-testing; https://www.epa.gov/fueleconomy/text-version-electric-vehicle-label; https://nepis.epa.gov/Exe/ZyPURL.cgi?Dockey=P101698T.txt).,ACTIVE_DETERMINISTIC_UNIT_INTERPRETATION,Raw numeric value is never replaced. Stale source/version/key/value mismatches must fail or quarantine.
EPA_TESTCAR_2014_PRESENT,5E8E150CD53494059FF81554632CDDB4A74B857E5E7F24566BE8EC92FDA1F507,EPA-TESTCAR-ROW-13609,EPA-LEGACY-ROW-9677,RND_ADJ_FE,30.5,kWh/100mi,,Approved as kWh/100mi unit interpretation; raw number preserved. Legacy comment saying kWh/km was incorrect.,Legacy helper algebra; explicit FuelEconomy KW-HR/100Miles metadata; EPA EV methodology (https://www.epa.gov/greenvehicles/fuel-economy-and-ev-range-testing; https://www.epa.gov/fueleconomy/text-version-electric-vehicle-label; https://nepis.epa.gov/Exe/ZyPURL.cgi?Dockey=P101698T.txt).,ACTIVE_DETERMINISTIC_UNIT_INTERPRETATION,Raw numeric value is never replaced. Stale source/version/key/value mismatches must fail or quarantine.
EPA_TESTCAR_2014_PRESENT,5E8E150CD53494059FF81554632CDDB4A74B857E5E7F24566BE8EC92FDA1F507,EPA-TESTCAR-ROW-13668,EPA-LEGACY-ROW-9736,RND_ADJ_FE,23.8,kWh/100mi,,Approved as kWh/100mi unit interpretation; raw number preserved. Legacy comment saying kWh/km was incorrect.,Legacy helper algebra; explicit FuelEconomy KW-HR/100Miles metadata; EPA EV methodology (https://www.epa.gov/greenvehicles/fuel-economy-and-ev-range-testing; https://www.epa.gov/fueleconomy/text-version-electric-vehicle-label; https://nepis.epa.gov/Exe/ZyPURL.cgi?Dockey=P101698T.txt).,ACTIVE_DETERMINISTIC_UNIT_INTERPRETATION,Raw numeric value is never replaced. Stale source/version/key/value mismatches must fail or quarantine.
EPA_TESTCAR_2014_PRESENT,5E8E150CD53494059FF81554632CDDB4A74B857E5E7F24566BE8EC92FDA1F507,EPA-TESTCAR-ROW-13669,EPA-LEGACY-ROW-9737,RND_ADJ_FE,27.4,kWh/100mi,,Approved as kWh/100mi unit interpretation; raw number preserved. Legacy comment saying kWh/km was incorrect.,Legacy helper algebra; explicit FuelEconomy KW-HR/100Miles metadata; EPA EV methodology (https://www.epa.gov/greenvehicles/fuel-economy-and-ev-range-testing; https://www.epa.gov/fueleconomy/text-version-electric-vehicle-label; https://nepis.epa.gov/Exe/ZyPURL.cgi?Dockey=P101698T.txt).,ACTIVE_DETERMINISTIC_UNIT_INTERPRETATION,Raw numeric value is never replaced. Stale source/version/key/value mismatches must fail or quarantine.
EPA_TESTCAR_2014_PRESENT,5E8E150CD53494059FF81554632CDDB4A74B857E5E7F24566BE8EC92FDA1F507,EPA-TESTCAR-ROW-14399,EPA-LEGACY-ROW-10467,RND_ADJ_FE,21.8,kWh/100mi,,Approved as kWh/100mi unit interpretation; raw number preserved. Legacy comment saying kWh/km was incorrect.,Legacy helper algebra; explicit FuelEconomy KW-HR/100Miles metadata; EPA EV methodology (https://www.epa.gov/greenvehicles/fuel-economy-and-ev-range-testing; https://www.epa.gov/fueleconomy/text-version-electric-vehicle-label; https://nepis.epa.gov/Exe/ZyPURL.cgi?Dockey=P101698T.txt).,ACTIVE_DETERMINISTIC_UNIT_INTERPRETATION,Raw numeric value is never replaced. Stale source/version/key/value mismatches must fail or quarantine.
EPA_TESTCAR_2014_PRESENT,5E8E150CD53494059FF81554632CDDB4A74B857E5E7F24566BE8EC92FDA1F507,EPA-TESTCAR-ROW-14400,EPA-LEGACY-ROW-10468,RND_ADJ_FE,25.5,kWh/100mi,,Approved as kWh/100mi unit interpretation; raw number preserved. Legacy comment saying kWh/km was incorrect.,Legacy helper algebra; explicit FuelEconomy KW-HR/100Miles metadata; EPA EV methodology (https://www.epa.gov/greenvehicles/fuel-economy-and-ev-range-testing; https://www.epa.gov/fueleconomy/text-version-electric-vehicle-label; https://nepis.epa.gov/Exe/ZyPURL.cgi?Dockey=P101698T.txt).,ACTIVE_DETERMINISTIC_UNIT_INTERPRETATION,Raw numeric value is never replaced. Stale source/version/key/value mismatches must fail or quarantine.
EPA_TESTCAR_2014_PRESENT,5E8E150CD53494059FF81554632CDDB4A74B857E5E7F24566BE8EC92FDA1F507,EPA-TESTCAR-ROW-14401,EPA-LEGACY-ROW-10469,RND_ADJ_FE,24.1,kWh/100mi,,Approved as kWh/100mi unit interpretation; raw number preserved. Legacy comment saying kWh/km was incorrect.,Legacy helper algebra; explicit FuelEconomy KW-HR/100Miles metadata; EPA EV methodology (https://www.epa.gov/greenvehicles/fuel-economy-and-ev-range-testing; https://www.epa.gov/fueleconomy/text-version-electric-vehicle-label; https://nepis.epa.gov/Exe/ZyPURL.cgi?Dockey=P101698T.txt).,ACTIVE_DETERMINISTIC_UNIT_INTERPRETATION,Raw numeric value is never replaced. Stale source/version/key/value mismatches must fail or quarantine.
EPA_TESTCAR_2014_PRESENT,5E8E150CD53494059FF81554632CDDB4A74B857E5E7F24566BE8EC92FDA1F507,EPA-TESTCAR-ROW-14402,EPA-LEGACY-ROW-10470,RND_ADJ_FE,28.4,kWh/100mi,,Approved as kWh/100mi unit interpretation; raw number preserved. Legacy comment saying kWh/km was incorrect.,Legacy helper algebra; explicit FuelEconomy KW-HR/100Miles metadata; EPA EV methodology (https://www.epa.gov/greenvehicles/fuel-economy-and-ev-range-testing; https://www.epa.gov/fueleconomy/text-version-electric-vehicle-label; https://nepis.epa.gov/Exe/ZyPURL.cgi?Dockey=P101698T.txt).,ACTIVE_DETERMINISTIC_UNIT_INTERPRETATION,Raw numeric value is never replaced. Stale source/version/key/value mismatches must fail or quarantine.
EPA_TESTCAR_2014_PRESENT,5E8E150CD53494059FF81554632CDDB4A74B857E5E7F24566BE8EC92FDA1F507,EPA-TESTCAR-ROW-14463,EPA-LEGACY-ROW-10531,RND_ADJ_FE,21,kWh/100mi,,Approved as kWh/100mi unit interpretation; raw number preserved. Legacy comment saying kWh/km was incorrect.,Legacy helper algebra; explicit FuelEconomy KW-HR/100Miles metadata; EPA EV methodology (https://www.epa.gov/greenvehicles/fuel-economy-and-ev-range-testing; https://www.epa.gov/fueleconomy/text-version-electric-vehicle-label; https://nepis.epa.gov/Exe/ZyPURL.cgi?Dockey=P101698T.txt).,ACTIVE_DETERMINISTIC_UNIT_INTERPRETATION,Raw numeric value is never replaced. Stale source/version/key/value mismatches must fail or quarantine.
EPA_TESTCAR_2014_PRESENT,5E8E150CD53494059FF81554632CDDB4A74B857E5E7F24566BE8EC92FDA1F507,EPA-TESTCAR-ROW-14464,EPA-LEGACY-ROW-10532,RND_ADJ_FE,25.9,kWh/100mi,,Approved as kWh/100mi unit interpretation; raw number preserved. Legacy comment saying kWh/km was incorrect.,Legacy helper algebra; explicit FuelEconomy KW-HR/100Miles metadata; EPA EV methodology (https://www.epa.gov/greenvehicles/fuel-economy-and-ev-range-testing; https://www.epa.gov/fueleconomy/text-version-electric-vehicle-label; https://nepis.epa.gov/Exe/ZyPURL.cgi?Dockey=P101698T.txt).,ACTIVE_DETERMINISTIC_UNIT_INTERPRETATION,Raw numeric value is never replaced. Stale source/version/key/value mismatches must fail or quarantine.
EPA_TESTCAR_2014_PRESENT,5E8E150CD53494059FF81554632CDDB4A74B857E5E7F24566BE8EC92FDA1F507,EPA-TESTCAR-ROW-14465,EPA-LEGACY-ROW-10533,RND_ADJ_FE,22.9,kWh/100mi,,Approved as kWh/100mi unit interpretation; raw number preserved. Legacy comment saying kWh/km was incorrect.,Legacy helper algebra; explicit FuelEconomy KW-HR/100Miles metadata; EPA EV methodology (https://www.epa.gov/greenvehicles/fuel-economy-and-ev-range-testing; https://www.epa.gov/fueleconomy/text-version-electric-vehicle-label; https://nepis.epa.gov/Exe/ZyPURL.cgi?Dockey=P101698T.txt).,ACTIVE_DETERMINISTIC_UNIT_INTERPRETATION,Raw numeric value is never replaced. Stale source/version/key/value mismatches must fail or quarantine.
EPA_TESTCAR_2014_PRESENT,5E8E150CD53494059FF81554632CDDB4A74B857E5E7F24566BE8EC92FDA1F507,EPA-TESTCAR-ROW-14466,EPA-LEGACY-ROW-10534,RND_ADJ_FE,27.3,kWh/100mi,,Approved as kWh/100mi unit interpretation; raw number preserved. Legacy comment saying kWh/km was incorrect.,Legacy helper algebra; explicit FuelEconomy KW-HR/100Miles metadata; EPA EV methodology (https://www.epa.gov/greenvehicles/fuel-economy-and-ev-range-testing; https://www.epa.gov/fueleconomy/text-version-electric-vehicle-label; https://nepis.epa.gov/Exe/ZyPURL.cgi?Dockey=P101698T.txt).,ACTIVE_DETERMINISTIC_UNIT_INTERPRETATION,Raw numeric value is never replaced. Stale source/version/key/value mismatches must fail or quarantine.
EPA_TESTCAR_2014_PRESENT,5E8E150CD53494059FF81554632CDDB4A74B857E5E7F24566BE8EC92FDA1F507,EPA-TESTCAR-ROW-14467,EPA-LEGACY-ROW-10535,RND_ADJ_FE,23.8,kWh/100mi,,Approved as kWh/100mi unit interpretation; raw number preserved. Legacy comment saying kWh/km was incorrect.,Legacy helper algebra; explicit FuelEconomy KW-HR/100Miles metadata; EPA EV methodology (https://www.epa.gov/greenvehicles/fuel-economy-and-ev-range-testing; https://www.epa.gov/fueleconomy/text-version-electric-vehicle-label; https://nepis.epa.gov/Exe/ZyPURL.cgi?Dockey=P101698T.txt).,ACTIVE_DETERMINISTIC_UNIT_INTERPRETATION,Raw numeric value is never replaced. Stale source/version/key/value mismatches must fail or quarantine.
EPA_TESTCAR_2014_PRESENT,5E8E150CD53494059FF81554632CDDB4A74B857E5E7F24566BE8EC92FDA1F507,EPA-TESTCAR-ROW-14468,EPA-LEGACY-ROW-10536,RND_ADJ_FE,28.2,kWh/100mi,,Approved as kWh/100mi unit interpretation; raw number preserved. Legacy comment saying kWh/km was incorrect.,Legacy helper algebra; explicit FuelEconomy KW-HR/100Miles metadata; EPA EV methodology (https://www.epa.gov/greenvehicles/fuel-economy-and-ev-range-testing; https://www.epa.gov/fueleconomy/text-version-electric-vehicle-label; https://nepis.epa.gov/Exe/ZyPURL.cgi?Dockey=P101698T.txt).,ACTIVE_DETERMINISTIC_UNIT_INTERPRETATION,Raw numeric value is never replaced. Stale source/version/key/value mismatches must fail or quarantine.
EPA_TESTCAR_2014_PRESENT,5E8E150CD53494059FF81554632CDDB4A74B857E5E7F24566BE8EC92FDA1F507,EPA-TESTCAR-ROW-14469,EPA-LEGACY-ROW-10537,RND_ADJ_FE,18.4,kWh/100mi,,Approved as kWh/100mi unit interpretation; raw number preserved. Legacy comment saying kWh/km was incorrect.,Legacy helper algebra; explicit FuelEconomy KW-HR/100Miles metadata; EPA EV methodology (https://www.epa.gov/greenvehicles/fuel-economy-and-ev-range-testing; https://www.epa.gov/fueleconomy/text-version-electric-vehicle-label; https://nepis.epa.gov/Exe/ZyPURL.cgi?Dockey=P101698T.txt).,ACTIVE_DETERMINISTIC_UNIT_INTERPRETATION,Raw numeric value is never replaced. Stale source/version/key/value mismatches must fail or quarantine.
EPA_TESTCAR_2014_PRESENT,5E8E150CD53494059FF81554632CDDB4A74B857E5E7F24566BE8EC92FDA1F507,EPA-TESTCAR-ROW-14470,EPA-LEGACY-ROW-10538,RND_ADJ_FE,23.1,kWh/100mi,,Approved as kWh/100mi unit interpretation; raw number preserved. Legacy comment saying kWh/km was incorrect.,Legacy helper algebra; explicit FuelEconomy KW-HR/100Miles metadata; EPA EV methodology (https://www.epa.gov/greenvehicles/fuel-economy-and-ev-range-testing; https://www.epa.gov/fueleconomy/text-version-electric-vehicle-label; https://nepis.epa.gov/Exe/ZyPURL.cgi?Dockey=P101698T.txt).,ACTIVE_DETERMINISTIC_UNIT_INTERPRETATION,Raw numeric value is never replaced. Stale source/version/key/value mismatches must fail or quarantine.
EPA_TESTCAR_2014_PRESENT,5E8E150CD53494059FF81554632CDDB4A74B857E5E7F24566BE8EC92FDA1F507,EPA-TESTCAR-ROW-14543,EPA-LEGACY-ROW-10611,RND_ADJ_FE,22.4,kWh/100mi,,Approved as kWh/100mi unit interpretation; raw number preserved. Legacy comment saying kWh/km was incorrect.,Legacy helper algebra; explicit FuelEconomy KW-HR/100Miles metadata; EPA EV methodology (https://www.epa.gov/greenvehicles/fuel-economy-and-ev-range-testing; https://www.epa.gov/fueleconomy/text-version-electric-vehicle-label; https://nepis.epa.gov/Exe/ZyPURL.cgi?Dockey=P101698T.txt).,ACTIVE_DETERMINISTIC_UNIT_INTERPRETATION,Raw numeric value is never replaced. Stale source/version/key/value mismatches must fail or quarantine.
EPA_TESTCAR_2014_PRESENT,5E8E150CD53494059FF81554632CDDB4A74B857E5E7F24566BE8EC92FDA1F507,EPA-TESTCAR-ROW-14544,EPA-LEGACY-ROW-10612,RND_ADJ_FE,27.4,kWh/100mi,,Approved as kWh/100mi unit interpretation; raw number preserved. Legacy comment saying kWh/km was incorrect.,Legacy helper algebra; explicit FuelEconomy KW-HR/100Miles metadata; EPA EV methodology (https://www.epa.gov/greenvehicles/fuel-economy-and-ev-range-testing; https://www.epa.gov/fueleconomy/text-version-electric-vehicle-label; https://nepis.epa.gov/Exe/ZyPURL.cgi?Dockey=P101698T.txt).,ACTIVE_DETERMINISTIC_UNIT_INTERPRETATION,Raw numeric value is never replaced. Stale source/version/key/value mismatches must fail or quarantine.
EPA_TESTCAR_2014_PRESENT,5E8E150CD53494059FF81554632CDDB4A74B857E5E7F24566BE8EC92FDA1F507,EPA-TESTCAR-ROW-14545,EPA-LEGACY-ROW-10613,RND_ADJ_FE,18.3,kWh/100mi,,Approved as kWh/100mi unit interpretation; raw number preserved. Legacy comment saying kWh/km was incorrect.,Legacy helper algebra; explicit FuelEconomy KW-HR/100Miles metadata; EPA EV methodology (https://www.epa.gov/greenvehicles/fuel-economy-and-ev-range-testing; https://www.epa.gov/fueleconomy/text-version-electric-vehicle-label; https://nepis.epa.gov/Exe/ZyPURL.cgi?Dockey=P101698T.txt).,ACTIVE_DETERMINISTIC_UNIT_INTERPRETATION,Raw numeric value is never replaced. Stale source/version/key/value mismatches must fail or quarantine.
EPA_TESTCAR_2014_PRESENT,5E8E150CD53494059FF81554632CDDB4A74B857E5E7F24566BE8EC92FDA1F507,EPA-TESTCAR-ROW-14546,EPA-LEGACY-ROW-10614,RND_ADJ_FE,24.7,kWh/100mi,,Approved as kWh/100mi unit interpretation; raw number preserved. Legacy comment saying kWh/km was incorrect.,Legacy helper algebra; explicit FuelEconomy KW-HR/100Miles metadata; EPA EV methodology (https://www.epa.gov/greenvehicles/fuel-economy-and-ev-range-testing; https://www.epa.gov/fueleconomy/text-version-electric-vehicle-label; https://nepis.epa.gov/Exe/ZyPURL.cgi?Dockey=P101698T.txt).,ACTIVE_DETERMINISTIC_UNIT_INTERPRETATION,Raw numeric value is never replaced. Stale source/version/key/value mismatches must fail or quarantine.
EPA_TESTCAR_2014_PRESENT,5E8E150CD53494059FF81554632CDDB4A74B857E5E7F24566BE8EC92FDA1F507,EPA-TESTCAR-ROW-14547,EPA-LEGACY-ROW-10615,RND_ADJ_FE,17.6,kWh/100mi,,Approved as kWh/100mi unit interpretation; raw number preserved. Legacy comment saying kWh/km was incorrect.,Legacy helper algebra; explicit FuelEconomy KW-HR/100Miles metadata; EPA EV methodology (https://www.epa.gov/greenvehicles/fuel-economy-and-ev-range-testing; https://www.epa.gov/fueleconomy/text-version-electric-vehicle-label; https://nepis.epa.gov/Exe/ZyPURL.cgi?Dockey=P101698T.txt).,ACTIVE_DETERMINISTIC_UNIT_INTERPRETATION,Raw numeric value is never replaced. Stale source/version/key/value mismatches must fail or quarantine.
EPA_TESTCAR_2014_PRESENT,5E8E150CD53494059FF81554632CDDB4A74B857E5E7F24566BE8EC92FDA1F507,EPA-TESTCAR-ROW-14548,EPA-LEGACY-ROW-10616,RND_ADJ_FE,23.9,kWh/100mi,,Approved as kWh/100mi unit interpretation; raw number preserved. Legacy comment saying kWh/km was incorrect.,Legacy helper algebra; explicit FuelEconomy KW-HR/100Miles metadata; EPA EV methodology (https://www.epa.gov/greenvehicles/fuel-economy-and-ev-range-testing; https://www.epa.gov/fueleconomy/text-version-electric-vehicle-label; https://nepis.epa.gov/Exe/ZyPURL.cgi?Dockey=P101698T.txt).,ACTIVE_DETERMINISTIC_UNIT_INTERPRETATION,Raw numeric value is never replaced. Stale source/version/key/value mismatches must fail or quarantine.
EPA_TESTCAR_2014_PRESENT,5E8E150CD53494059FF81554632CDDB4A74B857E5E7F24566BE8EC92FDA1F507,EPA-TESTCAR-ROW-14549,EPA-LEGACY-ROW-10617,RND_ADJ_FE,20.2,kWh/100mi,,Approved as kWh/100mi unit interpretation; raw number preserved. Legacy comment saying kWh/km was incorrect.,Legacy helper algebra; explicit FuelEconomy KW-HR/100Miles metadata; EPA EV methodology (https://www.epa.gov/greenvehicles/fuel-economy-and-ev-range-testing; https://www.epa.gov/fueleconomy/text-version-electric-vehicle-label; https://nepis.epa.gov/Exe/ZyPURL.cgi?Dockey=P101698T.txt).,ACTIVE_DETERMINISTIC_UNIT_INTERPRETATION,Raw numeric value is never replaced. Stale source/version/key/value mismatches must fail or quarantine.
EPA_TESTCAR_2014_PRESENT,5E8E150CD53494059FF81554632CDDB4A74B857E5E7F24566BE8EC92FDA1F507,EPA-TESTCAR-ROW-14550,EPA-LEGACY-ROW-10618,RND_ADJ_FE,25.6,kWh/100mi,,Approved as kWh/100mi unit interpretation; raw number preserved. Legacy comment saying kWh/km was incorrect.,Legacy helper algebra; explicit FuelEconomy KW-HR/100Miles metadata; EPA EV methodology (https://www.epa.gov/greenvehicles/fuel-economy-and-ev-range-testing; https://www.epa.gov/fueleconomy/text-version-electric-vehicle-label; https://nepis.epa.gov/Exe/ZyPURL.cgi?Dockey=P101698T.txt).,ACTIVE_DETERMINISTIC_UNIT_INTERPRETATION,Raw numeric value is never replaced. Stale source/version/key/value mismatches must fail or quarantine.
EPA_TESTCAR_2014_PRESENT,5E8E150CD53494059FF81554632CDDB4A74B857E5E7F24566BE8EC92FDA1F507,EPA-TESTCAR-ROW-14551,EPA-LEGACY-ROW-10619,RND_ADJ_FE,17.7,kWh/100mi,,Approved as kWh/100mi unit interpretation; raw number preserved. Legacy comment saying kWh/km was incorrect.,Legacy helper algebra; explicit FuelEconomy KW-HR/100Miles metadata; EPA EV methodology (https://www.epa.gov/greenvehicles/fuel-economy-and-ev-range-testing; https://www.epa.gov/fueleconomy/text-version-electric-vehicle-label; https://nepis.epa.gov/Exe/ZyPURL.cgi?Dockey=P101698T.txt).,ACTIVE_DETERMINISTIC_UNIT_INTERPRETATION,Raw numeric value is never replaced. Stale source/version/key/value mismatches must fail or quarantine.
EPA_TESTCAR_2014_PRESENT,5E8E150CD53494059FF81554632CDDB4A74B857E5E7F24566BE8EC92FDA1F507,EPA-TESTCAR-ROW-14552,EPA-LEGACY-ROW-10620,RND_ADJ_FE,20.7,kWh/100mi,,Approved as kWh/100mi unit interpretation; raw number preserved. Legacy comment saying kWh/km was incorrect.,Legacy helper algebra; explicit FuelEconomy KW-HR/100Miles metadata; EPA EV methodology (https://www.epa.gov/greenvehicles/fuel-economy-and-ev-range-testing; https://www.epa.gov/fueleconomy/text-version-electric-vehicle-label; https://nepis.epa.gov/Exe/ZyPURL.cgi?Dockey=P101698T.txt).,ACTIVE_DETERMINISTIC_UNIT_INTERPRETATION,Raw numeric value is never replaced. Stale source/version/key/value mismatches must fail or quarantine.
EPA_TESTCAR_2014_PRESENT,5E8E150CD53494059FF81554632CDDB4A74B857E5E7F24566BE8EC92FDA1F507,EPA-TESTCAR-ROW-14553,EPA-LEGACY-ROW-10621,RND_ADJ_FE,21.1,kWh/100mi,,Approved as kWh/100mi unit interpretation; raw number preserved. Legacy comment saying kWh/km was incorrect.,Legacy helper algebra; explicit FuelEconomy KW-HR/100Miles metadata; EPA EV methodology (https://www.epa.gov/greenvehicles/fuel-economy-and-ev-range-testing; https://www.epa.gov/fueleconomy/text-version-electric-vehicle-label; https://nepis.epa.gov/Exe/ZyPURL.cgi?Dockey=P101698T.txt).,ACTIVE_DETERMINISTIC_UNIT_INTERPRETATION,Raw numeric value is never replaced. Stale source/version/key/value mismatches must fail or quarantine.
EPA_TESTCAR_2014_PRESENT,5E8E150CD53494059FF81554632CDDB4A74B857E5E7F24566BE8EC92FDA1F507,EPA-TESTCAR-ROW-14554,EPA-LEGACY-ROW-10622,RND_ADJ_FE,24.9,kWh/100mi,,Approved as kWh/100mi unit interpretation; raw number preserved. Legacy comment saying kWh/km was incorrect.,Legacy helper algebra; explicit FuelEconomy KW-HR/100Miles metadata; EPA EV methodology (https://www.epa.gov/greenvehicles/fuel-economy-and-ev-range-testing; https://www.epa.gov/fueleconomy/text-version-electric-vehicle-label; https://nepis.epa.gov/Exe/ZyPURL.cgi?Dockey=P101698T.txt).,ACTIVE_DETERMINISTIC_UNIT_INTERPRETATION,Raw numeric value is never replaced. Stale source/version/key/value mismatches must fail or quarantine.
EPA_TESTCAR_2014_PRESENT,5E8E150CD53494059FF81554632CDDB4A74B857E5E7F24566BE8EC92FDA1F507,EPA-TESTCAR-ROW-14555,EPA-LEGACY-ROW-10623,RND_ADJ_FE,5,kWh/100mi,,Approved as kWh/100mi unit interpretation; raw number preserved. Legacy comment saying kWh/km was incorrect.,Legacy helper algebra; explicit FuelEconomy KW-HR/100Miles metadata; EPA EV methodology (https://www.epa.gov/greenvehicles/fuel-economy-and-ev-range-testing; https://www.epa.gov/fueleconomy/text-version-electric-vehicle-label; https://nepis.epa.gov/Exe/ZyPURL.cgi?Dockey=P101698T.txt).,ACTIVE_DETERMINISTIC_UNIT_INTERPRETATION,Raw numeric value is never replaced. Stale source/version/key/value mismatches must fail or quarantine.
EPA_TESTCAR_2014_PRESENT,5E8E150CD53494059FF81554632CDDB4A74B857E5E7F24566BE8EC92FDA1F507,EPA-TESTCAR-ROW-14559,EPA-LEGACY-ROW-10627,RND_ADJ_FE,15.8,kWh/100mi,,Approved as kWh/100mi unit interpretation; raw number preserved. Legacy comment saying kWh/km was incorrect.,Legacy helper algebra; explicit FuelEconomy KW-HR/100Miles metadata; EPA EV methodology (https://www.epa.gov/greenvehicles/fuel-economy-and-ev-range-testing; https://www.epa.gov/fueleconomy/text-version-electric-vehicle-label; https://nepis.epa.gov/Exe/ZyPURL.cgi?Dockey=P101698T.txt).,ACTIVE_DETERMINISTIC_UNIT_INTERPRETATION,Raw numeric value is never replaced. Stale source/version/key/value mismatches must fail or quarantine.
EPA_TESTCAR_2014_PRESENT,5E8E150CD53494059FF81554632CDDB4A74B857E5E7F24566BE8EC92FDA1F507,EPA-TESTCAR-ROW-14560,EPA-LEGACY-ROW-10628,RND_ADJ_FE,18.9,kWh/100mi,,Approved as kWh/100mi unit interpretation; raw number preserved. Legacy comment saying kWh/km was incorrect.,Legacy helper algebra; explicit FuelEconomy KW-HR/100Miles metadata; EPA EV methodology (https://www.epa.gov/greenvehicles/fuel-economy-and-ev-range-testing; https://www.epa.gov/fueleconomy/text-version-electric-vehicle-label; https://nepis.epa.gov/Exe/ZyPURL.cgi?Dockey=P101698T.txt).,ACTIVE_DETERMINISTIC_UNIT_INTERPRETATION,Raw numeric value is never replaced. Stale source/version/key/value mismatches must fail or quarantine.
EPA_TESTCAR_2014_PRESENT,5E8E150CD53494059FF81554632CDDB4A74B857E5E7F24566BE8EC92FDA1F507,EPA-TESTCAR-ROW-14561,EPA-LEGACY-ROW-10629,RND_ADJ_FE,18.9,kWh/100mi,,Approved as kWh/100mi unit interpretation; raw number preserved. Legacy comment saying kWh/km was incorrect.,Legacy helper algebra; explicit FuelEconomy KW-HR/100Miles metadata; EPA EV methodology (https://www.epa.gov/greenvehicles/fuel-economy-and-ev-range-testing; https://www.epa.gov/fueleconomy/text-version-electric-vehicle-label; https://nepis.epa.gov/Exe/ZyPURL.cgi?Dockey=P101698T.txt).,ACTIVE_DETERMINISTIC_UNIT_INTERPRETATION,Raw numeric value is never replaced. Stale source/version/key/value mismatches must fail or quarantine.
EPA_TESTCAR_2014_PRESENT,5E8E150CD53494059FF81554632CDDB4A74B857E5E7F24566BE8EC92FDA1F507,EPA-TESTCAR-ROW-14562,EPA-LEGACY-ROW-10630,RND_ADJ_FE,23.3,kWh/100mi,,Approved as kWh/100mi unit interpretation; raw number preserved. Legacy comment saying kWh/km was incorrect.,Legacy helper algebra; explicit FuelEconomy KW-HR/100Miles metadata; EPA EV methodology (https://www.epa.gov/greenvehicles/fuel-economy-and-ev-range-testing; https://www.epa.gov/fueleconomy/text-version-electric-vehicle-label; https://nepis.epa.gov/Exe/ZyPURL.cgi?Dockey=P101698T.txt).,ACTIVE_DETERMINISTIC_UNIT_INTERPRETATION,Raw numeric value is never replaced. Stale source/version/key/value mismatches must fail or quarantine.
EPA_TESTCAR_2014_PRESENT,5E8E150CD53494059FF81554632CDDB4A74B857E5E7F24566BE8EC92FDA1F507,EPA-TESTCAR-ROW-14566,EPA-LEGACY-ROW-10634,RND_ADJ_FE,4.5,kWh/100mi,,Approved as kWh/100mi unit interpretation; raw number preserved. Legacy comment saying kWh/km was incorrect.,Legacy helper algebra; explicit FuelEconomy KW-HR/100Miles metadata; EPA EV methodology (https://www.epa.gov/greenvehicles/fuel-economy-and-ev-range-testing; https://www.epa.gov/fueleconomy/text-version-electric-vehicle-label; https://nepis.epa.gov/Exe/ZyPURL.cgi?Dockey=P101698T.txt).,ACTIVE_DETERMINISTIC_UNIT_INTERPRETATION,Raw numeric value is never replaced. Stale source/version/key/value mismatches must fail or quarantine.
EPA_TESTCAR_2014_PRESENT,5E8E150CD53494059FF81554632CDDB4A74B857E5E7F24566BE8EC92FDA1F507,EPA-TESTCAR-ROW-14567,EPA-LEGACY-ROW-10635,RND_ADJ_FE,15.2,kWh/100mi,,Approved as kWh/100mi unit interpretation; raw number preserved. Legacy comment saying kWh/km was incorrect.,Legacy helper algebra; explicit FuelEconomy KW-HR/100Miles metadata; EPA EV methodology (https://www.epa.gov/greenvehicles/fuel-economy-and-ev-range-testing; https://www.epa.gov/fueleconomy/text-version-electric-vehicle-label; https://nepis.epa.gov/Exe/ZyPURL.cgi?Dockey=P101698T.txt).,ACTIVE_DETERMINISTIC_UNIT_INTERPRETATION,Raw numeric value is never replaced. Stale source/version/key/value mismatches must fail or quarantine.
EPA_TESTCAR_2014_PRESENT,5E8E150CD53494059FF81554632CDDB4A74B857E5E7F24566BE8EC92FDA1F507,EPA-TESTCAR-ROW-14568,EPA-LEGACY-ROW-10636,RND_ADJ_FE,19.1,kWh/100mi,,Approved as kWh/100mi unit interpretation; raw number preserved. Legacy comment saying kWh/km was incorrect.,Legacy helper algebra; explicit FuelEconomy KW-HR/100Miles metadata; EPA EV methodology (https://www.epa.gov/greenvehicles/fuel-economy-and-ev-range-testing; https://www.epa.gov/fueleconomy/text-version-electric-vehicle-label; https://nepis.epa.gov/Exe/ZyPURL.cgi?Dockey=P101698T.txt).,ACTIVE_DETERMINISTIC_UNIT_INTERPRETATION,Raw numeric value is never replaced. Stale source/version/key/value mismatches must fail or quarantine.
EPA_TESTCAR_2014_PRESENT,5E8E150CD53494059FF81554632CDDB4A74B857E5E7F24566BE8EC92FDA1F507,EPA-TESTCAR-ROW-14584,EPA-LEGACY-ROW-10652,RND_ADJ_FE,17.2,kWh/100mi,,Approved as kWh/100mi unit interpretation; raw number preserved. Legacy comment saying kWh/km was incorrect.,Legacy helper algebra; explicit FuelEconomy KW-HR/100Miles metadata; EPA EV methodology (https://www.epa.gov/greenvehicles/fuel-economy-and-ev-range-testing; https://www.epa.gov/fueleconomy/text-version-electric-vehicle-label; https://nepis.epa.gov/Exe/ZyPURL.cgi?Dockey=P101698T.txt).,ACTIVE_DETERMINISTIC_UNIT_INTERPRETATION,Raw numeric value is never replaced. Stale source/version/key/value mismatches must fail or quarantine.
EPA_TESTCAR_2014_PRESENT,5E8E150CD53494059FF81554632CDDB4A74B857E5E7F24566BE8EC92FDA1F507,EPA-TESTCAR-ROW-14585,EPA-LEGACY-ROW-10653,RND_ADJ_FE,21.7,kWh/100mi,,Approved as kWh/100mi unit interpretation; raw number preserved. Legacy comment saying kWh/km was incorrect.,Legacy helper algebra; explicit FuelEconomy KW-HR/100Miles metadata; EPA EV methodology (https://www.epa.gov/greenvehicles/fuel-economy-and-ev-range-testing; https://www.epa.gov/fueleconomy/text-version-electric-vehicle-label; https://nepis.epa.gov/Exe/ZyPURL.cgi?Dockey=P101698T.txt).,ACTIVE_DETERMINISTIC_UNIT_INTERPRETATION,Raw numeric value is never replaced. Stale source/version/key/value mismatches must fail or quarantine.
EPA_TESTCAR_2014_PRESENT,5E8E150CD53494059FF81554632CDDB4A74B857E5E7F24566BE8EC92FDA1F507,EPA-TESTCAR-ROW-14819,EPA-LEGACY-ROW-10887,RND_ADJ_FE,27,kWh/100mi,,Approved as kWh/100mi unit interpretation; raw number preserved. Legacy comment saying kWh/km was incorrect.,Legacy helper algebra; explicit FuelEconomy KW-HR/100Miles metadata; EPA EV methodology (https://www.epa.gov/greenvehicles/fuel-economy-and-ev-range-testing; https://www.epa.gov/fueleconomy/text-version-electric-vehicle-label; https://nepis.epa.gov/Exe/ZyPURL.cgi?Dockey=P101698T.txt).,ACTIVE_DETERMINISTIC_UNIT_INTERPRETATION,Raw numeric value is never replaced. Stale source/version/key/value mismatches must fail or quarantine.
EPA_TESTCAR_2014_PRESENT,5E8E150CD53494059FF81554632CDDB4A74B857E5E7F24566BE8EC92FDA1F507,EPA-TESTCAR-ROW-14820,EPA-LEGACY-ROW-10888,RND_ADJ_FE,30.7,kWh/100mi,,Approved as kWh/100mi unit interpretation; raw number preserved. Legacy comment saying kWh/km was incorrect.,Legacy helper algebra; explicit FuelEconomy KW-HR/100Miles metadata; EPA EV methodology (https://www.epa.gov/greenvehicles/fuel-economy-and-ev-range-testing; https://www.epa.gov/fueleconomy/text-version-electric-vehicle-label; https://nepis.epa.gov/Exe/ZyPURL.cgi?Dockey=P101698T.txt).,ACTIVE_DETERMINISTIC_UNIT_INTERPRETATION,Raw numeric value is never replaced. Stale source/version/key/value mismatches must fail or quarantine.
EPA_TESTCAR_2014_PRESENT,5E8E150CD53494059FF81554632CDDB4A74B857E5E7F24566BE8EC92FDA1F507,EPA-TESTCAR-ROW-14821,EPA-LEGACY-ROW-10889,RND_ADJ_FE,28.7,kWh/100mi,,Approved as kWh/100mi unit interpretation; raw number preserved. Legacy comment saying kWh/km was incorrect.,Legacy helper algebra; explicit FuelEconomy KW-HR/100Miles metadata; EPA EV methodology (https://www.epa.gov/greenvehicles/fuel-economy-and-ev-range-testing; https://www.epa.gov/fueleconomy/text-version-electric-vehicle-label; https://nepis.epa.gov/Exe/ZyPURL.cgi?Dockey=P101698T.txt).,ACTIVE_DETERMINISTIC_UNIT_INTERPRETATION,Raw numeric value is never replaced. Stale source/version/key/value mismatches must fail or quarantine.
EPA_TESTCAR_2014_PRESENT,5E8E150CD53494059FF81554632CDDB4A74B857E5E7F24566BE8EC92FDA1F507,EPA-TESTCAR-ROW-14822,EPA-LEGACY-ROW-10890,RND_ADJ_FE,33.2,kWh/100mi,,Approved as kWh/100mi unit interpretation; raw number preserved. Legacy comment saying kWh/km was incorrect.,Legacy helper algebra; explicit FuelEconomy KW-HR/100Miles metadata; EPA EV methodology (https://www.epa.gov/greenvehicles/fuel-economy-and-ev-range-testing; https://www.epa.gov/fueleconomy/text-version-electric-vehicle-label; https://nepis.epa.gov/Exe/ZyPURL.cgi?Dockey=P101698T.txt).,ACTIVE_DETERMINISTIC_UNIT_INTERPRETATION,Raw numeric value is never replaced. Stale source/version/key/value mismatches must fail or quarantine.
EPA_TESTCAR_2014_PRESENT,5E8E150CD53494059FF81554632CDDB4A74B857E5E7F24566BE8EC92FDA1F507,EPA-TESTCAR-ROW-14823,EPA-LEGACY-ROW-10891,RND_ADJ_FE,19.7,kWh/100mi,,Approved as kWh/100mi unit interpretation; raw number preserved. Legacy comment saying kWh/km was incorrect.,Legacy helper algebra; explicit FuelEconomy KW-HR/100Miles metadata; EPA EV methodology (https://www.epa.gov/greenvehicles/fuel-economy-and-ev-range-testing; https://www.epa.gov/fueleconomy/text-version-electric-vehicle-label; https://nepis.epa.gov/Exe/ZyPURL.cgi?Dockey=P101698T.txt).,ACTIVE_DETERMINISTIC_UNIT_INTERPRETATION,Raw numeric value is never replaced. Stale source/version/key/value mismatches must fail or quarantine.
EPA_TESTCAR_2014_PRESENT,5E8E150CD53494059FF81554632CDDB4A74B857E5E7F24566BE8EC92FDA1F507,EPA-TESTCAR-ROW-14824,EPA-LEGACY-ROW-10892,RND_ADJ_FE,24.2,kWh/100mi,,Approved as kWh/100mi unit interpretation; raw number preserved. Legacy comment saying kWh/km was incorrect.,Legacy helper algebra; explicit FuelEconomy KW-HR/100Miles metadata; EPA EV methodology (https://www.epa.gov/greenvehicles/fuel-economy-and-ev-range-testing; https://www.epa.gov/fueleconomy/text-version-electric-vehicle-label; https://nepis.epa.gov/Exe/ZyPURL.cgi?Dockey=P101698T.txt).,ACTIVE_DETERMINISTIC_UNIT_INTERPRETATION,Raw numeric value is never replaced. Stale source/version/key/value mismatches must fail or quarantine.
EPA_TESTCAR_2014_PRESENT,5E8E150CD53494059FF81554632CDDB4A74B857E5E7F24566BE8EC92FDA1F507,EPA-TESTCAR-ROW-14825,EPA-LEGACY-ROW-10893,RND_ADJ_FE,21.8,kWh/100mi,,Approved as kWh/100mi unit interpretation; raw number preserved. Legacy comment saying kWh/km was incorrect.,Legacy helper algebra; explicit FuelEconomy KW-HR/100Miles metadata; EPA EV methodology (https://www.epa.gov/greenvehicles/fuel-economy-and-ev-range-testing; https://www.epa.gov/fueleconomy/text-version-electric-vehicle-label; https://nepis.epa.gov/Exe/ZyPURL.cgi?Dockey=P101698T.txt).,ACTIVE_DETERMINISTIC_UNIT_INTERPRETATION,Raw numeric value is never replaced. Stale source/version/key/value mismatches must fail or quarantine.
EPA_TESTCAR_2014_PRESENT,5E8E150CD53494059FF81554632CDDB4A74B857E5E7F24566BE8EC92FDA1F507,EPA-TESTCAR-ROW-14826,EPA-LEGACY-ROW-10894,RND_ADJ_FE,26.7,kWh/100mi,,Approved as kWh/100mi unit interpretation; raw number preserved. Legacy comment saying kWh/km was incorrect.,Legacy helper algebra; explicit FuelEconomy KW-HR/100Miles metadata; EPA EV methodology (https://www.epa.gov/greenvehicles/fuel-economy-and-ev-range-testing; https://www.epa.gov/fueleconomy/text-version-electric-vehicle-label; https://nepis.epa.gov/Exe/ZyPURL.cgi?Dockey=P101698T.txt).,ACTIVE_DETERMINISTIC_UNIT_INTERPRETATION,Raw numeric value is never replaced. Stale source/version/key/value mismatches must fail or quarantine.
EPA_TESTCAR_2014_PRESENT,5E8E150CD53494059FF81554632CDDB4A74B857E5E7F24566BE8EC92FDA1F507,EPA-TESTCAR-ROW-14827,EPA-LEGACY-ROW-10895,RND_ADJ_FE,17.1,kWh/100mi,,Approved as kWh/100mi unit interpretation; raw number preserved. Legacy comment saying kWh/km was incorrect.,Legacy helper algebra; explicit FuelEconomy KW-HR/100Miles metadata; EPA EV methodology (https://www.epa.gov/greenvehicles/fuel-economy-and-ev-range-testing; https://www.epa.gov/fueleconomy/text-version-electric-vehicle-label; https://nepis.epa.gov/Exe/ZyPURL.cgi?Dockey=P101698T.txt).,ACTIVE_DETERMINISTIC_UNIT_INTERPRETATION,Raw numeric value is never replaced. Stale source/version/key/value mismatches must fail or quarantine.
EPA_TESTCAR_2014_PRESENT,5E8E150CD53494059FF81554632CDDB4A74B857E5E7F24566BE8EC92FDA1F507,EPA-TESTCAR-ROW-14828,EPA-LEGACY-ROW-10896,RND_ADJ_FE,22.7,kWh/100mi,,Approved as kWh/100mi unit interpretation; raw number preserved. Legacy comment saying kWh/km was incorrect.,Legacy helper algebra; explicit FuelEconomy KW-HR/100Miles metadata; EPA EV methodology (https://www.epa.gov/greenvehicles/fuel-economy-and-ev-range-testing; https://www.epa.gov/fueleconomy/text-version-electric-vehicle-label; https://nepis.epa.gov/Exe/ZyPURL.cgi?Dockey=P101698T.txt).,ACTIVE_DETERMINISTIC_UNIT_INTERPRETATION,Raw numeric value is never replaced. Stale source/version/key/value mismatches must fail or quarantine.
EPA_TESTCAR_2014_PRESENT,5E8E150CD53494059FF81554632CDDB4A74B857E5E7F24566BE8EC92FDA1F507,EPA-TESTCAR-ROW-14829,EPA-LEGACY-ROW-10897,RND_ADJ_FE,17.1,kWh/100mi,,Approved as kWh/100mi unit interpretation; raw number preserved. Legacy comment saying kWh/km was incorrect.,Legacy helper algebra; explicit FuelEconomy KW-HR/100Miles metadata; EPA EV methodology (https://www.epa.gov/greenvehicles/fuel-economy-and-ev-range-testing; https://www.epa.gov/fueleconomy/text-version-electric-vehicle-label; https://nepis.epa.gov/Exe/ZyPURL.cgi?Dockey=P101698T.txt).,ACTIVE_DETERMINISTIC_UNIT_INTERPRETATION,Raw numeric value is never replaced. Stale source/version/key/value mismatches must fail or quarantine.
EPA_TESTCAR_2014_PRESENT,5E8E150CD53494059FF81554632CDDB4A74B857E5E7F24566BE8EC92FDA1F507,EPA-TESTCAR-ROW-14830,EPA-LEGACY-ROW-10898,RND_ADJ_FE,23.2,kWh/100mi,,Approved as kWh/100mi unit interpretation; raw number preserved. Legacy comment saying kWh/km was incorrect.,Legacy helper algebra; explicit FuelEconomy KW-HR/100Miles metadata; EPA EV methodology (https://www.epa.gov/greenvehicles/fuel-economy-and-ev-range-testing; https://www.epa.gov/fueleconomy/text-version-electric-vehicle-label; https://nepis.epa.gov/Exe/ZyPURL.cgi?Dockey=P101698T.txt).,ACTIVE_DETERMINISTIC_UNIT_INTERPRETATION,Raw numeric value is never replaced. Stale source/version/key/value mismatches must fail or quarantine.
EPA_TESTCAR_2014_PRESENT,5E8E150CD53494059FF81554632CDDB4A74B857E5E7F24566BE8EC92FDA1F507,EPA-TESTCAR-ROW-14864,EPA-LEGACY-ROW-10932,RND_ADJ_FE,18.4,kWh/100mi,,Approved as kWh/100mi unit interpretation; raw number preserved. Legacy comment saying kWh/km was incorrect.,Legacy helper algebra; explicit FuelEconomy KW-HR/100Miles metadata; EPA EV methodology (https://www.epa.gov/greenvehicles/fuel-economy-and-ev-range-testing; https://www.epa.gov/fueleconomy/text-version-electric-vehicle-label; https://nepis.epa.gov/Exe/ZyPURL.cgi?Dockey=P101698T.txt).,ACTIVE_DETERMINISTIC_UNIT_INTERPRETATION,Raw numeric value is never replaced. Stale source/version/key/value mismatches must fail or quarantine.
EPA_TESTCAR_2014_PRESENT,5E8E150CD53494059FF81554632CDDB4A74B857E5E7F24566BE8EC92FDA1F507,EPA-TESTCAR-ROW-14865,EPA-LEGACY-ROW-10933,RND_ADJ_FE,23,kWh/100mi,,Approved as kWh/100mi unit interpretation; raw number preserved. Legacy comment saying kWh/km was incorrect.,Legacy helper algebra; explicit FuelEconomy KW-HR/100Miles metadata; EPA EV methodology (https://www.epa.gov/greenvehicles/fuel-economy-and-ev-range-testing; https://www.epa.gov/fueleconomy/text-version-electric-vehicle-label; https://nepis.epa.gov/Exe/ZyPURL.cgi?Dockey=P101698T.txt).,ACTIVE_DETERMINISTIC_UNIT_INTERPRETATION,Raw numeric value is never replaced. Stale source/version/key/value mismatches must fail or quarantine.
EPA_TESTCAR_2014_PRESENT,5E8E150CD53494059FF81554632CDDB4A74B857E5E7F24566BE8EC92FDA1F507,EPA-TESTCAR-ROW-15853,EPA-LEGACY-ROW-11921,RND_ADJ_FE,31.2,kWh/100mi,,Approved as kWh/100mi unit interpretation; raw number preserved. Legacy comment saying kWh/km was incorrect.,Legacy helper algebra; explicit FuelEconomy KW-HR/100Miles metadata; EPA EV methodology (https://www.epa.gov/greenvehicles/fuel-economy-and-ev-range-testing; https://www.epa.gov/fueleconomy/text-version-electric-vehicle-label; https://nepis.epa.gov/Exe/ZyPURL.cgi?Dockey=P101698T.txt).,ACTIVE_DETERMINISTIC_UNIT_INTERPRETATION,Raw numeric value is never replaced. Stale source/version/key/value mismatches must fail or quarantine.
EPA_TESTCAR_2014_PRESENT,5E8E150CD53494059FF81554632CDDB4A74B857E5E7F24566BE8EC92FDA1F507,EPA-TESTCAR-ROW-15854,EPA-LEGACY-ROW-11922,RND_ADJ_FE,36.3,kWh/100mi,,Approved as kWh/100mi unit interpretation; raw number preserved. Legacy comment saying kWh/km was incorrect.,Legacy helper algebra; explicit FuelEconomy KW-HR/100Miles metadata; EPA EV methodology (https://www.epa.gov/greenvehicles/fuel-economy-and-ev-range-testing; https://www.epa.gov/fueleconomy/text-version-electric-vehicle-label; https://nepis.epa.gov/Exe/ZyPURL.cgi?Dockey=P101698T.txt).,ACTIVE_DETERMINISTIC_UNIT_INTERPRETATION,Raw numeric value is never replaced. Stale source/version/key/value mismatches must fail or quarantine.
EPA_TESTCAR_2014_PRESENT,5E8E150CD53494059FF81554632CDDB4A74B857E5E7F24566BE8EC92FDA1F507,EPA-TESTCAR-ROW-15855,EPA-LEGACY-ROW-11923,RND_ADJ_FE,28.8,kWh/100mi,,Approved as kWh/100mi unit interpretation; raw number preserved. Legacy comment saying kWh/km was incorrect.,Legacy helper algebra; explicit FuelEconomy KW-HR/100Miles metadata; EPA EV methodology (https://www.epa.gov/greenvehicles/fuel-economy-and-ev-range-testing; https://www.epa.gov/fueleconomy/text-version-electric-vehicle-label; https://nepis.epa.gov/Exe/ZyPURL.cgi?Dockey=P101698T.txt).,ACTIVE_DETERMINISTIC_UNIT_INTERPRETATION,Raw numeric value is never replaced. Stale source/version/key/value mismatches must fail or quarantine.
EPA_TESTCAR_2014_PRESENT,5E8E150CD53494059FF81554632CDDB4A74B857E5E7F24566BE8EC92FDA1F507,EPA-TESTCAR-ROW-15856,EPA-LEGACY-ROW-11924,RND_ADJ_FE,32.5,kWh/100mi,,Approved as kWh/100mi unit interpretation; raw number preserved. Legacy comment saying kWh/km was incorrect.,Legacy helper algebra; explicit FuelEconomy KW-HR/100Miles metadata; EPA EV methodology (https://www.epa.gov/greenvehicles/fuel-economy-and-ev-range-testing; https://www.epa.gov/fueleconomy/text-version-electric-vehicle-label; https://nepis.epa.gov/Exe/ZyPURL.cgi?Dockey=P101698T.txt).,ACTIVE_DETERMINISTIC_UNIT_INTERPRETATION,Raw numeric value is never replaced. Stale source/version/key/value mismatches must fail or quarantine.
EPA_TESTCAR_2014_PRESENT,5E8E150CD53494059FF81554632CDDB4A74B857E5E7F24566BE8EC92FDA1F507,EPA-TESTCAR-ROW-15857,EPA-LEGACY-ROW-11925,RND_ADJ_FE,32,kWh/100mi,,Approved as kWh/100mi unit interpretation; raw number preserved. Legacy comment saying kWh/km was incorrect.,Legacy helper algebra; explicit FuelEconomy KW-HR/100Miles metadata; EPA EV methodology (https://www.epa.gov/greenvehicles/fuel-economy-and-ev-range-testing; https://www.epa.gov/fueleconomy/text-version-electric-vehicle-label; https://nepis.epa.gov/Exe/ZyPURL.cgi?Dockey=P101698T.txt).,ACTIVE_DETERMINISTIC_UNIT_INTERPRETATION,Raw numeric value is never replaced. Stale source/version/key/value mismatches must fail or quarantine.
EPA_TESTCAR_2014_PRESENT,5E8E150CD53494059FF81554632CDDB4A74B857E5E7F24566BE8EC92FDA1F507,EPA-TESTCAR-ROW-15858,EPA-LEGACY-ROW-11926,RND_ADJ_FE,34.2,kWh/100mi,,Approved as kWh/100mi unit interpretation; raw number preserved. Legacy comment saying kWh/km was incorrect.,Legacy helper algebra; explicit FuelEconomy KW-HR/100Miles metadata; EPA EV methodology (https://www.epa.gov/greenvehicles/fuel-economy-and-ev-range-testing; https://www.epa.gov/fueleconomy/text-version-electric-vehicle-label; https://nepis.epa.gov/Exe/ZyPURL.cgi?Dockey=P101698T.txt).,ACTIVE_DETERMINISTIC_UNIT_INTERPRETATION,Raw numeric value is never replaced. Stale source/version/key/value mismatches must fail or quarantine.
EPA_TESTCAR_2014_PRESENT,5E8E150CD53494059FF81554632CDDB4A74B857E5E7F24566BE8EC92FDA1F507,EPA-TESTCAR-ROW-15859,EPA-LEGACY-ROW-11927,RND_ADJ_FE,34.4,kWh/100mi,,Approved as kWh/100mi unit interpretation; raw number preserved. Legacy comment saying kWh/km was incorrect.,Legacy helper algebra; explicit FuelEconomy KW-HR/100Miles metadata; EPA EV methodology (https://www.epa.gov/greenvehicles/fuel-economy-and-ev-range-testing; https://www.epa.gov/fueleconomy/text-version-electric-vehicle-label; https://nepis.epa.gov/Exe/ZyPURL.cgi?Dockey=P101698T.txt).,ACTIVE_DETERMINISTIC_UNIT_INTERPRETATION,Raw numeric value is never replaced. Stale source/version/key/value mismatches must fail or quarantine.
EPA_TESTCAR_2014_PRESENT,5E8E150CD53494059FF81554632CDDB4A74B857E5E7F24566BE8EC92FDA1F507,EPA-TESTCAR-ROW-15860,EPA-LEGACY-ROW-11928,RND_ADJ_FE,38.3,kWh/100mi,,Approved as kWh/100mi unit interpretation; raw number preserved. Legacy comment saying kWh/km was incorrect.,Legacy helper algebra; explicit FuelEconomy KW-HR/100Miles metadata; EPA EV methodology (https://www.epa.gov/greenvehicles/fuel-economy-and-ev-range-testing; https://www.epa.gov/fueleconomy/text-version-electric-vehicle-label; https://nepis.epa.gov/Exe/ZyPURL.cgi?Dockey=P101698T.txt).,ACTIVE_DETERMINISTIC_UNIT_INTERPRETATION,Raw numeric value is never replaced. Stale source/version/key/value mismatches must fail or quarantine.
EPA_TESTCAR_2014_PRESENT,5E8E150CD53494059FF81554632CDDB4A74B857E5E7F24566BE8EC92FDA1F507,EPA-TESTCAR-ROW-15861,EPA-LEGACY-ROW-11929,RND_ADJ_FE,28,kWh/100mi,,Approved as kWh/100mi unit interpretation; raw number preserved. Legacy comment saying kWh/km was incorrect.,Legacy helper algebra; explicit FuelEconomy KW-HR/100Miles metadata; EPA EV methodology (https://www.epa.gov/greenvehicles/fuel-economy-and-ev-range-testing; https://www.epa.gov/fueleconomy/text-version-electric-vehicle-label; https://nepis.epa.gov/Exe/ZyPURL.cgi?Dockey=P101698T.txt).,ACTIVE_DETERMINISTIC_UNIT_INTERPRETATION,Raw numeric value is never replaced. Stale source/version/key/value mismatches must fail or quarantine.
EPA_TESTCAR_2014_PRESENT,5E8E150CD53494059FF81554632CDDB4A74B857E5E7F24566BE8EC92FDA1F507,EPA-TESTCAR-ROW-15862,EPA-LEGACY-ROW-11930,RND_ADJ_FE,31.4,kWh/100mi,,Approved as kWh/100mi unit interpretation; raw number preserved. Legacy comment saying kWh/km was incorrect.,Legacy helper algebra; explicit FuelEconomy KW-HR/100Miles metadata; EPA EV methodology (https://www.epa.gov/greenvehicles/fuel-economy-and-ev-range-testing; https://www.epa.gov/fueleconomy/text-version-electric-vehicle-label; https://nepis.epa.gov/Exe/ZyPURL.cgi?Dockey=P101698T.txt).,ACTIVE_DETERMINISTIC_UNIT_INTERPRETATION,Raw numeric value is never replaced. Stale source/version/key/value mismatches must fail or quarantine.
EPA_TESTCAR_2014_PRESENT,5E8E150CD53494059FF81554632CDDB4A74B857E5E7F24566BE8EC92FDA1F507,EPA-TESTCAR-ROW-15863,EPA-LEGACY-ROW-11931,RND_ADJ_FE,26,kWh/100mi,,Approved as kWh/100mi unit interpretation; raw number preserved. Legacy comment saying kWh/km was incorrect.,Legacy helper algebra; explicit FuelEconomy KW-HR/100Miles metadata; EPA EV methodology (https://www.epa.gov/greenvehicles/fuel-economy-and-ev-range-testing; https://www.epa.gov/fueleconomy/text-version-electric-vehicle-label; https://nepis.epa.gov/Exe/ZyPURL.cgi?Dockey=P101698T.txt).,ACTIVE_DETERMINISTIC_UNIT_INTERPRETATION,Raw numeric value is never replaced. Stale source/version/key/value mismatches must fail or quarantine.
EPA_TESTCAR_2014_PRESENT,5E8E150CD53494059FF81554632CDDB4A74B857E5E7F24566BE8EC92FDA1F507,EPA-TESTCAR-ROW-15864,EPA-LEGACY-ROW-11932,RND_ADJ_FE,30.1,kWh/100mi,,Approved as kWh/100mi unit interpretation; raw number preserved. Legacy comment saying kWh/km was incorrect.,Legacy helper algebra; explicit FuelEconomy KW-HR/100Miles metadata; EPA EV methodology (https://www.epa.gov/greenvehicles/fuel-economy-and-ev-range-testing; https://www.epa.gov/fueleconomy/text-version-electric-vehicle-label; https://nepis.epa.gov/Exe/ZyPURL.cgi?Dockey=P101698T.txt).,ACTIVE_DETERMINISTIC_UNIT_INTERPRETATION,Raw numeric value is never replaced. Stale source/version/key/value mismatches must fail or quarantine.
EPA_TESTCAR_2014_PRESENT,5E8E150CD53494059FF81554632CDDB4A74B857E5E7F24566BE8EC92FDA1F507,EPA-TESTCAR-ROW-15865,EPA-LEGACY-ROW-11933,RND_ADJ_FE,24.9,kWh/100mi,,Approved as kWh/100mi unit interpretation; raw number preserved. Legacy comment saying kWh/km was incorrect.,Legacy helper algebra; explicit FuelEconomy KW-HR/100Miles metadata; EPA EV methodology (https://www.epa.gov/greenvehicles/fuel-economy-and-ev-range-testing; https://www.epa.gov/fueleconomy/text-version-electric-vehicle-label; https://nepis.epa.gov/Exe/ZyPURL.cgi?Dockey=P101698T.txt).,ACTIVE_DETERMINISTIC_UNIT_INTERPRETATION,Raw numeric value is never replaced. Stale source/version/key/value mismatches must fail or quarantine.
EPA_TESTCAR_2014_PRESENT,5E8E150CD53494059FF81554632CDDB4A74B857E5E7F24566BE8EC92FDA1F507,EPA-TESTCAR-ROW-15866,EPA-LEGACY-ROW-11934,RND_ADJ_FE,27.4,kWh/100mi,,Approved as kWh/100mi unit interpretation; raw number preserved. Legacy comment saying kWh/km was incorrect.,Legacy helper algebra; explicit FuelEconomy KW-HR/100Miles metadata; EPA EV methodology (https://www.epa.gov/greenvehicles/fuel-economy-and-ev-range-testing; https://www.epa.gov/fueleconomy/text-version-electric-vehicle-label; https://nepis.epa.gov/Exe/ZyPURL.cgi?Dockey=P101698T.txt).,ACTIVE_DETERMINISTIC_UNIT_INTERPRETATION,Raw numeric value is never replaced. Stale source/version/key/value mismatches must fail or quarantine.
EPA_TESTCAR_2014_PRESENT,5E8E150CD53494059FF81554632CDDB4A74B857E5E7F24566BE8EC92FDA1F507,EPA-TESTCAR-ROW-15867,EPA-LEGACY-ROW-11935,RND_ADJ_FE,23.4,kWh/100mi,,Approved as kWh/100mi unit interpretation; raw number preserved. Legacy comment saying kWh/km was incorrect.,Legacy helper algebra; explicit FuelEconomy KW-HR/100Miles metadata; EPA EV methodology (https://www.epa.gov/greenvehicles/fuel-economy-and-ev-range-testing; https://www.epa.gov/fueleconomy/text-version-electric-vehicle-label; https://nepis.epa.gov/Exe/ZyPURL.cgi?Dockey=P101698T.txt).,ACTIVE_DETERMINISTIC_UNIT_INTERPRETATION,Raw numeric value is never replaced. Stale source/version/key/value mismatches must fail or quarantine.
EPA_TESTCAR_2014_PRESENT,5E8E150CD53494059FF81554632CDDB4A74B857E5E7F24566BE8EC92FDA1F507,EPA-TESTCAR-ROW-15868,EPA-LEGACY-ROW-11936,RND_ADJ_FE,27.5,kWh/100mi,,Approved as kWh/100mi unit interpretation; raw number preserved. Legacy comment saying kWh/km was incorrect.,Legacy helper algebra; explicit FuelEconomy KW-HR/100Miles metadata; EPA EV methodology (https://www.epa.gov/greenvehicles/fuel-economy-and-ev-range-testing; https://www.epa.gov/fueleconomy/text-version-electric-vehicle-label; https://nepis.epa.gov/Exe/ZyPURL.cgi?Dockey=P101698T.txt).,ACTIVE_DETERMINISTIC_UNIT_INTERPRETATION,Raw numeric value is never replaced. Stale source/version/key/value mismatches must fail or quarantine.
EPA_TESTCAR_2014_PRESENT,5E8E150CD53494059FF81554632CDDB4A74B857E5E7F24566BE8EC92FDA1F507,EPA-TESTCAR-ROW-15869,EPA-LEGACY-ROW-11937,RND_ADJ_FE,30.1,kWh/100mi,,Approved as kWh/100mi unit interpretation; raw number preserved. Legacy comment saying kWh/km was incorrect.,Legacy helper algebra; explicit FuelEconomy KW-HR/100Miles metadata; EPA EV methodology (https://www.epa.gov/greenvehicles/fuel-economy-and-ev-range-testing; https://www.epa.gov/fueleconomy/text-version-electric-vehicle-label; https://nepis.epa.gov/Exe/ZyPURL.cgi?Dockey=P101698T.txt).,ACTIVE_DETERMINISTIC_UNIT_INTERPRETATION,Raw numeric value is never replaced. Stale source/version/key/value mismatches must fail or quarantine.
EPA_TESTCAR_2014_PRESENT,5E8E150CD53494059FF81554632CDDB4A74B857E5E7F24566BE8EC92FDA1F507,EPA-TESTCAR-ROW-15870,EPA-LEGACY-ROW-11938,RND_ADJ_FE,35.3,kWh/100mi,,Approved as kWh/100mi unit interpretation; raw number preserved. Legacy comment saying kWh/km was incorrect.,Legacy helper algebra; explicit FuelEconomy KW-HR/100Miles metadata; EPA EV methodology (https://www.epa.gov/greenvehicles/fuel-economy-and-ev-range-testing; https://www.epa.gov/fueleconomy/text-version-electric-vehicle-label; https://nepis.epa.gov/Exe/ZyPURL.cgi?Dockey=P101698T.txt).,ACTIVE_DETERMINISTIC_UNIT_INTERPRETATION,Raw numeric value is never replaced. Stale source/version/key/value mismatches must fail or quarantine.
EPA_TESTCAR_2014_PRESENT,5E8E150CD53494059FF81554632CDDB4A74B857E5E7F24566BE8EC92FDA1F507,EPA-TESTCAR-ROW-15871,EPA-LEGACY-ROW-11939,RND_ADJ_FE,27.2,kWh/100mi,,Approved as kWh/100mi unit interpretation; raw number preserved. Legacy comment saying kWh/km was incorrect.,Legacy helper algebra; explicit FuelEconomy KW-HR/100Miles metadata; EPA EV methodology (https://www.epa.gov/greenvehicles/fuel-economy-and-ev-range-testing; https://www.epa.gov/fueleconomy/text-version-electric-vehicle-label; https://nepis.epa.gov/Exe/ZyPURL.cgi?Dockey=P101698T.txt).,ACTIVE_DETERMINISTIC_UNIT_INTERPRETATION,Raw numeric value is never replaced. Stale source/version/key/value mismatches must fail or quarantine.
EPA_TESTCAR_2014_PRESENT,5E8E150CD53494059FF81554632CDDB4A74B857E5E7F24566BE8EC92FDA1F507,EPA-TESTCAR-ROW-15872,EPA-LEGACY-ROW-11940,RND_ADJ_FE,30.9,kWh/100mi,,Approved as kWh/100mi unit interpretation; raw number preserved. Legacy comment saying kWh/km was incorrect.,Legacy helper algebra; explicit FuelEconomy KW-HR/100Miles metadata; EPA EV methodology (https://www.epa.gov/greenvehicles/fuel-economy-and-ev-range-testing; https://www.epa.gov/fueleconomy/text-version-electric-vehicle-label; https://nepis.epa.gov/Exe/ZyPURL.cgi?Dockey=P101698T.txt).,ACTIVE_DETERMINISTIC_UNIT_INTERPRETATION,Raw numeric value is never replaced. Stale source/version/key/value mismatches must fail or quarantine.
EPA_TESTCAR_2014_PRESENT,5E8E150CD53494059FF81554632CDDB4A74B857E5E7F24566BE8EC92FDA1F507,EPA-TESTCAR-ROW-15873,EPA-LEGACY-ROW-11941,RND_ADJ_FE,25.7,kWh/100mi,,Approved as kWh/100mi unit interpretation; raw number preserved. Legacy comment saying kWh/km was incorrect.,Legacy helper algebra; explicit FuelEconomy KW-HR/100Miles metadata; EPA EV methodology (https://www.epa.gov/greenvehicles/fuel-economy-and-ev-range-testing; https://www.epa.gov/fueleconomy/text-version-electric-vehicle-label; https://nepis.epa.gov/Exe/ZyPURL.cgi?Dockey=P101698T.txt).,ACTIVE_DETERMINISTIC_UNIT_INTERPRETATION,Raw numeric value is never replaced. Stale source/version/key/value mismatches must fail or quarantine.
EPA_TESTCAR_2014_PRESENT,5E8E150CD53494059FF81554632CDDB4A74B857E5E7F24566BE8EC92FDA1F507,EPA-TESTCAR-ROW-15874,EPA-LEGACY-ROW-11942,RND_ADJ_FE,28.9,kWh/100mi,,Approved as kWh/100mi unit interpretation; raw number preserved. Legacy comment saying kWh/km was incorrect.,Legacy helper algebra; explicit FuelEconomy KW-HR/100Miles metadata; EPA EV methodology (https://www.epa.gov/greenvehicles/fuel-economy-and-ev-range-testing; https://www.epa.gov/fueleconomy/text-version-electric-vehicle-label; https://nepis.epa.gov/Exe/ZyPURL.cgi?Dockey=P101698T.txt).,ACTIVE_DETERMINISTIC_UNIT_INTERPRETATION,Raw numeric value is never replaced. Stale source/version/key/value mismatches must fail or quarantine.
EPA_TESTCAR_2014_PRESENT,5E8E150CD53494059FF81554632CDDB4A74B857E5E7F24566BE8EC92FDA1F507,EPA-TESTCAR-ROW-15875,EPA-LEGACY-ROW-11943,RND_ADJ_FE,25.7,kWh/100mi,,Approved as kWh/100mi unit interpretation; raw number preserved. Legacy comment saying kWh/km was incorrect.,Legacy helper algebra; explicit FuelEconomy KW-HR/100Miles metadata; EPA EV methodology (https://www.epa.gov/greenvehicles/fuel-economy-and-ev-range-testing; https://www.epa.gov/fueleconomy/text-version-electric-vehicle-label; https://nepis.epa.gov/Exe/ZyPURL.cgi?Dockey=P101698T.txt).,ACTIVE_DETERMINISTIC_UNIT_INTERPRETATION,Raw numeric value is never replaced. Stale source/version/key/value mismatches must fail or quarantine.
EPA_TESTCAR_2014_PRESENT,5E8E150CD53494059FF81554632CDDB4A74B857E5E7F24566BE8EC92FDA1F507,EPA-TESTCAR-ROW-15876,EPA-LEGACY-ROW-11944,RND_ADJ_FE,27.7,kWh/100mi,,Approved as kWh/100mi unit interpretation; raw number preserved. Legacy comment saying kWh/km was incorrect.,Legacy helper algebra; explicit FuelEconomy KW-HR/100Miles metadata; EPA EV methodology (https://www.epa.gov/greenvehicles/fuel-economy-and-ev-range-testing; https://www.epa.gov/fueleconomy/text-version-electric-vehicle-label; https://nepis.epa.gov/Exe/ZyPURL.cgi?Dockey=P101698T.txt).,ACTIVE_DETERMINISTIC_UNIT_INTERPRETATION,Raw numeric value is never replaced. Stale source/version/key/value mismatches must fail or quarantine.
EPA_TESTCAR_2014_PRESENT,5E8E150CD53494059FF81554632CDDB4A74B857E5E7F24566BE8EC92FDA1F507,EPA-TESTCAR-ROW-15877,EPA-LEGACY-ROW-11945,RND_ADJ_FE,28.1,kWh/100mi,,Approved as kWh/100mi unit interpretation; raw number preserved. Legacy comment saying kWh/km was incorrect.,Legacy helper algebra; explicit FuelEconomy KW-HR/100Miles metadata; EPA EV methodology (https://www.epa.gov/greenvehicles/fuel-economy-and-ev-range-testing; https://www.epa.gov/fueleconomy/text-version-electric-vehicle-label; https://nepis.epa.gov/Exe/ZyPURL.cgi?Dockey=P101698T.txt).,ACTIVE_DETERMINISTIC_UNIT_INTERPRETATION,Raw numeric value is never replaced. Stale source/version/key/value mismatches must fail or quarantine.
EPA_TESTCAR_2014_PRESENT,5E8E150CD53494059FF81554632CDDB4A74B857E5E7F24566BE8EC92FDA1F507,EPA-TESTCAR-ROW-15878,EPA-LEGACY-ROW-11946,RND_ADJ_FE,31.6,kWh/100mi,,Approved as kWh/100mi unit interpretation; raw number preserved. Legacy comment saying kWh/km was incorrect.,Legacy helper algebra; explicit FuelEconomy KW-HR/100Miles metadata; EPA EV methodology (https://www.epa.gov/greenvehicles/fuel-economy-and-ev-range-testing; https://www.epa.gov/fueleconomy/text-version-electric-vehicle-label; https://nepis.epa.gov/Exe/ZyPURL.cgi?Dockey=P101698T.txt).,ACTIVE_DETERMINISTIC_UNIT_INTERPRETATION,Raw numeric value is never replaced. Stale source/version/key/value mismatches must fail or quarantine.
EPA_TESTCAR_2014_PRESENT,5E8E150CD53494059FF81554632CDDB4A74B857E5E7F24566BE8EC92FDA1F507,EPA-TESTCAR-ROW-15879,EPA-LEGACY-ROW-11947,RND_ADJ_FE,22.8,kWh/100mi,,Approved as kWh/100mi unit interpretation; raw number preserved. Legacy comment saying kWh/km was incorrect.,Legacy helper algebra; explicit FuelEconomy KW-HR/100Miles metadata; EPA EV methodology (https://www.epa.gov/greenvehicles/fuel-economy-and-ev-range-testing; https://www.epa.gov/fueleconomy/text-version-electric-vehicle-label; https://nepis.epa.gov/Exe/ZyPURL.cgi?Dockey=P101698T.txt).,ACTIVE_DETERMINISTIC_UNIT_INTERPRETATION,Raw numeric value is never replaced. Stale source/version/key/value mismatches must fail or quarantine.
EPA_TESTCAR_2014_PRESENT,5E8E150CD53494059FF81554632CDDB4A74B857E5E7F24566BE8EC92FDA1F507,EPA-TESTCAR-ROW-15880,EPA-LEGACY-ROW-11948,RND_ADJ_FE,26.7,kWh/100mi,,Approved as kWh/100mi unit interpretation; raw number preserved. Legacy comment saying kWh/km was incorrect.,Legacy helper algebra; explicit FuelEconomy KW-HR/100Miles metadata; EPA EV methodology (https://www.epa.gov/greenvehicles/fuel-economy-and-ev-range-testing; https://www.epa.gov/fueleconomy/text-version-electric-vehicle-label; https://nepis.epa.gov/Exe/ZyPURL.cgi?Dockey=P101698T.txt).,ACTIVE_DETERMINISTIC_UNIT_INTERPRETATION,Raw numeric value is never replaced. Stale source/version/key/value mismatches must fail or quarantine.
EPA_TESTCAR_2014_PRESENT,5E8E150CD53494059FF81554632CDDB4A74B857E5E7F24566BE8EC92FDA1F507,EPA-TESTCAR-ROW-15881,EPA-LEGACY-ROW-11949,RND_ADJ_FE,25.8,kWh/100mi,,Approved as kWh/100mi unit interpretation; raw number preserved. Legacy comment saying kWh/km was incorrect.,Legacy helper algebra; explicit FuelEconomy KW-HR/100Miles metadata; EPA EV methodology (https://www.epa.gov/greenvehicles/fuel-economy-and-ev-range-testing; https://www.epa.gov/fueleconomy/text-version-electric-vehicle-label; https://nepis.epa.gov/Exe/ZyPURL.cgi?Dockey=P101698T.txt).,ACTIVE_DETERMINISTIC_UNIT_INTERPRETATION,Raw numeric value is never replaced. Stale source/version/key/value mismatches must fail or quarantine.
EPA_TESTCAR_2014_PRESENT,5E8E150CD53494059FF81554632CDDB4A74B857E5E7F24566BE8EC92FDA1F507,EPA-TESTCAR-ROW-15882,EPA-LEGACY-ROW-11950,RND_ADJ_FE,29.3,kWh/100mi,,Approved as kWh/100mi unit interpretation; raw number preserved. Legacy comment saying kWh/km was incorrect.,Legacy helper algebra; explicit FuelEconomy KW-HR/100Miles metadata; EPA EV methodology (https://www.epa.gov/greenvehicles/fuel-economy-and-ev-range-testing; https://www.epa.gov/fueleconomy/text-version-electric-vehicle-label; https://nepis.epa.gov/Exe/ZyPURL.cgi?Dockey=P101698T.txt).,ACTIVE_DETERMINISTIC_UNIT_INTERPRETATION,Raw numeric value is never replaced. Stale source/version/key/value mismatches must fail or quarantine.
EPA_TESTCAR_2014_PRESENT,5E8E150CD53494059FF81554632CDDB4A74B857E5E7F24566BE8EC92FDA1F507,EPA-TESTCAR-ROW-15883,EPA-LEGACY-ROW-11951,RND_ADJ_FE,25.1,kWh/100mi,,Approved as kWh/100mi unit interpretation; raw number preserved. Legacy comment saying kWh/km was incorrect.,Legacy helper algebra; explicit FuelEconomy KW-HR/100Miles metadata; EPA EV methodology (https://www.epa.gov/greenvehicles/fuel-economy-and-ev-range-testing; https://www.epa.gov/fueleconomy/text-version-electric-vehicle-label; https://nepis.epa.gov/Exe/ZyPURL.cgi?Dockey=P101698T.txt).,ACTIVE_DETERMINISTIC_UNIT_INTERPRETATION,Raw numeric value is never replaced. Stale source/version/key/value mismatches must fail or quarantine.
EPA_TESTCAR_2014_PRESENT,5E8E150CD53494059FF81554632CDDB4A74B857E5E7F24566BE8EC92FDA1F507,EPA-TESTCAR-ROW-15884,EPA-LEGACY-ROW-11952,RND_ADJ_FE,29.4,kWh/100mi,,Approved as kWh/100mi unit interpretation; raw number preserved. Legacy comment saying kWh/km was incorrect.,Legacy helper algebra; explicit FuelEconomy KW-HR/100Miles metadata; EPA EV methodology (https://www.epa.gov/greenvehicles/fuel-economy-and-ev-range-testing; https://www.epa.gov/fueleconomy/text-version-electric-vehicle-label; https://nepis.epa.gov/Exe/ZyPURL.cgi?Dockey=P101698T.txt).,ACTIVE_DETERMINISTIC_UNIT_INTERPRETATION,Raw numeric value is never replaced. Stale source/version/key/value mismatches must fail or quarantine.
EPA_TESTCAR_2014_PRESENT,5E8E150CD53494059FF81554632CDDB4A74B857E5E7F24566BE8EC92FDA1F507,EPA-TESTCAR-ROW-15995,EPA-LEGACY-ROW-12063,RND_ADJ_FE,26.2,kWh/100mi,,Approved as kWh/100mi unit interpretation; raw number preserved. Legacy comment saying kWh/km was incorrect.,Legacy helper algebra; explicit FuelEconomy KW-HR/100Miles metadata; EPA EV methodology (https://www.epa.gov/greenvehicles/fuel-economy-and-ev-range-testing; https://www.epa.gov/fueleconomy/text-version-electric-vehicle-label; https://nepis.epa.gov/Exe/ZyPURL.cgi?Dockey=P101698T.txt).,ACTIVE_DETERMINISTIC_UNIT_INTERPRETATION,Raw numeric value is never replaced. Stale source/version/key/value mismatches must fail or quarantine.
EPA_TESTCAR_2014_PRESENT,5E8E150CD53494059FF81554632CDDB4A74B857E5E7F24566BE8EC92FDA1F507,EPA-TESTCAR-ROW-16002,EPA-LEGACY-ROW-12070,RND_ADJ_FE,27.4,kWh/100mi,,Approved as kWh/100mi unit interpretation; raw number preserved. Legacy comment saying kWh/km was incorrect.,Legacy helper algebra; explicit FuelEconomy KW-HR/100Miles metadata; EPA EV methodology (https://www.epa.gov/greenvehicles/fuel-economy-and-ev-range-testing; https://www.epa.gov/fueleconomy/text-version-electric-vehicle-label; https://nepis.epa.gov/Exe/ZyPURL.cgi?Dockey=P101698T.txt).,ACTIVE_DETERMINISTIC_UNIT_INTERPRETATION,Raw numeric value is never replaced. Stale source/version/key/value mismatches must fail or quarantine.
EPA_TESTCAR_2014_PRESENT,5E8E150CD53494059FF81554632CDDB4A74B857E5E7F24566BE8EC92FDA1F507,EPA-TESTCAR-ROW-16008,EPA-LEGACY-ROW-12076,RND_ADJ_FE,25.6,kWh/100mi,,Approved as kWh/100mi unit interpretation; raw number preserved. Legacy comment saying kWh/km was incorrect.,Legacy helper algebra; explicit FuelEconomy KW-HR/100Miles metadata; EPA EV methodology (https://www.epa.gov/greenvehicles/fuel-economy-and-ev-range-testing; https://www.epa.gov/fueleconomy/text-version-electric-vehicle-label; https://nepis.epa.gov/Exe/ZyPURL.cgi?Dockey=P101698T.txt).,ACTIVE_DETERMINISTIC_UNIT_INTERPRETATION,Raw numeric value is never replaced. Stale source/version/key/value mismatches must fail or quarantine.
EPA_TESTCAR_2014_PRESENT,5E8E150CD53494059FF81554632CDDB4A74B857E5E7F24566BE8EC92FDA1F507,EPA-TESTCAR-ROW-16024,EPA-LEGACY-ROW-12092,RND_ADJ_FE,28.8,kWh/100mi,,Approved as kWh/100mi unit interpretation; raw number preserved. Legacy comment saying kWh/km was incorrect.,Legacy helper algebra; explicit FuelEconomy KW-HR/100Miles metadata; EPA EV methodology (https://www.epa.gov/greenvehicles/fuel-economy-and-ev-range-testing; https://www.epa.gov/fueleconomy/text-version-electric-vehicle-label; https://nepis.epa.gov/Exe/ZyPURL.cgi?Dockey=P101698T.txt).,ACTIVE_DETERMINISTIC_UNIT_INTERPRETATION,Raw numeric value is never replaced. Stale source/version/key/value mismatches must fail or quarantine.
EPA_TESTCAR_2014_PRESENT,5E8E150CD53494059FF81554632CDDB4A74B857E5E7F24566BE8EC92FDA1F507,EPA-TESTCAR-ROW-16032,EPA-LEGACY-ROW-12100,RND_ADJ_FE,34.6,kWh/100mi,,Approved as kWh/100mi unit interpretation; raw number preserved. Legacy comment saying kWh/km was incorrect.,Legacy helper algebra; explicit FuelEconomy KW-HR/100Miles metadata; EPA EV methodology (https://www.epa.gov/greenvehicles/fuel-economy-and-ev-range-testing; https://www.epa.gov/fueleconomy/text-version-electric-vehicle-label; https://nepis.epa.gov/Exe/ZyPURL.cgi?Dockey=P101698T.txt).,ACTIVE_DETERMINISTIC_UNIT_INTERPRETATION,Raw numeric value is never replaced. Stale source/version/key/value mismatches must fail or quarantine.
EPA_TESTCAR_2014_PRESENT,5E8E150CD53494059FF81554632CDDB4A74B857E5E7F24566BE8EC92FDA1F507,EPA-TESTCAR-ROW-16041,EPA-LEGACY-ROW-12109,RND_ADJ_FE,27.9,kWh/100mi,,Approved as kWh/100mi unit interpretation; raw number preserved. Legacy comment saying kWh/km was incorrect.,Legacy helper algebra; explicit FuelEconomy KW-HR/100Miles metadata; EPA EV methodology (https://www.epa.gov/greenvehicles/fuel-economy-and-ev-range-testing; https://www.epa.gov/fueleconomy/text-version-electric-vehicle-label; https://nepis.epa.gov/Exe/ZyPURL.cgi?Dockey=P101698T.txt).,ACTIVE_DETERMINISTIC_UNIT_INTERPRETATION,Raw numeric value is never replaced. Stale source/version/key/value mismatches must fail or quarantine.
EPA_TESTCAR_2014_PRESENT,5E8E150CD53494059FF81554632CDDB4A74B857E5E7F24566BE8EC92FDA1F507,EPA-TESTCAR-ROW-18047,EPA-LEGACY-ROW-14115,RND_ADJ_FE,26.2,kWh/100mi,,Approved as kWh/100mi unit interpretation; raw number preserved. Legacy comment saying kWh/km was incorrect.,Legacy helper algebra; explicit FuelEconomy KW-HR/100Miles metadata; EPA EV methodology (https://www.epa.gov/greenvehicles/fuel-economy-and-ev-range-testing; https://www.epa.gov/fueleconomy/text-version-electric-vehicle-label; https://nepis.epa.gov/Exe/ZyPURL.cgi?Dockey=P101698T.txt).,ACTIVE_DETERMINISTIC_UNIT_INTERPRETATION,Raw numeric value is never replaced. Stale source/version/key/value mismatches must fail or quarantine.
EPA_TESTCAR_2014_PRESENT,5E8E150CD53494059FF81554632CDDB4A74B857E5E7F24566BE8EC92FDA1F507,EPA-TESTCAR-ROW-18048,EPA-LEGACY-ROW-14116,RND_ADJ_FE,30.5,kWh/100mi,,Approved as kWh/100mi unit interpretation; raw number preserved. Legacy comment saying kWh/km was incorrect.,Legacy helper algebra; explicit FuelEconomy KW-HR/100Miles metadata; EPA EV methodology (https://www.epa.gov/greenvehicles/fuel-economy-and-ev-range-testing; https://www.epa.gov/fueleconomy/text-version-electric-vehicle-label; https://nepis.epa.gov/Exe/ZyPURL.cgi?Dockey=P101698T.txt).,ACTIVE_DETERMINISTIC_UNIT_INTERPRETATION,Raw numeric value is never replaced. Stale source/version/key/value mismatches must fail or quarantine.
EPA_TESTCAR_2014_PRESENT,5E8E150CD53494059FF81554632CDDB4A74B857E5E7F24566BE8EC92FDA1F507,EPA-TESTCAR-ROW-18113,EPA-LEGACY-ROW-14181,RND_ADJ_FE,23.8,kWh/100mi,,Approved as kWh/100mi unit interpretation; raw number preserved. Legacy comment saying kWh/km was incorrect.,Legacy helper algebra; explicit FuelEconomy KW-HR/100Miles metadata; EPA EV methodology (https://www.epa.gov/greenvehicles/fuel-economy-and-ev-range-testing; https://www.epa.gov/fueleconomy/text-version-electric-vehicle-label; https://nepis.epa.gov/Exe/ZyPURL.cgi?Dockey=P101698T.txt).,ACTIVE_DETERMINISTIC_UNIT_INTERPRETATION,Raw numeric value is never replaced. Stale source/version/key/value mismatches must fail or quarantine.
EPA_TESTCAR_2014_PRESENT,5E8E150CD53494059FF81554632CDDB4A74B857E5E7F24566BE8EC92FDA1F507,EPA-TESTCAR-ROW-18114,EPA-LEGACY-ROW-14182,RND_ADJ_FE,27.4,kWh/100mi,,Approved as kWh/100mi unit interpretation; raw number preserved. Legacy comment saying kWh/km was incorrect.,Legacy helper algebra; explicit FuelEconomy KW-HR/100Miles metadata; EPA EV methodology (https://www.epa.gov/greenvehicles/fuel-economy-and-ev-range-testing; https://www.epa.gov/fueleconomy/text-version-electric-vehicle-label; https://nepis.epa.gov/Exe/ZyPURL.cgi?Dockey=P101698T.txt).,ACTIVE_DETERMINISTIC_UNIT_INTERPRETATION,Raw numeric value is never replaced. Stale source/version/key/value mismatches must fail or quarantine.
EPA_TESTCAR_2014_PRESENT,5E8E150CD53494059FF81554632CDDB4A74B857E5E7F24566BE8EC92FDA1F507,EPA-TESTCAR-ROW-19194,EPA-LEGACY-ROW-15262,RND_ADJ_FE,22.4,kWh/100mi,,Approved as kWh/100mi unit interpretation; raw number preserved. Legacy comment saying kWh/km was incorrect.,Legacy helper algebra; explicit FuelEconomy KW-HR/100Miles metadata; EPA EV methodology (https://www.epa.gov/greenvehicles/fuel-economy-and-ev-range-testing; https://www.epa.gov/fueleconomy/text-version-electric-vehicle-label; https://nepis.epa.gov/Exe/ZyPURL.cgi?Dockey=P101698T.txt).,ACTIVE_DETERMINISTIC_UNIT_INTERPRETATION,Raw numeric value is never replaced. Stale source/version/key/value mismatches must fail or quarantine.
EPA_TESTCAR_2014_PRESENT,5E8E150CD53494059FF81554632CDDB4A74B857E5E7F24566BE8EC92FDA1F507,EPA-TESTCAR-ROW-19195,EPA-LEGACY-ROW-15263,RND_ADJ_FE,27.4,kWh/100mi,,Approved as kWh/100mi unit interpretation; raw number preserved. Legacy comment saying kWh/km was incorrect.,Legacy helper algebra; explicit FuelEconomy KW-HR/100Miles metadata; EPA EV methodology (https://www.epa.gov/greenvehicles/fuel-economy-and-ev-range-testing; https://www.epa.gov/fueleconomy/text-version-electric-vehicle-label; https://nepis.epa.gov/Exe/ZyPURL.cgi?Dockey=P101698T.txt).,ACTIVE_DETERMINISTIC_UNIT_INTERPRETATION,Raw numeric value is never replaced. Stale source/version/key/value mismatches must fail or quarantine.
EPA_TESTCAR_2014_PRESENT,5E8E150CD53494059FF81554632CDDB4A74B857E5E7F24566BE8EC92FDA1F507,EPA-TESTCAR-ROW-19196,EPA-LEGACY-ROW-15264,RND_ADJ_FE,21.1,kWh/100mi,,Approved as kWh/100mi unit interpretation; raw number preserved. Legacy comment saying kWh/km was incorrect.,Legacy helper algebra; explicit FuelEconomy KW-HR/100Miles metadata; EPA EV methodology (https://www.epa.gov/greenvehicles/fuel-economy-and-ev-range-testing; https://www.epa.gov/fueleconomy/text-version-electric-vehicle-label; https://nepis.epa.gov/Exe/ZyPURL.cgi?Dockey=P101698T.txt).,ACTIVE_DETERMINISTIC_UNIT_INTERPRETATION,Raw numeric value is never replaced. Stale source/version/key/value mismatches must fail or quarantine.
EPA_TESTCAR_2014_PRESENT,5E8E150CD53494059FF81554632CDDB4A74B857E5E7F24566BE8EC92FDA1F507,EPA-TESTCAR-ROW-19197,EPA-LEGACY-ROW-15265,RND_ADJ_FE,26.9,kWh/100mi,,Approved as kWh/100mi unit interpretation; raw number preserved. Legacy comment saying kWh/km was incorrect.,Legacy helper algebra; explicit FuelEconomy KW-HR/100Miles metadata; EPA EV methodology (https://www.epa.gov/greenvehicles/fuel-economy-and-ev-range-testing; https://www.epa.gov/fueleconomy/text-version-electric-vehicle-label; https://nepis.epa.gov/Exe/ZyPURL.cgi?Dockey=P101698T.txt).,ACTIVE_DETERMINISTIC_UNIT_INTERPRETATION,Raw numeric value is never replaced. Stale source/version/key/value mismatches must fail or quarantine.
EPA_TESTCAR_2014_PRESENT,5E8E150CD53494059FF81554632CDDB4A74B857E5E7F24566BE8EC92FDA1F507,EPA-TESTCAR-ROW-19198,EPA-LEGACY-ROW-15266,RND_ADJ_FE,21.4,kWh/100mi,,Approved as kWh/100mi unit interpretation; raw number preserved. Legacy comment saying kWh/km was incorrect.,Legacy helper algebra; explicit FuelEconomy KW-HR/100Miles metadata; EPA EV methodology (https://www.epa.gov/greenvehicles/fuel-economy-and-ev-range-testing; https://www.epa.gov/fueleconomy/text-version-electric-vehicle-label; https://nepis.epa.gov/Exe/ZyPURL.cgi?Dockey=P101698T.txt).,ACTIVE_DETERMINISTIC_UNIT_INTERPRETATION,Raw numeric value is never replaced. Stale source/version/key/value mismatches must fail or quarantine.
EPA_TESTCAR_2014_PRESENT,5E8E150CD53494059FF81554632CDDB4A74B857E5E7F24566BE8EC92FDA1F507,EPA-TESTCAR-ROW-19199,EPA-LEGACY-ROW-15267,RND_ADJ_FE,27.1,kWh/100mi,,Approved as kWh/100mi unit interpretation; raw number preserved. Legacy comment saying kWh/km was incorrect.,Legacy helper algebra; explicit FuelEconomy KW-HR/100Miles metadata; EPA EV methodology (https://www.epa.gov/greenvehicles/fuel-economy-and-ev-range-testing; https://www.epa.gov/fueleconomy/text-version-electric-vehicle-label; https://nepis.epa.gov/Exe/ZyPURL.cgi?Dockey=P101698T.txt).,ACTIVE_DETERMINISTIC_UNIT_INTERPRETATION,Raw numeric value is never replaced. Stale source/version/key/value mismatches must fail or quarantine.
EPA_TESTCAR_2014_PRESENT,5E8E150CD53494059FF81554632CDDB4A74B857E5E7F24566BE8EC92FDA1F507,EPA-TESTCAR-ROW-19200,EPA-LEGACY-ROW-15268,RND_ADJ_FE,18.3,kWh/100mi,,Approved as kWh/100mi unit interpretation; raw number preserved. Legacy comment saying kWh/km was incorrect.,Legacy helper algebra; explicit FuelEconomy KW-HR/100Miles metadata; EPA EV methodology (https://www.epa.gov/greenvehicles/fuel-economy-and-ev-range-testing; https://www.epa.gov/fueleconomy/text-version-electric-vehicle-label; https://nepis.epa.gov/Exe/ZyPURL.cgi?Dockey=P101698T.txt).,ACTIVE_DETERMINISTIC_UNIT_INTERPRETATION,Raw numeric value is never replaced. Stale source/version/key/value mismatches must fail or quarantine.
EPA_TESTCAR_2014_PRESENT,5E8E150CD53494059FF81554632CDDB4A74B857E5E7F24566BE8EC92FDA1F507,EPA-TESTCAR-ROW-19201,EPA-LEGACY-ROW-15269,RND_ADJ_FE,24.7,kWh/100mi,,Approved as kWh/100mi unit interpretation; raw number preserved. Legacy comment saying kWh/km was incorrect.,Legacy helper algebra; explicit FuelEconomy KW-HR/100Miles metadata; EPA EV methodology (https://www.epa.gov/greenvehicles/fuel-economy-and-ev-range-testing; https://www.epa.gov/fueleconomy/text-version-electric-vehicle-label; https://nepis.epa.gov/Exe/ZyPURL.cgi?Dockey=P101698T.txt).,ACTIVE_DETERMINISTIC_UNIT_INTERPRETATION,Raw numeric value is never replaced. Stale source/version/key/value mismatches must fail or quarantine.
EPA_TESTCAR_2014_PRESENT,5E8E150CD53494059FF81554632CDDB4A74B857E5E7F24566BE8EC92FDA1F507,EPA-TESTCAR-ROW-19202,EPA-LEGACY-ROW-15270,RND_ADJ_FE,17.6,kWh/100mi,,Approved as kWh/100mi unit interpretation; raw number preserved. Legacy comment saying kWh/km was incorrect.,Legacy helper algebra; explicit FuelEconomy KW-HR/100Miles metadata; EPA EV methodology (https://www.epa.gov/greenvehicles/fuel-economy-and-ev-range-testing; https://www.epa.gov/fueleconomy/text-version-electric-vehicle-label; https://nepis.epa.gov/Exe/ZyPURL.cgi?Dockey=P101698T.txt).,ACTIVE_DETERMINISTIC_UNIT_INTERPRETATION,Raw numeric value is never replaced. Stale source/version/key/value mismatches must fail or quarantine.
EPA_TESTCAR_2014_PRESENT,5E8E150CD53494059FF81554632CDDB4A74B857E5E7F24566BE8EC92FDA1F507,EPA-TESTCAR-ROW-19203,EPA-LEGACY-ROW-15271,RND_ADJ_FE,23.9,kWh/100mi,,Approved as kWh/100mi unit interpretation; raw number preserved. Legacy comment saying kWh/km was incorrect.,Legacy helper algebra; explicit FuelEconomy KW-HR/100Miles metadata; EPA EV methodology (https://www.epa.gov/greenvehicles/fuel-economy-and-ev-range-testing; https://www.epa.gov/fueleconomy/text-version-electric-vehicle-label; https://nepis.epa.gov/Exe/ZyPURL.cgi?Dockey=P101698T.txt).,ACTIVE_DETERMINISTIC_UNIT_INTERPRETATION,Raw numeric value is never replaced. Stale source/version/key/value mismatches must fail or quarantine.
EPA_TESTCAR_2014_PRESENT,5E8E150CD53494059FF81554632CDDB4A74B857E5E7F24566BE8EC92FDA1F507,EPA-TESTCAR-ROW-19226,EPA-LEGACY-ROW-15294,RND_ADJ_FE,17.2,kWh/100mi,,Approved as kWh/100mi unit interpretation; raw number preserved. Legacy comment saying kWh/km was incorrect.,Legacy helper algebra; explicit FuelEconomy KW-HR/100Miles metadata; EPA EV methodology (https://www.epa.gov/greenvehicles/fuel-economy-and-ev-range-testing; https://www.epa.gov/fueleconomy/text-version-electric-vehicle-label; https://nepis.epa.gov/Exe/ZyPURL.cgi?Dockey=P101698T.txt).,ACTIVE_DETERMINISTIC_UNIT_INTERPRETATION,Raw numeric value is never replaced. Stale source/version/key/value mismatches must fail or quarantine.
EPA_TESTCAR_2014_PRESENT,5E8E150CD53494059FF81554632CDDB4A74B857E5E7F24566BE8EC92FDA1F507,EPA-TESTCAR-ROW-19227,EPA-LEGACY-ROW-15295,RND_ADJ_FE,21.7,kWh/100mi,,Approved as kWh/100mi unit interpretation; raw number preserved. Legacy comment saying kWh/km was incorrect.,Legacy helper algebra; explicit FuelEconomy KW-HR/100Miles metadata; EPA EV methodology (https://www.epa.gov/greenvehicles/fuel-economy-and-ev-range-testing; https://www.epa.gov/fueleconomy/text-version-electric-vehicle-label; https://nepis.epa.gov/Exe/ZyPURL.cgi?Dockey=P101698T.txt).,ACTIVE_DETERMINISTIC_UNIT_INTERPRETATION,Raw numeric value is never replaced. Stale source/version/key/value mismatches must fail or quarantine.
EPA_TESTCAR_2014_PRESENT,5E8E150CD53494059FF81554632CDDB4A74B857E5E7F24566BE8EC92FDA1F507,EPA-TESTCAR-ROW-19497,EPA-LEGACY-ROW-15565,RND_ADJ_FE,20.8,kWh/100mi,,Approved as kWh/100mi unit interpretation; raw number preserved. Legacy comment saying kWh/km was incorrect.,Legacy helper algebra; explicit FuelEconomy KW-HR/100Miles metadata; EPA EV methodology (https://www.epa.gov/greenvehicles/fuel-economy-and-ev-range-testing; https://www.epa.gov/fueleconomy/text-version-electric-vehicle-label; https://nepis.epa.gov/Exe/ZyPURL.cgi?Dockey=P101698T.txt).,ACTIVE_DETERMINISTIC_UNIT_INTERPRETATION,Raw numeric value is never replaced. Stale source/version/key/value mismatches must fail or quarantine.
EPA_TESTCAR_2014_PRESENT,5E8E150CD53494059FF81554632CDDB4A74B857E5E7F24566BE8EC92FDA1F507,EPA-TESTCAR-ROW-19498,EPA-LEGACY-ROW-15566,RND_ADJ_FE,26.2,kWh/100mi,,Approved as kWh/100mi unit interpretation; raw number preserved. Legacy comment saying kWh/km was incorrect.,Legacy helper algebra; explicit FuelEconomy KW-HR/100Miles metadata; EPA EV methodology (https://www.epa.gov/greenvehicles/fuel-economy-and-ev-range-testing; https://www.epa.gov/fueleconomy/text-version-electric-vehicle-label; https://nepis.epa.gov/Exe/ZyPURL.cgi?Dockey=P101698T.txt).,ACTIVE_DETERMINISTIC_UNIT_INTERPRETATION,Raw numeric value is never replaced. Stale source/version/key/value mismatches must fail or quarantine.
EPA_TESTCAR_2014_PRESENT,5E8E150CD53494059FF81554632CDDB4A74B857E5E7F24566BE8EC92FDA1F507,EPA-TESTCAR-ROW-19499,EPA-LEGACY-ROW-15567,RND_ADJ_FE,19.7,kWh/100mi,,Approved as kWh/100mi unit interpretation; raw number preserved. Legacy comment saying kWh/km was incorrect.,Legacy helper algebra; explicit FuelEconomy KW-HR/100Miles metadata; EPA EV methodology (https://www.epa.gov/greenvehicles/fuel-economy-and-ev-range-testing; https://www.epa.gov/fueleconomy/text-version-electric-vehicle-label; https://nepis.epa.gov/Exe/ZyPURL.cgi?Dockey=P101698T.txt).,ACTIVE_DETERMINISTIC_UNIT_INTERPRETATION,Raw numeric value is never replaced. Stale source/version/key/value mismatches must fail or quarantine.
EPA_TESTCAR_2014_PRESENT,5E8E150CD53494059FF81554632CDDB4A74B857E5E7F24566BE8EC92FDA1F507,EPA-TESTCAR-ROW-19500,EPA-LEGACY-ROW-15568,RND_ADJ_FE,24.2,kWh/100mi,,Approved as kWh/100mi unit interpretation; raw number preserved. Legacy comment saying kWh/km was incorrect.,Legacy helper algebra; explicit FuelEconomy KW-HR/100Miles metadata; EPA EV methodology (https://www.epa.gov/greenvehicles/fuel-economy-and-ev-range-testing; https://www.epa.gov/fueleconomy/text-version-electric-vehicle-label; https://nepis.epa.gov/Exe/ZyPURL.cgi?Dockey=P101698T.txt).,ACTIVE_DETERMINISTIC_UNIT_INTERPRETATION,Raw numeric value is never replaced. Stale source/version/key/value mismatches must fail or quarantine.
EPA_TESTCAR_2014_PRESENT,5E8E150CD53494059FF81554632CDDB4A74B857E5E7F24566BE8EC92FDA1F507,EPA-TESTCAR-ROW-19501,EPA-LEGACY-ROW-15569,RND_ADJ_FE,17.1,kWh/100mi,,Approved as kWh/100mi unit interpretation; raw number preserved. Legacy comment saying kWh/km was incorrect.,Legacy helper algebra; explicit FuelEconomy KW-HR/100Miles metadata; EPA EV methodology (https://www.epa.gov/greenvehicles/fuel-economy-and-ev-range-testing; https://www.epa.gov/fueleconomy/text-version-electric-vehicle-label; https://nepis.epa.gov/Exe/ZyPURL.cgi?Dockey=P101698T.txt).,ACTIVE_DETERMINISTIC_UNIT_INTERPRETATION,Raw numeric value is never replaced. Stale source/version/key/value mismatches must fail or quarantine.
EPA_TESTCAR_2014_PRESENT,5E8E150CD53494059FF81554632CDDB4A74B857E5E7F24566BE8EC92FDA1F507,EPA-TESTCAR-ROW-19502,EPA-LEGACY-ROW-15570,RND_ADJ_FE,22.7,kWh/100mi,,Approved as kWh/100mi unit interpretation; raw number preserved. Legacy comment saying kWh/km was incorrect.,Legacy helper algebra; explicit FuelEconomy KW-HR/100Miles metadata; EPA EV methodology (https://www.epa.gov/greenvehicles/fuel-economy-and-ev-range-testing; https://www.epa.gov/fueleconomy/text-version-electric-vehicle-label; https://nepis.epa.gov/Exe/ZyPURL.cgi?Dockey=P101698T.txt).,ACTIVE_DETERMINISTIC_UNIT_INTERPRETATION,Raw numeric value is never replaced. Stale source/version/key/value mismatches must fail or quarantine.
EPA_TESTCAR_2014_PRESENT,5E8E150CD53494059FF81554632CDDB4A74B857E5E7F24566BE8EC92FDA1F507,EPA-TESTCAR-ROW-19503,EPA-LEGACY-ROW-15571,RND_ADJ_FE,17.1,kWh/100mi,,Approved as kWh/100mi unit interpretation; raw number preserved. Legacy comment saying kWh/km was incorrect.,Legacy helper algebra; explicit FuelEconomy KW-HR/100Miles metadata; EPA EV methodology (https://www.epa.gov/greenvehicles/fuel-economy-and-ev-range-testing; https://www.epa.gov/fueleconomy/text-version-electric-vehicle-label; https://nepis.epa.gov/Exe/ZyPURL.cgi?Dockey=P101698T.txt).,ACTIVE_DETERMINISTIC_UNIT_INTERPRETATION,Raw numeric value is never replaced. Stale source/version/key/value mismatches must fail or quarantine.
EPA_TESTCAR_2014_PRESENT,5E8E150CD53494059FF81554632CDDB4A74B857E5E7F24566BE8EC92FDA1F507,EPA-TESTCAR-ROW-19504,EPA-LEGACY-ROW-15572,RND_ADJ_FE,23.2,kWh/100mi,,Approved as kWh/100mi unit interpretation; raw number preserved. Legacy comment saying kWh/km was incorrect.,Legacy helper algebra; explicit FuelEconomy KW-HR/100Miles metadata; EPA EV methodology (https://www.epa.gov/greenvehicles/fuel-economy-and-ev-range-testing; https://www.epa.gov/fueleconomy/text-version-electric-vehicle-label; https://nepis.epa.gov/Exe/ZyPURL.cgi?Dockey=P101698T.txt).,ACTIVE_DETERMINISTIC_UNIT_INTERPRETATION,Raw numeric value is never replaced. Stale source/version/key/value mismatches must fail or quarantine.
EPA_TESTCAR_2014_PRESENT,5E8E150CD53494059FF81554632CDDB4A74B857E5E7F24566BE8EC92FDA1F507,EPA-TESTCAR-ROW-19559,EPA-LEGACY-ROW-15627,RND_ADJ_FE,19.2,kWh/100mi,,Approved as kWh/100mi unit interpretation; raw number preserved. Legacy comment saying kWh/km was incorrect.,Legacy helper algebra; explicit FuelEconomy KW-HR/100Miles metadata; EPA EV methodology (https://www.epa.gov/greenvehicles/fuel-economy-and-ev-range-testing; https://www.epa.gov/fueleconomy/text-version-electric-vehicle-label; https://nepis.epa.gov/Exe/ZyPURL.cgi?Dockey=P101698T.txt).,ACTIVE_DETERMINISTIC_UNIT_INTERPRETATION,Raw numeric value is never replaced. Stale source/version/key/value mismatches must fail or quarantine.
EPA_TESTCAR_2014_PRESENT,5E8E150CD53494059FF81554632CDDB4A74B857E5E7F24566BE8EC92FDA1F507,EPA-TESTCAR-ROW-19560,EPA-LEGACY-ROW-15628,RND_ADJ_FE,23.3,kWh/100mi,,Approved as kWh/100mi unit interpretation; raw number preserved. Legacy comment saying kWh/km was incorrect.,Legacy helper algebra; explicit FuelEconomy KW-HR/100Miles metadata; EPA EV methodology (https://www.epa.gov/greenvehicles/fuel-economy-and-ev-range-testing; https://www.epa.gov/fueleconomy/text-version-electric-vehicle-label; https://nepis.epa.gov/Exe/ZyPURL.cgi?Dockey=P101698T.txt).,ACTIVE_DETERMINISTIC_UNIT_INTERPRETATION,Raw numeric value is never replaced. Stale source/version/key/value mismatches must fail or quarantine.
EPA_TESTCAR_2014_PRESENT,5E8E150CD53494059FF81554632CDDB4A74B857E5E7F24566BE8EC92FDA1F507,EPA-TESTCAR-ROW-19881,EPA-LEGACY-ROW-15949,RND_ADJ_FE,38.1,kWh/100mi,,Approved as kWh/100mi unit interpretation; raw number preserved. Legacy comment saying kWh/km was incorrect.,Legacy helper algebra; explicit FuelEconomy KW-HR/100Miles metadata; EPA EV methodology (https://www.epa.gov/greenvehicles/fuel-economy-and-ev-range-testing; https://www.epa.gov/fueleconomy/text-version-electric-vehicle-label; https://nepis.epa.gov/Exe/ZyPURL.cgi?Dockey=P101698T.txt).,ACTIVE_DETERMINISTIC_UNIT_INTERPRETATION,Raw numeric value is never replaced. Stale source/version/key/value mismatches must fail or quarantine.
EPA_TESTCAR_2014_PRESENT,5E8E150CD53494059FF81554632CDDB4A74B857E5E7F24566BE8EC92FDA1F507,EPA-TESTCAR-ROW-20380,EPA-LEGACY-ROW-16448,RND_ADJ_FE,33.2,kWh/100mi,,Approved as kWh/100mi unit interpretation; raw number preserved. Legacy comment saying kWh/km was incorrect.,Legacy helper algebra; explicit FuelEconomy KW-HR/100Miles metadata; EPA EV methodology (https://www.epa.gov/greenvehicles/fuel-economy-and-ev-range-testing; https://www.epa.gov/fueleconomy/text-version-electric-vehicle-label; https://nepis.epa.gov/Exe/ZyPURL.cgi?Dockey=P101698T.txt).,ACTIVE_DETERMINISTIC_UNIT_INTERPRETATION,Raw numeric value is never replaced. Stale source/version/key/value mismatches must fail or quarantine.
EPA_TESTCAR_2014_PRESENT,5E8E150CD53494059FF81554632CDDB4A74B857E5E7F24566BE8EC92FDA1F507,EPA-TESTCAR-ROW-20381,EPA-LEGACY-ROW-16449,RND_ADJ_FE,29.8,kWh/100mi,,Approved as kWh/100mi unit interpretation; raw number preserved. Legacy comment saying kWh/km was incorrect.,Legacy helper algebra; explicit FuelEconomy KW-HR/100Miles metadata; EPA EV methodology (https://www.epa.gov/greenvehicles/fuel-economy-and-ev-range-testing; https://www.epa.gov/fueleconomy/text-version-electric-vehicle-label; https://nepis.epa.gov/Exe/ZyPURL.cgi?Dockey=P101698T.txt).,ACTIVE_DETERMINISTIC_UNIT_INTERPRETATION,Raw numeric value is never replaced. Stale source/version/key/value mismatches must fail or quarantine.
EPA_TESTCAR_2014_PRESENT,5E8E150CD53494059FF81554632CDDB4A74B857E5E7F24566BE8EC92FDA1F507,EPA-TESTCAR-ROW-20382,EPA-LEGACY-ROW-16450,RND_ADJ_FE,37.9,kWh/100mi,,Approved as kWh/100mi unit interpretation; raw number preserved. Legacy comment saying kWh/km was incorrect.,Legacy helper algebra; explicit FuelEconomy KW-HR/100Miles metadata; EPA EV methodology (https://www.epa.gov/greenvehicles/fuel-economy-and-ev-range-testing; https://www.epa.gov/fueleconomy/text-version-electric-vehicle-label; https://nepis.epa.gov/Exe/ZyPURL.cgi?Dockey=P101698T.txt).,ACTIVE_DETERMINISTIC_UNIT_INTERPRETATION,Raw numeric value is never replaced. Stale source/version/key/value mismatches must fail or quarantine.
EPA_TESTCAR_2014_PRESENT,5E8E150CD53494059FF81554632CDDB4A74B857E5E7F24566BE8EC92FDA1F507,EPA-TESTCAR-ROW-20383,EPA-LEGACY-ROW-16451,RND_ADJ_FE,33.9,kWh/100mi,,Approved as kWh/100mi unit interpretation; raw number preserved. Legacy comment saying kWh/km was incorrect.,Legacy helper algebra; explicit FuelEconomy KW-HR/100Miles metadata; EPA EV methodology (https://www.epa.gov/greenvehicles/fuel-economy-and-ev-range-testing; https://www.epa.gov/fueleconomy/text-version-electric-vehicle-label; https://nepis.epa.gov/Exe/ZyPURL.cgi?Dockey=P101698T.txt).,ACTIVE_DETERMINISTIC_UNIT_INTERPRETATION,Raw numeric value is never replaced. Stale source/version/key/value mismatches must fail or quarantine.
EPA_TESTCAR_2014_PRESENT,5E8E150CD53494059FF81554632CDDB4A74B857E5E7F24566BE8EC92FDA1F507,EPA-TESTCAR-ROW-20384,EPA-LEGACY-ROW-16452,RND_ADJ_FE,34.5,kWh/100mi,,Approved as kWh/100mi unit interpretation; raw number preserved. Legacy comment saying kWh/km was incorrect.,Legacy helper algebra; explicit FuelEconomy KW-HR/100Miles metadata; EPA EV methodology (https://www.epa.gov/greenvehicles/fuel-economy-and-ev-range-testing; https://www.epa.gov/fueleconomy/text-version-electric-vehicle-label; https://nepis.epa.gov/Exe/ZyPURL.cgi?Dockey=P101698T.txt).,ACTIVE_DETERMINISTIC_UNIT_INTERPRETATION,Raw numeric value is never replaced. Stale source/version/key/value mismatches must fail or quarantine.
EPA_TESTCAR_2014_PRESENT,5E8E150CD53494059FF81554632CDDB4A74B857E5E7F24566BE8EC92FDA1F507,EPA-TESTCAR-ROW-20385,EPA-LEGACY-ROW-16453,RND_ADJ_FE,30.4,kWh/100mi,,Approved as kWh/100mi unit interpretation; raw number preserved. Legacy comment saying kWh/km was incorrect.,Legacy helper algebra; explicit FuelEconomy KW-HR/100Miles metadata; EPA EV methodology (https://www.epa.gov/greenvehicles/fuel-economy-and-ev-range-testing; https://www.epa.gov/fueleconomy/text-version-electric-vehicle-label; https://nepis.epa.gov/Exe/ZyPURL.cgi?Dockey=P101698T.txt).,ACTIVE_DETERMINISTIC_UNIT_INTERPRETATION,Raw numeric value is never replaced. Stale source/version/key/value mismatches must fail or quarantine.
EPA_TESTCAR_2014_PRESENT,5E8E150CD53494059FF81554632CDDB4A74B857E5E7F24566BE8EC92FDA1F507,EPA-TESTCAR-ROW-20386,EPA-LEGACY-ROW-16454,RND_ADJ_FE,33.9,kWh/100mi,,Approved as kWh/100mi unit interpretation; raw number preserved. Legacy comment saying kWh/km was incorrect.,Legacy helper algebra; explicit FuelEconomy KW-HR/100Miles metadata; EPA EV methodology (https://www.epa.gov/greenvehicles/fuel-economy-and-ev-range-testing; https://www.epa.gov/fueleconomy/text-version-electric-vehicle-label; https://nepis.epa.gov/Exe/ZyPURL.cgi?Dockey=P101698T.txt).,ACTIVE_DETERMINISTIC_UNIT_INTERPRETATION,Raw numeric value is never replaced. Stale source/version/key/value mismatches must fail or quarantine.
EPA_TESTCAR_2014_PRESENT,5E8E150CD53494059FF81554632CDDB4A74B857E5E7F24566BE8EC92FDA1F507,EPA-TESTCAR-ROW-20387,EPA-LEGACY-ROW-16455,RND_ADJ_FE,29.4,kWh/100mi,,Approved as kWh/100mi unit interpretation; raw number preserved. Legacy comment saying kWh/km was incorrect.,Legacy helper algebra; explicit FuelEconomy KW-HR/100Miles metadata; EPA EV methodology (https://www.epa.gov/greenvehicles/fuel-economy-and-ev-range-testing; https://www.epa.gov/fueleconomy/text-version-electric-vehicle-label; https://nepis.epa.gov/Exe/ZyPURL.cgi?Dockey=P101698T.txt).,ACTIVE_DETERMINISTIC_UNIT_INTERPRETATION,Raw numeric value is never replaced. Stale source/version/key/value mismatches must fail or quarantine.
EPA_TESTCAR_2014_PRESENT,5E8E150CD53494059FF81554632CDDB4A74B857E5E7F24566BE8EC92FDA1F507,EPA-TESTCAR-ROW-20505,EPA-LEGACY-ROW-16573,RND_ADJ_FE,25,kWh/100mi,,Approved as kWh/100mi unit interpretation; raw number preserved. Legacy comment saying kWh/km was incorrect.,Legacy helper algebra; explicit FuelEconomy KW-HR/100Miles metadata; EPA EV methodology (https://www.epa.gov/greenvehicles/fuel-economy-and-ev-range-testing; https://www.epa.gov/fueleconomy/text-version-electric-vehicle-label; https://nepis.epa.gov/Exe/ZyPURL.cgi?Dockey=P101698T.txt).,ACTIVE_DETERMINISTIC_UNIT_INTERPRETATION,Raw numeric value is never replaced. Stale source/version/key/value mismatches must fail or quarantine.
EPA_TESTCAR_2014_PRESENT,5E8E150CD53494059FF81554632CDDB4A74B857E5E7F24566BE8EC92FDA1F507,EPA-TESTCAR-ROW-20511,EPA-LEGACY-ROW-16579,RND_ADJ_FE,27.4,kWh/100mi,,Approved as kWh/100mi unit interpretation; raw number preserved. Legacy comment saying kWh/km was incorrect.,Legacy helper algebra; explicit FuelEconomy KW-HR/100Miles metadata; EPA EV methodology (https://www.epa.gov/greenvehicles/fuel-economy-and-ev-range-testing; https://www.epa.gov/fueleconomy/text-version-electric-vehicle-label; https://nepis.epa.gov/Exe/ZyPURL.cgi?Dockey=P101698T.txt).,ACTIVE_DETERMINISTIC_UNIT_INTERPRETATION,Raw numeric value is never replaced. Stale source/version/key/value mismatches must fail or quarantine.
EPA_TESTCAR_2014_PRESENT,5E8E150CD53494059FF81554632CDDB4A74B857E5E7F24566BE8EC92FDA1F507,EPA-TESTCAR-ROW-20517,EPA-LEGACY-ROW-16585,RND_ADJ_FE,25.6,kWh/100mi,,Approved as kWh/100mi unit interpretation; raw number preserved. Legacy comment saying kWh/km was incorrect.,Legacy helper algebra; explicit FuelEconomy KW-HR/100Miles metadata; EPA EV methodology (https://www.epa.gov/greenvehicles/fuel-economy-and-ev-range-testing; https://www.epa.gov/fueleconomy/text-version-electric-vehicle-label; https://nepis.epa.gov/Exe/ZyPURL.cgi?Dockey=P101698T.txt).,ACTIVE_DETERMINISTIC_UNIT_INTERPRETATION,Raw numeric value is never replaced. Stale source/version/key/value mismatches must fail or quarantine.
EPA_TESTCAR_2014_PRESENT,5E8E150CD53494059FF81554632CDDB4A74B857E5E7F24566BE8EC92FDA1F507,EPA-TESTCAR-ROW-20533,EPA-LEGACY-ROW-16601,RND_ADJ_FE,28.8,kWh/100mi,,Approved as kWh/100mi unit interpretation; raw number preserved. Legacy comment saying kWh/km was incorrect.,Legacy helper algebra; explicit FuelEconomy KW-HR/100Miles metadata; EPA EV methodology (https://www.epa.gov/greenvehicles/fuel-economy-and-ev-range-testing; https://www.epa.gov/fueleconomy/text-version-electric-vehicle-label; https://nepis.epa.gov/Exe/ZyPURL.cgi?Dockey=P101698T.txt).,ACTIVE_DETERMINISTIC_UNIT_INTERPRETATION,Raw numeric value is never replaced. Stale source/version/key/value mismatches must fail or quarantine.
EPA_TESTCAR_2014_PRESENT,5E8E150CD53494059FF81554632CDDB4A74B857E5E7F24566BE8EC92FDA1F507,EPA-TESTCAR-ROW-20541,EPA-LEGACY-ROW-16609,RND_ADJ_FE,34.6,kWh/100mi,,Approved as kWh/100mi unit interpretation; raw number preserved. Legacy comment saying kWh/km was incorrect.,Legacy helper algebra; explicit FuelEconomy KW-HR/100Miles metadata; EPA EV methodology (https://www.epa.gov/greenvehicles/fuel-economy-and-ev-range-testing; https://www.epa.gov/fueleconomy/text-version-electric-vehicle-label; https://nepis.epa.gov/Exe/ZyPURL.cgi?Dockey=P101698T.txt).,ACTIVE_DETERMINISTIC_UNIT_INTERPRETATION,Raw numeric value is never replaced. Stale source/version/key/value mismatches must fail or quarantine.
EPA_TESTCAR_2014_PRESENT,5E8E150CD53494059FF81554632CDDB4A74B857E5E7F24566BE8EC92FDA1F507,EPA-TESTCAR-ROW-20550,EPA-LEGACY-ROW-16618,RND_ADJ_FE,27.9,kWh/100mi,,Approved as kWh/100mi unit interpretation; raw number preserved. Legacy comment saying kWh/km was incorrect.,Legacy helper algebra; explicit FuelEconomy KW-HR/100Miles metadata; EPA EV methodology (https://www.epa.gov/greenvehicles/fuel-economy-and-ev-range-testing; https://www.epa.gov/fueleconomy/text-version-electric-vehicle-label; https://nepis.epa.gov/Exe/ZyPURL.cgi?Dockey=P101698T.txt).,ACTIVE_DETERMINISTIC_UNIT_INTERPRETATION,Raw numeric value is never replaced. Stale source/version/key/value mismatches must fail or quarantine.
EPA_TESTCAR_2014_PRESENT,5E8E150CD53494059FF81554632CDDB4A74B857E5E7F24566BE8EC92FDA1F507,EPA-TESTCAR-ROW-20557,EPA-LEGACY-ROW-16625,RND_ADJ_FE,24,kWh/100mi,,Approved as kWh/100mi unit interpretation; raw number preserved. Legacy comment saying kWh/km was incorrect.,Legacy helper algebra; explicit FuelEconomy KW-HR/100Miles metadata; EPA EV methodology (https://www.epa.gov/greenvehicles/fuel-economy-and-ev-range-testing; https://www.epa.gov/fueleconomy/text-version-electric-vehicle-label; https://nepis.epa.gov/Exe/ZyPURL.cgi?Dockey=P101698T.txt).,ACTIVE_DETERMINISTIC_UNIT_INTERPRETATION,Raw numeric value is never replaced. Stale source/version/key/value mismatches must fail or quarantine.
EPA_TESTCAR_2014_PRESENT,5E8E150CD53494059FF81554632CDDB4A74B857E5E7F24566BE8EC92FDA1F507,EPA-TESTCAR-ROW-22534,EPA-LEGACY-ROW-18602,RND_ADJ_FE,26.2,kWh/100mi,,Approved as kWh/100mi unit interpretation; raw number preserved. Legacy comment saying kWh/km was incorrect.,Legacy helper algebra; explicit FuelEconomy KW-HR/100Miles metadata; EPA EV methodology (https://www.epa.gov/greenvehicles/fuel-economy-and-ev-range-testing; https://www.epa.gov/fueleconomy/text-version-electric-vehicle-label; https://nepis.epa.gov/Exe/ZyPURL.cgi?Dockey=P101698T.txt).,ACTIVE_DETERMINISTIC_UNIT_INTERPRETATION,Raw numeric value is never replaced. Stale source/version/key/value mismatches must fail or quarantine.
EPA_TESTCAR_2014_PRESENT,5E8E150CD53494059FF81554632CDDB4A74B857E5E7F24566BE8EC92FDA1F507,EPA-TESTCAR-ROW-22535,EPA-LEGACY-ROW-18603,RND_ADJ_FE,30.5,kWh/100mi,,Approved as kWh/100mi unit interpretation; raw number preserved. Legacy comment saying kWh/km was incorrect.,Legacy helper algebra; explicit FuelEconomy KW-HR/100Miles metadata; EPA EV methodology (https://www.epa.gov/greenvehicles/fuel-economy-and-ev-range-testing; https://www.epa.gov/fueleconomy/text-version-electric-vehicle-label; https://nepis.epa.gov/Exe/ZyPURL.cgi?Dockey=P101698T.txt).,ACTIVE_DETERMINISTIC_UNIT_INTERPRETATION,Raw numeric value is never replaced. Stale source/version/key/value mismatches must fail or quarantine.
EPA_TESTCAR_2014_PRESENT,5E8E150CD53494059FF81554632CDDB4A74B857E5E7F24566BE8EC92FDA1F507,EPA-TESTCAR-ROW-23538,EPA-LEGACY-ROW-19606,RND_ADJ_FE,16.3,kWh/100mi,,Approved as kWh/100mi unit interpretation; raw number preserved. Legacy comment saying kWh/km was incorrect.,Legacy helper algebra; explicit FuelEconomy KW-HR/100Miles metadata; EPA EV methodology (https://www.epa.gov/greenvehicles/fuel-economy-and-ev-range-testing; https://www.epa.gov/fueleconomy/text-version-electric-vehicle-label; https://nepis.epa.gov/Exe/ZyPURL.cgi?Dockey=P101698T.txt).,ACTIVE_DETERMINISTIC_UNIT_INTERPRETATION,Raw numeric value is never replaced. Stale source/version/key/value mismatches must fail or quarantine.
EPA_TESTCAR_2014_PRESENT,5E8E150CD53494059FF81554632CDDB4A74B857E5E7F24566BE8EC92FDA1F507,EPA-TESTCAR-ROW-23539,EPA-LEGACY-ROW-19607,RND_ADJ_FE,19.6,kWh/100mi,,Approved as kWh/100mi unit interpretation; raw number preserved. Legacy comment saying kWh/km was incorrect.,Legacy helper algebra; explicit FuelEconomy KW-HR/100Miles metadata; EPA EV methodology (https://www.epa.gov/greenvehicles/fuel-economy-and-ev-range-testing; https://www.epa.gov/fueleconomy/text-version-electric-vehicle-label; https://nepis.epa.gov/Exe/ZyPURL.cgi?Dockey=P101698T.txt).,ACTIVE_DETERMINISTIC_UNIT_INTERPRETATION,Raw numeric value is never replaced. Stale source/version/key/value mismatches must fail or quarantine.
EPA_TESTCAR_2014_PRESENT,5E8E150CD53494059FF81554632CDDB4A74B857E5E7F24566BE8EC92FDA1F507,EPA-TESTCAR-ROW-23567,EPA-LEGACY-ROW-19635,RND_ADJ_FE,17.2,kWh/100mi,,Approved as kWh/100mi unit interpretation; raw number preserved. Legacy comment saying kWh/km was incorrect.,Legacy helper algebra; explicit FuelEconomy KW-HR/100Miles metadata; EPA EV methodology (https://www.epa.gov/greenvehicles/fuel-economy-and-ev-range-testing; https://www.epa.gov/fueleconomy/text-version-electric-vehicle-label; https://nepis.epa.gov/Exe/ZyPURL.cgi?Dockey=P101698T.txt).,ACTIVE_DETERMINISTIC_UNIT_INTERPRETATION,Raw numeric value is never replaced. Stale source/version/key/value mismatches must fail or quarantine.
EPA_TESTCAR_2014_PRESENT,5E8E150CD53494059FF81554632CDDB4A74B857E5E7F24566BE8EC92FDA1F507,EPA-TESTCAR-ROW-23568,EPA-LEGACY-ROW-19636,RND_ADJ_FE,21.7,kWh/100mi,,Approved as kWh/100mi unit interpretation; raw number preserved. Legacy comment saying kWh/km was incorrect.,Legacy helper algebra; explicit FuelEconomy KW-HR/100Miles metadata; EPA EV methodology (https://www.epa.gov/greenvehicles/fuel-economy-and-ev-range-testing; https://www.epa.gov/fueleconomy/text-version-electric-vehicle-label; https://nepis.epa.gov/Exe/ZyPURL.cgi?Dockey=P101698T.txt).,ACTIVE_DETERMINISTIC_UNIT_INTERPRETATION,Raw numeric value is never replaced. Stale source/version/key/value mismatches must fail or quarantine.
EPA_TESTCAR_2014_PRESENT,5E8E150CD53494059FF81554632CDDB4A74B857E5E7F24566BE8EC92FDA1F507,EPA-TESTCAR-ROW-23875,EPA-LEGACY-ROW-19943,RND_ADJ_FE,19.2,kWh/100mi,,Approved as kWh/100mi unit interpretation; raw number preserved. Legacy comment saying kWh/km was incorrect.,Legacy helper algebra; explicit FuelEconomy KW-HR/100Miles metadata; EPA EV methodology (https://www.epa.gov/greenvehicles/fuel-economy-and-ev-range-testing; https://www.epa.gov/fueleconomy/text-version-electric-vehicle-label; https://nepis.epa.gov/Exe/ZyPURL.cgi?Dockey=P101698T.txt).,ACTIVE_DETERMINISTIC_UNIT_INTERPRETATION,Raw numeric value is never replaced. Stale source/version/key/value mismatches must fail or quarantine.
EPA_TESTCAR_2014_PRESENT,5E8E150CD53494059FF81554632CDDB4A74B857E5E7F24566BE8EC92FDA1F507,EPA-TESTCAR-ROW-23876,EPA-LEGACY-ROW-19944,RND_ADJ_FE,23.3,kWh/100mi,,Approved as kWh/100mi unit interpretation; raw number preserved. Legacy comment saying kWh/km was incorrect.,Legacy helper algebra; explicit FuelEconomy KW-HR/100Miles metadata; EPA EV methodology (https://www.epa.gov/greenvehicles/fuel-economy-and-ev-range-testing; https://www.epa.gov/fueleconomy/text-version-electric-vehicle-label; https://nepis.epa.gov/Exe/ZyPURL.cgi?Dockey=P101698T.txt).,ACTIVE_DETERMINISTIC_UNIT_INTERPRETATION,Raw numeric value is never replaced. Stale source/version/key/value mismatches must fail or quarantine.
EPA_TESTCAR_2014_PRESENT,5E8E150CD53494059FF81554632CDDB4A74B857E5E7F24566BE8EC92FDA1F507,EPA-TESTCAR-ROW-23941,EPA-LEGACY-ROW-20009,RND_ADJ_FE,18.2,kWh/100mi,,Approved as kWh/100mi unit interpretation; raw number preserved. Legacy comment saying kWh/km was incorrect.,Legacy helper algebra; explicit FuelEconomy KW-HR/100Miles metadata; EPA EV methodology (https://www.epa.gov/greenvehicles/fuel-economy-and-ev-range-testing; https://www.epa.gov/fueleconomy/text-version-electric-vehicle-label; https://nepis.epa.gov/Exe/ZyPURL.cgi?Dockey=P101698T.txt).,ACTIVE_DETERMINISTIC_UNIT_INTERPRETATION,Raw numeric value is never replaced. Stale source/version/key/value mismatches must fail or quarantine.
EPA_TESTCAR_2014_PRESENT,5E8E150CD53494059FF81554632CDDB4A74B857E5E7F24566BE8EC92FDA1F507,EPA-TESTCAR-ROW-23942,EPA-LEGACY-ROW-20010,RND_ADJ_FE,23.1,kWh/100mi,,Approved as kWh/100mi unit interpretation; raw number preserved. Legacy comment saying kWh/km was incorrect.,Legacy helper algebra; explicit FuelEconomy KW-HR/100Miles metadata; EPA EV methodology (https://www.epa.gov/greenvehicles/fuel-economy-and-ev-range-testing; https://www.epa.gov/fueleconomy/text-version-electric-vehicle-label; https://nepis.epa.gov/Exe/ZyPURL.cgi?Dockey=P101698T.txt).,ACTIVE_DETERMINISTIC_UNIT_INTERPRETATION,Raw numeric value is never replaced. Stale source/version/key/value mismatches must fail or quarantine.
EPA_TESTCAR_2014_PRESENT,5E8E150CD53494059FF81554632CDDB4A74B857E5E7F24566BE8EC92FDA1F507,EPA-TESTCAR-ROW-24776,EPA-LEGACY-ROW-20844,RND_ADJ_FE,27.4,kWh/100mi,,Approved as kWh/100mi unit interpretation; raw number preserved. Legacy comment saying kWh/km was incorrect.,Legacy helper algebra; explicit FuelEconomy KW-HR/100Miles metadata; EPA EV methodology (https://www.epa.gov/greenvehicles/fuel-economy-and-ev-range-testing; https://www.epa.gov/fueleconomy/text-version-electric-vehicle-label; https://nepis.epa.gov/Exe/ZyPURL.cgi?Dockey=P101698T.txt).,ACTIVE_DETERMINISTIC_UNIT_INTERPRETATION,Raw numeric value is never replaced. Stale source/version/key/value mismatches must fail or quarantine.
EPA_TESTCAR_2014_PRESENT,5E8E150CD53494059FF81554632CDDB4A74B857E5E7F24566BE8EC92FDA1F507,EPA-TESTCAR-ROW-24784,EPA-LEGACY-ROW-20852,RND_ADJ_FE,25.6,kWh/100mi,,Approved as kWh/100mi unit interpretation; raw number preserved. Legacy comment saying kWh/km was incorrect.,Legacy helper algebra; explicit FuelEconomy KW-HR/100Miles metadata; EPA EV methodology (https://www.epa.gov/greenvehicles/fuel-economy-and-ev-range-testing; https://www.epa.gov/fueleconomy/text-version-electric-vehicle-label; https://nepis.epa.gov/Exe/ZyPURL.cgi?Dockey=P101698T.txt).,ACTIVE_DETERMINISTIC_UNIT_INTERPRETATION,Raw numeric value is never replaced. Stale source/version/key/value mismatches must fail or quarantine.
EPA_TESTCAR_2014_PRESENT,5E8E150CD53494059FF81554632CDDB4A74B857E5E7F24566BE8EC92FDA1F507,EPA-TESTCAR-ROW-24798,EPA-LEGACY-ROW-20866,RND_ADJ_FE,32.9,kWh/100mi,,Approved as kWh/100mi unit interpretation; raw number preserved. Legacy comment saying kWh/km was incorrect.,Legacy helper algebra; explicit FuelEconomy KW-HR/100Miles metadata; EPA EV methodology (https://www.epa.gov/greenvehicles/fuel-economy-and-ev-range-testing; https://www.epa.gov/fueleconomy/text-version-electric-vehicle-label; https://nepis.epa.gov/Exe/ZyPURL.cgi?Dockey=P101698T.txt).,ACTIVE_DETERMINISTIC_UNIT_INTERPRETATION,Raw numeric value is never replaced. Stale source/version/key/value mismatches must fail or quarantine.
EPA_TESTCAR_2014_PRESENT,5E8E150CD53494059FF81554632CDDB4A74B857E5E7F24566BE8EC92FDA1F507,EPA-TESTCAR-ROW-24812,EPA-LEGACY-ROW-20880,RND_ADJ_FE,28.8,kWh/100mi,,Approved as kWh/100mi unit interpretation; raw number preserved. Legacy comment saying kWh/km was incorrect.,Legacy helper algebra; explicit FuelEconomy KW-HR/100Miles metadata; EPA EV methodology (https://www.epa.gov/greenvehicles/fuel-economy-and-ev-range-testing; https://www.epa.gov/fueleconomy/text-version-electric-vehicle-label; https://nepis.epa.gov/Exe/ZyPURL.cgi?Dockey=P101698T.txt).,ACTIVE_DETERMINISTIC_UNIT_INTERPRETATION,Raw numeric value is never replaced. Stale source/version/key/value mismatches must fail or quarantine.
EPA_TESTCAR_2014_PRESENT,5E8E150CD53494059FF81554632CDDB4A74B857E5E7F24566BE8EC92FDA1F507,EPA-TESTCAR-ROW-24819,EPA-LEGACY-ROW-20887,RND_ADJ_FE,30,kWh/100mi,,Approved as kWh/100mi unit interpretation; raw number preserved. Legacy comment saying kWh/km was incorrect.,Legacy helper algebra; explicit FuelEconomy KW-HR/100Miles metadata; EPA EV methodology (https://www.epa.gov/greenvehicles/fuel-economy-and-ev-range-testing; https://www.epa.gov/fueleconomy/text-version-electric-vehicle-label; https://nepis.epa.gov/Exe/ZyPURL.cgi?Dockey=P101698T.txt).,ACTIVE_DETERMINISTIC_UNIT_INTERPRETATION,Raw numeric value is never replaced. Stale source/version/key/value mismatches must fail or quarantine.
EPA_TESTCAR_2014_PRESENT,5E8E150CD53494059FF81554632CDDB4A74B857E5E7F24566BE8EC92FDA1F507,EPA-TESTCAR-ROW-24825,EPA-LEGACY-ROW-20893,RND_ADJ_FE,35.8,kWh/100mi,,Approved as kWh/100mi unit interpretation; raw number preserved. Legacy comment saying kWh/km was incorrect.,Legacy helper algebra; explicit FuelEconomy KW-HR/100Miles metadata; EPA EV methodology (https://www.epa.gov/greenvehicles/fuel-economy-and-ev-range-testing; https://www.epa.gov/fueleconomy/text-version-electric-vehicle-label; https://nepis.epa.gov/Exe/ZyPURL.cgi?Dockey=P101698T.txt).,ACTIVE_DETERMINISTIC_UNIT_INTERPRETATION,Raw numeric value is never replaced. Stale source/version/key/value mismatches must fail or quarantine.
EPA_TESTCAR_2014_PRESENT,5E8E150CD53494059FF81554632CDDB4A74B857E5E7F24566BE8EC92FDA1F507,EPA-TESTCAR-ROW-24833,EPA-LEGACY-ROW-20901,RND_ADJ_FE,27.9,kWh/100mi,,Approved as kWh/100mi unit interpretation; raw number preserved. Legacy comment saying kWh/km was incorrect.,Legacy helper algebra; explicit FuelEconomy KW-HR/100Miles metadata; EPA EV methodology (https://www.epa.gov/greenvehicles/fuel-economy-and-ev-range-testing; https://www.epa.gov/fueleconomy/text-version-electric-vehicle-label; https://nepis.epa.gov/Exe/ZyPURL.cgi?Dockey=P101698T.txt).,ACTIVE_DETERMINISTIC_UNIT_INTERPRETATION,Raw numeric value is never replaced. Stale source/version/key/value mismatches must fail or quarantine.
EPA_TESTCAR_2014_PRESENT,5E8E150CD53494059FF81554632CDDB4A74B857E5E7F24566BE8EC92FDA1F507,EPA-TESTCAR-ROW-24840,EPA-LEGACY-ROW-20908,RND_ADJ_FE,24,kWh/100mi,,Approved as kWh/100mi unit interpretation; raw number preserved. Legacy comment saying kWh/km was incorrect.,Legacy helper algebra; explicit FuelEconomy KW-HR/100Miles metadata; EPA EV methodology (https://www.epa.gov/greenvehicles/fuel-economy-and-ev-range-testing; https://www.epa.gov/fueleconomy/text-version-electric-vehicle-label; https://nepis.epa.gov/Exe/ZyPURL.cgi?Dockey=P101698T.txt).,ACTIVE_DETERMINISTIC_UNIT_INTERPRETATION,Raw numeric value is never replaced. Stale source/version/key/value mismatches must fail or quarantine.
EPA_TESTCAR_2014_PRESENT,5E8E150CD53494059FF81554632CDDB4A74B857E5E7F24566BE8EC92FDA1F507,EPA-TESTCAR-ROW-27947,EPA-LEGACY-ROW-24015,RND_ADJ_FE,16.3,kWh/100mi,,Approved as kWh/100mi unit interpretation; raw number preserved. Legacy comment saying kWh/km was incorrect.,Legacy helper algebra; explicit FuelEconomy KW-HR/100Miles metadata; EPA EV methodology (https://www.epa.gov/greenvehicles/fuel-economy-and-ev-range-testing; https://www.epa.gov/fueleconomy/text-version-electric-vehicle-label; https://nepis.epa.gov/Exe/ZyPURL.cgi?Dockey=P101698T.txt).,ACTIVE_DETERMINISTIC_UNIT_INTERPRETATION,Raw numeric value is never replaced. Stale source/version/key/value mismatches must fail or quarantine.
EPA_TESTCAR_2014_PRESENT,5E8E150CD53494059FF81554632CDDB4A74B857E5E7F24566BE8EC92FDA1F507,EPA-TESTCAR-ROW-27948,EPA-LEGACY-ROW-24016,RND_ADJ_FE,19.6,kWh/100mi,,Approved as kWh/100mi unit interpretation; raw number preserved. Legacy comment saying kWh/km was incorrect.,Legacy helper algebra; explicit FuelEconomy KW-HR/100Miles metadata; EPA EV methodology (https://www.epa.gov/greenvehicles/fuel-economy-and-ev-range-testing; https://www.epa.gov/fueleconomy/text-version-electric-vehicle-label; https://nepis.epa.gov/Exe/ZyPURL.cgi?Dockey=P101698T.txt).,ACTIVE_DETERMINISTIC_UNIT_INTERPRETATION,Raw numeric value is never replaced. Stale source/version/key/value mismatches must fail or quarantine.
EPA_TESTCAR_2014_PRESENT,5E8E150CD53494059FF81554632CDDB4A74B857E5E7F24566BE8EC92FDA1F507,EPA-TESTCAR-ROW-27976,EPA-LEGACY-ROW-24044,RND_ADJ_FE,17.2,kWh/100mi,,Approved as kWh/100mi unit interpretation; raw number preserved. Legacy comment saying kWh/km was incorrect.,Legacy helper algebra; explicit FuelEconomy KW-HR/100Miles metadata; EPA EV methodology (https://www.epa.gov/greenvehicles/fuel-economy-and-ev-range-testing; https://www.epa.gov/fueleconomy/text-version-electric-vehicle-label; https://nepis.epa.gov/Exe/ZyPURL.cgi?Dockey=P101698T.txt).,ACTIVE_DETERMINISTIC_UNIT_INTERPRETATION,Raw numeric value is never replaced. Stale source/version/key/value mismatches must fail or quarantine.
EPA_TESTCAR_2014_PRESENT,5E8E150CD53494059FF81554632CDDB4A74B857E5E7F24566BE8EC92FDA1F507,EPA-TESTCAR-ROW-27977,EPA-LEGACY-ROW-24045,RND_ADJ_FE,21.7,kWh/100mi,,Approved as kWh/100mi unit interpretation; raw number preserved. Legacy comment saying kWh/km was incorrect.,Legacy helper algebra; explicit FuelEconomy KW-HR/100Miles metadata; EPA EV methodology (https://www.epa.gov/greenvehicles/fuel-economy-and-ev-range-testing; https://www.epa.gov/fueleconomy/text-version-electric-vehicle-label; https://nepis.epa.gov/Exe/ZyPURL.cgi?Dockey=P101698T.txt).,ACTIVE_DETERMINISTIC_UNIT_INTERPRETATION,Raw numeric value is never replaced. Stale source/version/key/value mismatches must fail or quarantine.
EPA_TESTCAR_2014_PRESENT,5E8E150CD53494059FF81554632CDDB4A74B857E5E7F24566BE8EC92FDA1F507,EPA-TESTCAR-ROW-28277,EPA-LEGACY-ROW-24345,RND_ADJ_FE,19.2,kWh/100mi,,Approved as kWh/100mi unit interpretation; raw number preserved. Legacy comment saying kWh/km was incorrect.,Legacy helper algebra; explicit FuelEconomy KW-HR/100Miles metadata; EPA EV methodology (https://www.epa.gov/greenvehicles/fuel-economy-and-ev-range-testing; https://www.epa.gov/fueleconomy/text-version-electric-vehicle-label; https://nepis.epa.gov/Exe/ZyPURL.cgi?Dockey=P101698T.txt).,ACTIVE_DETERMINISTIC_UNIT_INTERPRETATION,Raw numeric value is never replaced. Stale source/version/key/value mismatches must fail or quarantine.
EPA_TESTCAR_2014_PRESENT,5E8E150CD53494059FF81554632CDDB4A74B857E5E7F24566BE8EC92FDA1F507,EPA-TESTCAR-ROW-28278,EPA-LEGACY-ROW-24346,RND_ADJ_FE,23.3,kWh/100mi,,Approved as kWh/100mi unit interpretation; raw number preserved. Legacy comment saying kWh/km was incorrect.,Legacy helper algebra; explicit FuelEconomy KW-HR/100Miles metadata; EPA EV methodology (https://www.epa.gov/greenvehicles/fuel-economy-and-ev-range-testing; https://www.epa.gov/fueleconomy/text-version-electric-vehicle-label; https://nepis.epa.gov/Exe/ZyPURL.cgi?Dockey=P101698T.txt).,ACTIVE_DETERMINISTIC_UNIT_INTERPRETATION,Raw numeric value is never replaced. Stale source/version/key/value mismatches must fail or quarantine.
EPA_TESTCAR_2014_PRESENT,5E8E150CD53494059FF81554632CDDB4A74B857E5E7F24566BE8EC92FDA1F507,EPA-TESTCAR-ROW-28366,EPA-LEGACY-ROW-24434,RND_ADJ_FE,18.2,kWh/100mi,,Approved as kWh/100mi unit interpretation; raw number preserved. Legacy comment saying kWh/km was incorrect.,Legacy helper algebra; explicit FuelEconomy KW-HR/100Miles metadata; EPA EV methodology (https://www.epa.gov/greenvehicles/fuel-economy-and-ev-range-testing; https://www.epa.gov/fueleconomy/text-version-electric-vehicle-label; https://nepis.epa.gov/Exe/ZyPURL.cgi?Dockey=P101698T.txt).,ACTIVE_DETERMINISTIC_UNIT_INTERPRETATION,Raw numeric value is never replaced. Stale source/version/key/value mismatches must fail or quarantine.
EPA_TESTCAR_2014_PRESENT,5E8E150CD53494059FF81554632CDDB4A74B857E5E7F24566BE8EC92FDA1F507,EPA-TESTCAR-ROW-28367,EPA-LEGACY-ROW-24435,RND_ADJ_FE,23.1,kWh/100mi,,Approved as kWh/100mi unit interpretation; raw number preserved. Legacy comment saying kWh/km was incorrect.,Legacy helper algebra; explicit FuelEconomy KW-HR/100Miles metadata; EPA EV methodology (https://www.epa.gov/greenvehicles/fuel-economy-and-ev-range-testing; https://www.epa.gov/fueleconomy/text-version-electric-vehicle-label; https://nepis.epa.gov/Exe/ZyPURL.cgi?Dockey=P101698T.txt).,ACTIVE_DETERMINISTIC_UNIT_INTERPRETATION,Raw numeric value is never replaced. Stale source/version/key/value mismatches must fail or quarantine.
EPA_TESTCAR_2014_PRESENT,5E8E150CD53494059FF81554632CDDB4A74B857E5E7F24566BE8EC92FDA1F507,EPA-TESTCAR-ROW-29261,EPA-LEGACY-ROW-25329,RND_ADJ_FE,26.7,kWh/100mi,,Approved as kWh/100mi unit interpretation; raw number preserved. Legacy comment saying kWh/km was incorrect.,Legacy helper algebra; explicit FuelEconomy KW-HR/100Miles metadata; EPA EV methodology (https://www.epa.gov/greenvehicles/fuel-economy-and-ev-range-testing; https://www.epa.gov/fueleconomy/text-version-electric-vehicle-label; https://nepis.epa.gov/Exe/ZyPURL.cgi?Dockey=P101698T.txt).,ACTIVE_DETERMINISTIC_UNIT_INTERPRETATION,Raw numeric value is never replaced. Stale source/version/key/value mismatches must fail or quarantine.
EPA_TESTCAR_2014_PRESENT,5E8E150CD53494059FF81554632CDDB4A74B857E5E7F24566BE8EC92FDA1F507,EPA-TESTCAR-ROW-29265,EPA-LEGACY-ROW-25333,RND_ADJ_FE,26.8,kWh/100mi,,Approved as kWh/100mi unit interpretation; raw number preserved. Legacy comment saying kWh/km was incorrect.,Legacy helper algebra; explicit FuelEconomy KW-HR/100Miles metadata; EPA EV methodology (https://www.epa.gov/greenvehicles/fuel-economy-and-ev-range-testing; https://www.epa.gov/fueleconomy/text-version-electric-vehicle-label; https://nepis.epa.gov/Exe/ZyPURL.cgi?Dockey=P101698T.txt).,ACTIVE_DETERMINISTIC_UNIT_INTERPRETATION,Raw numeric value is never replaced. Stale source/version/key/value mismatches must fail or quarantine.
EPA_TESTCAR_2014_PRESENT,5E8E150CD53494059FF81554632CDDB4A74B857E5E7F24566BE8EC92FDA1F507,EPA-TESTCAR-ROW-29275,EPA-LEGACY-ROW-25343,RND_ADJ_FE,32.9,kWh/100mi,,Approved as kWh/100mi unit interpretation; raw number preserved. Legacy comment saying kWh/km was incorrect.,Legacy helper algebra; explicit FuelEconomy KW-HR/100Miles metadata; EPA EV methodology (https://www.epa.gov/greenvehicles/fuel-economy-and-ev-range-testing; https://www.epa.gov/fueleconomy/text-version-electric-vehicle-label; https://nepis.epa.gov/Exe/ZyPURL.cgi?Dockey=P101698T.txt).,ACTIVE_DETERMINISTIC_UNIT_INTERPRETATION,Raw numeric value is never replaced. Stale source/version/key/value mismatches must fail or quarantine.
EPA_TESTCAR_2014_PRESENT,5E8E150CD53494059FF81554632CDDB4A74B857E5E7F24566BE8EC92FDA1F507,EPA-TESTCAR-ROW-29283,EPA-LEGACY-ROW-25351,RND_ADJ_FE,30.8,kWh/100mi,,Approved as kWh/100mi unit interpretation; raw number preserved. Legacy comment saying kWh/km was incorrect.,Legacy helper algebra; explicit FuelEconomy KW-HR/100Miles metadata; EPA EV methodology (https://www.epa.gov/greenvehicles/fuel-economy-and-ev-range-testing; https://www.epa.gov/fueleconomy/text-version-electric-vehicle-label; https://nepis.epa.gov/Exe/ZyPURL.cgi?Dockey=P101698T.txt).,ACTIVE_DETERMINISTIC_UNIT_INTERPRETATION,Raw numeric value is never replaced. Stale source/version/key/value mismatches must fail or quarantine.
EPA_TESTCAR_2014_PRESENT,5E8E150CD53494059FF81554632CDDB4A74B857E5E7F24566BE8EC92FDA1F507,EPA-TESTCAR-ROW-29289,EPA-LEGACY-ROW-25357,RND_ADJ_FE,29.5,kWh/100mi,,Approved as kWh/100mi unit interpretation; raw number preserved. Legacy comment saying kWh/km was incorrect.,Legacy helper algebra; explicit FuelEconomy KW-HR/100Miles metadata; EPA EV methodology (https://www.epa.gov/greenvehicles/fuel-economy-and-ev-range-testing; https://www.epa.gov/fueleconomy/text-version-electric-vehicle-label; https://nepis.epa.gov/Exe/ZyPURL.cgi?Dockey=P101698T.txt).,ACTIVE_DETERMINISTIC_UNIT_INTERPRETATION,Raw numeric value is never replaced. Stale source/version/key/value mismatches must fail or quarantine.
EPA_TESTCAR_2014_PRESENT,5E8E150CD53494059FF81554632CDDB4A74B857E5E7F24566BE8EC92FDA1F507,EPA-TESTCAR-ROW-29298,EPA-LEGACY-ROW-25366,RND_ADJ_FE,37.5,kWh/100mi,,Approved as kWh/100mi unit interpretation; raw number preserved. Legacy comment saying kWh/km was incorrect.,Legacy helper algebra; explicit FuelEconomy KW-HR/100Miles metadata; EPA EV methodology (https://www.epa.gov/greenvehicles/fuel-economy-and-ev-range-testing; https://www.epa.gov/fueleconomy/text-version-electric-vehicle-label; https://nepis.epa.gov/Exe/ZyPURL.cgi?Dockey=P101698T.txt).,ACTIVE_DETERMINISTIC_UNIT_INTERPRETATION,Raw numeric value is never replaced. Stale source/version/key/value mismatches must fail or quarantine.
